image_id,image_path,s,o,r,r_inv,label,split,family,qtype,orig_text,sub_box,obj_box
8c4e736ef60aa3f9.jpg,/root/autodl-tmp/data/R-bench/validation/8c4e736ef60aa3f9.jpg,man,red hat,wearing,worn by,1,calib,non-spatial,Positive,Does the man in the image wear a red hat?,0|51|768|973,177|51|483|318
ecc1b92e865ed769.jpg,/root/autodl-tmp/data/R-bench/validation/ecc1b92e865ed769.jpg,man,two large fish,holding,held by,1,calib,non-spatial,Positive,Is the man in the image holding two large fish?,420|31|256|629,543|384|102|369
aef0a8bc66d5205d.jpg,/root/autodl-tmp/data/R-bench/validation/aef0a8bc66d5205d.jpg,people,parachute,riding,ridden by,1,eval,non-spatial,Positive,Are the people in the image riding on a parachute?,266|473|123|212,0|0|1024|411
abd556f244c58f8a.jpg,/root/autodl-tmp/data/R-bench/validation/abd556f244c58f8a.jpg,man,red paddle,playing,played by,1,calib,non-spatial,Opposite,Is the man in the image playing table tennis with a red paddle?,358|27|615|642,255|191|203|88
ac8cd22259045ec4.jpg,/root/autodl-tmp/data/R-bench/validation/ac8cd22259045ec4.jpg,people,cafe,eating,eaten by,1,eval,non-spatial,Positive,Are there people eating at the cafe?,276|317|72|209,0|7|1024|667
241fa3a6aabc7381.jpg,/root/autodl-tmp/data/R-bench/validation/241fa3a6aabc7381.jpg,sea lion,water,swimming,,1,calib,non-spatial,Positive,Is the sea lion swimming in the water?,0|176|870|374,512|6|502|544
c03e2829c1f8e983.jpg,/root/autodl-tmp/data/R-bench/validation/c03e2829c1f8e983.jpg,man,rocket,looking at,looked at by,1,calib,non-spatial,Positive,Is the man in the image looking at the rocket?,614|686|70|184,154|51|422|871
df754b5d85cef4f2.jpg,/root/autodl-tmp/data/R-bench/validation/df754b5d85cef4f2.jpg,person,car,driving,,1,eval,non-spatial,Positive,Is the person in the image driving the car?,440|171|318|410,10|20|1014|656
6bc56f8366132974.jpg,/root/autodl-tmp/data/R-bench/validation/6bc56f8366132974.jpg,pineapple,lemon,interacting with,interacted with by,1,eval,non-spatial,Opposite,Does the pineapple in the image interact with the lemon?,351|0|572|932,628|737|249|256
6ed3e3ebe9a5fde5.jpg,/root/autodl-tmp/data/R-bench/validation/6ed3e3ebe9a5fde5.jpg,woman,monitor,watching,watched by,1,calib,non-spatial,Positive,Is the woman in the image watching something on the monitor?,162|206|356|447,389|307|92|69
58798929a694cd43.jpg,/root/autodl-tmp/data/R-bench/validation/58798929a694cd43.jpg,man,blue martini,drinking,drunk by,1,calib,non-spatial,Opposite,Is the man in the image drinking a blue martini?,154|0|870|682,123|198|307|470
8617694c95033edf.jpg,/root/autodl-tmp/data/R-bench/validation/8617694c95033edf.jpg,horse,wood,carrying,carried by,1,eval,non-spatial,Opposite,Is the horse in the image carrying wood?,183|210|581|466,92|7|676|376
c020aa3c539efe6f.jpg,/root/autodl-tmp/data/R-bench/validation/c020aa3c539efe6f.jpg,man,power drill,using,used by,1,eval,non-spatial,Opposite,Does the man in the image use a power drill on a piece of wood?,41|34|287|649,236|273|122|144
333452abf04d1b2b.jpg,/root/autodl-tmp/data/R-bench/validation/333452abf04d1b2b.jpg,girl,book,reading,read by,1,calib,non-spatial,Positive,Is the girl in the image reading a book?,266|200|410|484,266|407|379|315
cc3be92a42a1ce64.jpg,/root/autodl-tmp/data/R-bench/validation/cc3be92a42a1ce64.jpg,man,clothing,wearing,worn by,0,calib,non-spatial,Positive,Is the man in the image wearing clothing?,51|31|205|655,532|133|164|256
81eab2350699a82e.jpg,/root/autodl-tmp/data/R-bench/validation/81eab2350699a82e.jpg,man,glasses,holding,held by,0,eval,non-spatial,Opposite,Is the man in the image holding his glasses?,0|31|549|993,0|31|549|993
67c9dd8871b245ae.jpg,/root/autodl-tmp/data/R-bench/validation/67c9dd8871b245ae.jpg,people,motorcycles,riding,ridden by,0,eval,non-spatial,Positive,Are there people riding motorcycles in the image?,358|225|215|431,20|321|246|307
3ecc39c24fe3d233.jpg,/root/autodl-tmp/data/R-bench/validation/3ecc39c24fe3d233.jpg,person,trumpet,playing,played by,0,calib,non-spatial,Opposite,Is the person in the image playing the trumpet?,0|240|389|446,502|226|338|172
ce05c78f65ee8ade.jpg,/root/autodl-tmp/data/R-bench/validation/ce05c78f65ee8ade.jpg,jaguar,plants,eating,eaten by,0,calib,non-spatial,Opposite,Is the jaguar eating plants in a field?,205|269|287|197,471|11|553|532
d72dd8e6f1493ac1.jpg,/root/autodl-tmp/data/R-bench/validation/d72dd8e6f1493ac1.jpg,shark,another shark,swimming,,0,eval,non-spatial,Opposite,Is the shark swimming near another shark in the image?,0|8|983|752,0|8|983|752
15e2134bf1363429.jpg,/root/autodl-tmp/data/R-bench/validation/15e2134bf1363429.jpg,person,books on the shelf,looking at,looked at by,0,calib,non-spatial,Opposite,Is the person in the image looking at books on the shelf?,430|232|143|451,0|0|471|683
9c7e9f0b7713352b.jpg,/root/autodl-tmp/data/R-bench/validation/9c7e9f0b7713352b.jpg,truck,bus,driving,,0,calib,non-spatial,Opposite,Does the truck drive behind the bus?,389|355|123|109,328|307|153|137
987f07dd15401231.jpg,/root/autodl-tmp/data/R-bench/validation/987f07dd15401231.jpg,person,trees,interacting with,interacted with by,0,eval,non-spatial,Opposite,Is the person swimming in the pool interacting with the trees?,604|502|144|35,205|17|246|404
ec724ef6386c46fd.jpg,/root/autodl-tmp/data/R-bench/validation/ec724ef6386c46fd.jpg,police officer,man adjusting the bike,watching,watched by,0,eval,non-spatial,Opposite,Is the police officer watching the man adjusting the bike?,14|61|245|748,320|72|361|952
3332995b230f5680.jpg,/root/autodl-tmp/data/R-bench/validation/3332995b230f5680.jpg,woman,icee,drinking,drunk by,0,eval,non-spatial,Opposite,Is the woman in the image drinking an Icee?,573|307|164|338,276|20|584|1004
9aef214668a40012.jpg,/root/autodl-tmp/data/R-bench/validation/9aef214668a40012.jpg,bird,snake,carrying,carried by,1,calib,non-spatial,Positive,Is the bird in the image carrying a snake?,164|20|840|973,174|522|205|226
43d3e75d8266c4b6.jpg,/root/autodl-tmp/data/R-bench/validation/43d3e75d8266c4b6.jpg,woman,camera,using,used by,1,calib,non-spatial,Positive,Is the woman in the image using the camera to take a picture of her face?,0|0|1024|768,225|261|553|307
e823885c5fe5400a.jpg,/root/autodl-tmp/data/R-bench/validation/e823885c5fe5400a.jpg,woman,book,reading,read by,1,calib,non-spatial,Positive,Is the woman in the image reading a book?,0|15|891|532,0|410|707|282
336bacff8461dbaa.jpg,/root/autodl-tmp/data/R-bench/validation/336bacff8461dbaa.jpg,woman,red swimsuit,wearing,worn by,1,eval,non-spatial,Positive,Is the woman in the image wearing a red swimsuit?,214|184|544|625,348|266|169|266
b085f6708ee5a803.jpg,/root/autodl-tmp/data/R-bench/validation/b085f6708ee5a803.jpg,man,paintball gun,holding,held by,1,eval,non-spatial,Positive,Is the man holding a paintball gun?,246|36|532|570,20|48|420|231
9981302a90bd62b1.jpg,/root/autodl-tmp/data/R-bench/validation/9981302a90bd62b1.jpg,man,segway,riding,ridden by,1,calib,non-spatial,Positive,Is the man in the image riding a segway?,451|100|163|407,379|323|256|330
0374141ebf11632e.jpg,/root/autodl-tmp/data/R-bench/validation/0374141ebf11632e.jpg,boy,instrument,playing,played by,1,eval,non-spatial,Positive,Is the boy playing an instrument?,246|14|379|618,451|109|440|462
91ec1c47d9908244.jpg,/root/autodl-tmp/data/R-bench/validation/91ec1c47d9908244.jpg,squirrel,berries,eating,eaten by,1,eval,non-spatial,Positive,Is the squirrel eating berries?,314|163|710|605,369|207|41|46
c9a9c94c00eaf042.jpg,/root/autodl-tmp/data/R-bench/validation/c9a9c94c00eaf042.jpg,fish,coral,swimming,,1,eval,non-spatial,Positive,Is the fish swimming near the coral?,157|610|312|123,0|8|1024|760
6b93600bf7b77a49.jpg,/root/autodl-tmp/data/R-bench/validation/6b93600bf7b77a49.jpg,ostrich,camera,looking at,looked at by,1,calib,non-spatial,Positive,Is the ostrich looking at the camera?,573|169|297|599,573|169|297|599
a30d03e30dca89ea.jpg,/root/autodl-tmp/data/R-bench/validation/a30d03e30dca89ea.jpg,man,pickup truck,driving,,1,calib,non-spatial,Positive,Is the man driving the pickup truck?,625|269|61|54,266|223|666|376
19682f51b9c5e5d5.jpg,/root/autodl-tmp/data/R-bench/validation/19682f51b9c5e5d5.jpg,goat,rocks,interacting with,interacted with by,0,calib,non-spatial,Opposite,Is the goat interacting with the rocks on the hillside?,328|178|399|368,123|20|92|82
9aea7f9fcea795d1.jpg,/root/autodl-tmp/data/R-bench/validation/9aea7f9fcea795d1.jpg,people,small bridge,watching,watched by,1,eval,non-spatial,Positive,Are there people watching the woman cross the small bridge?,440|355|123|286,92|246|676|436
240290e2f775af42.jpg,/root/autodl-tmp/data/R-bench/validation/240290e2f775af42.jpg,person,juice,drinking,drunk by,1,calib,non-spatial,Positive,Is the person in the image drinking juice?,10|7|1014|666,236|415|225|251
6c1175970fef91b1.jpg,/root/autodl-tmp/data/R-bench/validation/6c1175970fef91b1.jpg,truck,kayak,carrying,carried by,1,calib,non-spatial,Positive,Is the truck on the image carrying a kayak?,174|177|850|583,590|32|333|171
9d42af30c97b8e32.jpg,/root/autodl-tmp/data/R-bench/validation/9d42af30c97b8e32.jpg,woman,laptop,using,used by,1,eval,non-spatial,Positive,Is the woman using a laptop on a table in front of her?,225|138|420|615,430|338|195|138
9ae2d9c5782e3d8c.jpg,/root/autodl-tmp/data/R-bench/validation/9ae2d9c5782e3d8c.jpg,man,black coat,wearing,worn by,0,eval,non-spatial,Opposite,Is the man in the image wearing a black coat?,0|369|768|655,0|369|768|655
e5e3f9f035499de1.jpg,/root/autodl-tmp/data/R-bench/validation/e5e3f9f035499de1.jpg,mouse,metal rod,holding,held by,0,calib,non-spatial,Opposite,Is the mouse holding a metal rod?,10|0|1004|587,0|416|1024|61
2c08e140e00f5fdc.jpg,/root/autodl-tmp/data/R-bench/validation/2c08e140e00f5fdc.jpg,man,custom bike,riding,ridden by,0,eval,non-spatial,Opposite,Is the man in the image riding a custom bike?,594|127|246|494,287|311|348|303
18da2f5082dcfbfc.jpg,/root/autodl-tmp/data/R-bench/validation/18da2f5082dcfbfc.jpg,boy,smile,playing,played by,0,eval,non-spatial,Opposite,Is the boy in the image playing the bagpipes with a smile on his face?,307|64|707|647,625|263|51|85
a83d31d69e28914b.jpg,/root/autodl-tmp/data/R-bench/validation/a83d31d69e28914b.jpg,woman,pastry,eating,eaten by,0,calib,non-spatial,Opposite,Does the woman in the image eat pastry?,410|0|522|240,61|357|361|254
626a3711b885a310.jpg,/root/autodl-tmp/data/R-bench/validation/626a3711b885a310.jpg,woman,marked lane,swimming,,1,calib,non-spatial,Positive,Does the woman in the image swim in a marked lane?,154|260|870|170,0|198|1024|178
3a0b72a274530636.jpg,/root/autodl-tmp/data/R-bench/validation/3a0b72a274530636.jpg,man,flower on the floor,looking at,looked at by,0,eval,non-spatial,Opposite,Is the man in the wheelchair looking at the flower on the floor?,113|35|338|450,645|215|103|152
8b3cbd186fbe298e.jpg,/root/autodl-tmp/data/R-bench/validation/8b3cbd186fbe298e.jpg,woman,tractor,driving,,0,calib,non-spatial,Opposite,Is the woman in the image driving the tractor?,10|75|205|376,0|191|1024|465
775ac6a03dbec98c.jpg,/root/autodl-tmp/data/R-bench/validation/775ac6a03dbec98c.jpg,people,fancy grey car,interacting with,interacted with by,0,calib,non-spatial,Opposite,Do the people on the sidewalk interact with the fancy grey car?,297|92|82|115,61|0|963|684
0b1fbd3ba02701cd.jpg,/root/autodl-tmp/data/R-bench/validation/0b1fbd3ba02701cd.jpg,people,dancers,watching,watched by,0,calib,non-spatial,Opposite,Are the people in the image watching the dancers?,82|88|328|592,758|211|266|435
976649e55a61ced7.jpg,/root/autodl-tmp/data/R-bench/validation/976649e55a61ced7.jpg,person,one of the cups of coffee,drinking,drunk by,0,calib,non-spatial,Opposite,Is the person in the background drinking one of the cups of coffee?,317|102|441|510,328|238|430|367
cd96d08a348989b7.jpg,/root/autodl-tmp/data/R-bench/validation/cd96d08a348989b7.jpg,fox,animal,carrying,carried by,1,eval,non-spatial,Positive,Is the fox carrying the animal in its mouth?,411|102|499|477,379|298|215|299
ce7ee590cc097ae0.jpg,/root/autodl-tmp/data/R-bench/validation/ce7ee590cc097ae0.jpg,blonde barbie doll,pink lipstick,wearing,worn by,1,eval,non-spatial,Positive,Is the blonde Barbie doll wearing pink lipstick?,215|8|573|760,522|445|133|70
3ab64d8f62ae62b8.jpg,/root/autodl-tmp/data/R-bench/validation/3ab64d8f62ae62b8.jpg,man,gun,holding,held by,1,calib,non-spatial,Positive,Is the man in the image holding a gun?,246|0|645|573,256|206|717|356
72157cefa7c57ec8.jpg,/root/autodl-tmp/data/R-bench/validation/72157cefa7c57ec8.jpg,boy,bicycle,riding,ridden by,1,calib,non-spatial,Positive,Is the boy riding the bicycle?,307|61|292|574,169|307|522|635
705cd0f2472a5424.jpg,/root/autodl-tmp/data/R-bench/validation/705cd0f2472a5424.jpg,man,piano,playing,played by,1,eval,non-spatial,Positive,Does the man in the image play the piano?,51|232|359|451,236|55|563|628
06f6ec0edb1818e2.jpg,/root/autodl-tmp/data/R-bench/validation/06f6ec0edb1818e2.jpg,giraffe,grass,eating,eaten by,1,eval,non-spatial,Positive,Is the giraffe in the image eating grass?,20|54|707|576,0|169|1024|599
0a72fef43a51c479.jpg,/root/autodl-tmp/data/R-bench/validation/0a72fef43a51c479.jpg,dolphin,blue water,swimming,,1,eval,non-spatial,Positive,Is the dolphin swimming in the blue water?,0|123|727|543,0|10|1024|1014
3f4d12195722201c.jpg,/root/autodl-tmp/data/R-bench/validation/3f4d12195722201c.jpg,man,wood burning stove,looking at,looked at by,1,calib,non-spatial,Positive,Is the man in the image looking at the wood burning stove?,0|0|420|681,174|7|850|674
91e377ce5737895e.jpg,/root/autodl-tmp/data/R-bench/validation/91e377ce5737895e.jpg,man,riding lawnmower,driving,,1,calib,non-spatial,Positive,Is the man in the image driving the riding lawnmower?,113|115|358|499,0|330|522|438
1518f0d086ee12a0.jpg,/root/autodl-tmp/data/R-bench/validation/1518f0d086ee12a0.jpg,canadian flag,tree,interacting with,interacted with by,0,eval,non-spatial,Opposite,Is the Canadian flag interacting with the tree?,358|110|482|349,82|486|584|199
751093209b03118e.jpg,/root/autodl-tmp/data/R-bench/validation/751093209b03118e.jpg,spectators,fencers,watching,watched by,1,eval,non-spatial,Opposite,Are the spectators watching the fencers?,788|226|113|212,512|0|399|593
141419f93246899e.jpg,/root/autodl-tmp/data/R-bench/validation/141419f93246899e.jpg,girl,water,drinking,drunk by,1,eval,non-spatial,Positive,Is the girl drinking water in the image?,256|314|225|335,399|355|31|41
63e2c41f873864a3.jpg,/root/autodl-tmp/data/R-bench/validation/63e2c41f873864a3.jpg,man,santa costume,wearing,worn by,0,calib,non-spatial,Opposite,Is the man in the image wearing a Santa costume?,440|178|236|498,440|178|236|498
1109ae1bfb4efe78.jpg,/root/autodl-tmp/data/R-bench/validation/1109ae1bfb4efe78.jpg,woman,briefcase,holding,held by,0,calib,non-spatial,Positive,Is the woman in the image holding a briefcase?,440|392|297|353,716|573|188|163
a068ea435a318d8d.jpg,/root/autodl-tmp/data/R-bench/validation/a068ea435a318d8d.jpg,man,bicycle,riding,ridden by,0,eval,non-spatial,Random,Is the man riding the bicycle downhill?,399|61|359|499,338|253|563|410
80fc17a6b8901997.jpg,/root/autodl-tmp/data/R-bench/validation/80fc17a6b8901997.jpg,woman,violin,playing,played by,0,eval,non-spatial,Opposite,Is the woman playing the violin outdoors?,195|0|829|768,461|261|553|307
6b93600bf7b77a49.jpg,/root/autodl-tmp/data/R-bench/validation/6b93600bf7b77a49.jpg,deer,background,eating,eaten by,0,calib,non-spatial,Opposite,Is the deer eating in the background?,0|207|481|500,0|207|481|500
c59a5b26c1404980.jpg,/root/autodl-tmp/data/R-bench/validation/c59a5b26c1404980.jpg,goldfish,pond,swimming,,1,eval,non-spatial,Positive,Is the goldfish swimming in the pond?,312|429|382|104,0|31|1024|714
d8fee8d5c89796ef.jpg,/root/autodl-tmp/data/R-bench/validation/d8fee8d5c89796ef.jpg,man,green car,looking at,looked at by,0,eval,non-spatial,Positive,Is the man in the image looking at the green car?,154|84|122|185,0|54|1014|714
64430a732bf65089.jpg,/root/autodl-tmp/data/R-bench/validation/64430a732bf65089.jpg,man,jeep,driving,,1,eval,non-spatial,Positive,Is the man driving the jeep?,563|46|154|207,133|23|748|599
be02ff4211196dce.jpg,/root/autodl-tmp/data/R-bench/validation/be02ff4211196dce.jpg,matte black fan,black suv,interacting with,interacted with by,0,calib,non-spatial,Opposite,Is the matte black fan interacting with the black SUV?,215|46|676|518,215|46|666|513
4ece4336cb293790.jpg,/root/autodl-tmp/data/R-bench/validation/4ece4336cb293790.jpg,man,billiard balls,watching,watched by,1,eval,non-spatial,Positive,Does the man in the image watch the billiard balls?,758|51|235|379,389|543|307|307
cf234869c1b3211a.jpg,/root/autodl-tmp/data/R-bench/validation/cf234869c1b3211a.jpg,man,beverage,drinking,drunk by,1,eval,non-spatial,Positive,Is the man in the image drinking a beverage?,256|238|543|215,256|253|133|123
3d27c190d43ac211.jpg,/root/autodl-tmp/data/R-bench/validation/3d27c190d43ac211.jpg,man,swim cap,wearing,worn by,1,eval,non-spatial,Positive,Does the man in the image wear a swim cap?,0|89|666|279,430|89|154|108
409f7b5ca2a458c6.jpg,/root/autodl-tmp/data/R-bench/validation/409f7b5ca2a458c6.jpg,man,ball,holding,held by,1,eval,non-spatial,Positive,Is the man in the image holding a ball?,287|82|563|587,748|20|153|158
00c5be8db0e25f5e.jpg,/root/autodl-tmp/data/R-bench/validation/00c5be8db0e25f5e.jpg,man,tank,riding,ridden by,1,calib,non-spatial,Positive,Is the man in the image riding on the tank?,512|116|143|212,41|82|911|602
9bed0e9513710c7b.jpg,/root/autodl-tmp/data/R-bench/validation/9bed0e9513710c7b.jpg,man,saxophone,playing,played by,1,calib,non-spatial,Positive,Is the man in the image playing the saxophone?,0|34|952|647,311|123|619|558
571db87ed7eadabb.jpg,/root/autodl-tmp/data/R-bench/validation/571db87ed7eadabb.jpg,rhinoceros,grass,eating,eaten by,1,calib,non-spatial,Opposite,Is the rhinoceros eating grass?,278|117|618|590,0|269|1024|499
34ad56315c274a21.jpg,/root/autodl-tmp/data/R-bench/validation/34ad56315c274a21.jpg,duck,water,swimming,,1,calib,non-spatial,Positive,Is the duck swimming in the water?,317|223|298|361,0|0|992|768
601bcc8207662a15.jpg,/root/autodl-tmp/data/R-bench/validation/601bcc8207662a15.jpg,people,fish at the market,looking at,looked at by,1,calib,non-spatial,Positive,Are there people looking at the fish at the market?,348|0|225|223,297|330|348|261
78916540e81a1c6c.jpg,/root/autodl-tmp/data/R-bench/validation/78916540e81a1c6c.jpg,man,horse and carriage,driving,,1,eval,non-spatial,Positive,Is the man driving the horse and carriage?,358|48|154|190,420|163|246|483
2d6a5ad44a5b0a4d.jpg,/root/autodl-tmp/data/R-bench/validation/2d6a5ad44a5b0a4d.jpg,cannons,eiffel tower,interacting with,interacted with by,0,eval,non-spatial,Opposite,Do the cannons in the image interact with the Eiffel Tower?,0|468|1024|254,707|15|143|523
9cb82597259fc7fa.jpg,/root/autodl-tmp/data/R-bench/validation/9cb82597259fc7fa.jpg,woman,animal,watching,watched by,1,eval,non-spatial,Positive,Is the woman in the image watching the animal?,707|276|102|169,164|253|573|477
a51400dd646350f7.jpg,/root/autodl-tmp/data/R-bench/validation/a51400dd646350f7.jpg,man,vest,wearing,worn by,0,calib,non-spatial,Opposite,Is the man in the image wearing a vest?,0|0|1024|676,0|0|1024|676
d6b8b01e4ce6950a.jpg,/root/autodl-tmp/data/R-bench/validation/d6b8b01e4ce6950a.jpg,person,snowboard,holding,held by,0,calib,non-spatial,Opposite,Is the person in the image holding a snowboard?,563|115|451|645,41|108|102|384
a0b8948a5a669d86.jpg,/root/autodl-tmp/data/R-bench/validation/a0b8948a5a669d86.jpg,man,bike,riding,ridden by,0,calib,non-spatial,Random,Is the man in the image riding his bike downhill?,297|55|481|539,205|253|543|430
42c05e6f790f4ef6.jpg,/root/autodl-tmp/data/R-bench/validation/42c05e6f790f4ef6.jpg,man,chess,playing,played by,0,eval,non-spatial,Opposite,Is the man in the image playing chess?,430|453|399|184,430|453|399|184
d8719e9ba942ab84.jpg,/root/autodl-tmp/data/R-bench/validation/d8719e9ba942ab84.jpg,giraffe,green leaves,eating,eaten by,0,calib,non-spatial,Opposite,Is the giraffe in the image eating green leaves alone in the forest?,266|169|502|545,256|169|512|545
ef7032c808636ca7.jpg,/root/autodl-tmp/data/R-bench/validation/ef7032c808636ca7.jpg,shark,water,swimming,,1,calib,non-spatial,Positive,Is the shark in the image swimming in the water?,92|102|932|592,0|7|1024|723
c5f1de5718e6342b.jpg,/root/autodl-tmp/data/R-bench/validation/c5f1de5718e6342b.jpg,man,white sports car,looking at,looked at by,0,eval,non-spatial,Opposite,Is the man in the image looking at the white sports car?,266|150|103|164,82|137|942|546
0e50ea14c4fc1353.jpg,/root/autodl-tmp/data/R-bench/validation/0e50ea14c4fc1353.jpg,man,car,driving,,1,eval,non-spatial,Positive,Is there a man driving a car in the image?,461|150|143|103,113|96|768|471
3f4f9e6257355eea.jpg,/root/autodl-tmp/data/R-bench/validation/3f4f9e6257355eea.jpg,brown cowboy hat,dark-colored area,interacting with,interacted with by,0,calib,non-spatial,Opposite,Is the brown cowboy hat interacting with the dark-colored area?,102|15|840|738,102|15|840|738
55f1af9a02042d09.jpg,/root/autodl-tmp/data/R-bench/validation/55f1af9a02042d09.jpg,man,roller skates,wearing,worn by,1,eval,non-spatial,Positive,Is the man in the image wearing roller skates?,102|31|335|962,273|891|82|102
2bb371dc7d9c1509.jpg,/root/autodl-tmp/data/R-bench/validation/2bb371dc7d9c1509.jpg,person,baby,holding,held by,1,eval,non-spatial,Opposite,Is the person holding the baby?,0|61|468|707,192|471|430|553
3be189900a496924.jpg,/root/autodl-tmp/data/R-bench/validation/3be189900a496924.jpg,person,bicycle,riding,ridden by,1,calib,non-spatial,Positive,Is the person in the image riding a bicycle?,451|137|501|546,358|369|666|314
ea2a84f5d29be501.jpg,/root/autodl-tmp/data/R-bench/validation/ea2a84f5d29be501.jpg,person,accordion outside,playing,played by,1,calib,non-spatial,Opposite,Is the person in the image playing the accordion outside?,14|205|639|819,143|512|496|410
4dd5c9237289e31a.jpg,/root/autodl-tmp/data/R-bench/validation/4dd5c9237289e31a.jpg,panda,bamboo,eating,eaten by,1,calib,non-spatial,Positive,Is the panda in the image eating bamboo?,51|14|533|669,389|232|277|123
9911e7a3eb6a5288.jpg,/root/autodl-tmp/data/R-bench/validation/9911e7a3eb6a5288.jpg,yellow jellyfish,deep ocean,swimming,,1,calib,non-spatial,Positive,Is the yellow jellyfish swimming through the deep ocean?,225|172|738|483,0|0|1024|819
6eb70509fcd7d06b.jpg,/root/autodl-tmp/data/R-bench/validation/6eb70509fcd7d06b.jpg,chicken,egg,looking at,looked at by,1,eval,non-spatial,Positive,Is the chicken looking at the egg?,166|141|471|483,748|389|71|55
044a3e7c7b006202.jpg,/root/autodl-tmp/data/R-bench/validation/044a3e7c7b006202.jpg,tank,street,driving,,1,eval,non-spatial,Positive,Is the tank in the image driving down the street?,28|120|782|786,0|645|1024|379
d2e270714f830a69.jpg,/root/autodl-tmp/data/R-bench/validation/d2e270714f830a69.jpg,cell phone,coffee cup,interacting with,interacted with by,0,eval,non-spatial,Opposite,Does the cell phone interact with the coffee cup?,332|87|392|462,332|87|392|462
5635c9b530f89131.jpg,/root/autodl-tmp/data/R-bench/validation/5635c9b530f89131.jpg,man,black suit,wearing,worn by,0,eval,non-spatial,Opposite,Is the man in the image wearing a black suit?,34|41|512|973,410|10|259|871
e42ce843c6e48119.jpg,/root/autodl-tmp/data/R-bench/validation/e42ce843c6e48119.jpg,woman,handbag,holding,held by,0,eval,non-spatial,Opposite,Is the woman holding the handbag?,338|184|235|581,338|314|154|252
c6324f32dbc3a847.jpg,/root/autodl-tmp/data/R-bench/validation/c6324f32dbc3a847.jpg,man,bike,riding,ridden by,0,calib,non-spatial,Opposite,Is the man riding a bike?,72|286|594|294,123|286|450|301
0374141ebf11632e.jpg,/root/autodl-tmp/data/R-bench/validation/0374141ebf11632e.jpg,man,two instruments,playing,played by,0,eval,non-spatial,Opposite,Is the man playing two instruments at once?,246|7|379|625,451|116|450|455
9cb82597259fc7fa.jpg,/root/autodl-tmp/data/R-bench/validation/9cb82597259fc7fa.jpg,tapir,grass,eating,eaten by,0,eval,non-spatial,Opposite,Is the tapir in the image eating grass?,164|246|573|484,809|445|215|323
7d1c8d4cd681a22e.jpg,/root/autodl-tmp/data/R-bench/validation/7d1c8d4cd681a22e.jpg,seahorse,water,swimming,,1,calib,non-spatial,Positive,Is the seahorse swimming in the water?,102|154|543|522,0|445|1024|323
6e9dcdbee43b0346.jpg,/root/autodl-tmp/data/R-bench/validation/6e9dcdbee43b0346.jpg,person,book,looking at,looked at by,0,calib,non-spatial,Positive,Is the person looking at a book?,236|353|235|307,461|215|512|499
37d1a85b903eb8c7.jpg,/root/autodl-tmp/data/R-bench/validation/37d1a85b903eb8c7.jpg,person,go-cart,driving,,1,eval,non-spatial,Opposite,Is the person in the image driving a go-cart?,256|41|573|519,51|294|912|362
ea1d27e168a16bcd.jpg,/root/autodl-tmp/data/R-bench/validation/ea1d27e168a16bcd.jpg,woman wearing polka dots,person holding a google,interacting with,interacted with by,0,eval,non-spatial,Random,Is the woman wearing polka dots interacting with the person holding a Google?,410|736|368|266,10|153|1014|859
c4e8395425f49d05.jpg,/root/autodl-tmp/data/R-bench/validation/c4e8395425f49d05.jpg,man,helmet,wearing,worn by,1,calib,non-spatial,Positive,Is the man in the image wearing a helmet?,297|123|276|396,369|123|82|55
6e012cc0602d3dc1.jpg,/root/autodl-tmp/data/R-bench/validation/6e012cc0602d3dc1.jpg,man,pen,holding,held by,1,calib,non-spatial,Opposite,Is the man holding a pen?,0|410|699|614,561|604|153|318
34ff10aa56e103ba.jpg,/root/autodl-tmp/data/R-bench/validation/34ff10aa56e103ba.jpg,man,motorcycle with one wheel,riding,ridden by,1,eval,non-spatial,Opposite,Is the man in the image riding a motorcycle with one wheel?,251|287|211|430,319|635|143|153
267fb36486a00fcc.jpg,/root/autodl-tmp/data/R-bench/validation/267fb36486a00fcc.jpg,man,piano,playing,played by,1,calib,non-spatial,Positive,Is the man in the image playing the piano?,184|38|666|730,573|23|451|745
e2d6553151f7231b.jpg,/root/autodl-tmp/data/R-bench/validation/e2d6553151f7231b.jpg,people,food truck,eating,eaten by,1,calib,non-spatial,Opposite,Are there people eating outside the food truck?,113|239|102|328,102|55|912|601
7d0ae9c754aa907f.jpg,/root/autodl-tmp/data/R-bench/validation/7d0ae9c754aa907f.jpg,dolphin,ocean water,swimming,,1,eval,non-spatial,Positive,Is the dolphin swimming alone in the ocean water?,225|197|451|218,0|0|1024|680
d790aadf45f34031.jpg,/root/autodl-tmp/data/R-bench/validation/d790aadf45f34031.jpg,boy,menu,looking at,looked at by,1,calib,non-spatial,Opposite,Is the boy looking at the menu?,543|256|481|707,0|727|614|287
cf92d0c26b461d85.jpg,/root/autodl-tmp/data/R-bench/validation/cf92d0c26b461d85.jpg,man,tractor,driving,,1,calib,non-spatial,Positive,Is the man driving the tractor in the image?,256|135|154|183,0|86|717|355
125fd09ae6bccf6a.jpg,/root/autodl-tmp/data/R-bench/validation/125fd09ae6bccf6a.jpg,man,blue goggle,wearing,worn by,0,calib,non-spatial,Opposite,Does the man in the image wear a blue goggle?,174|136|113|91,174|136|113|91
b127ae8c8113f431.jpg,/root/autodl-tmp/data/R-bench/validation/b127ae8c8113f431.jpg,person,mirror,holding,held by,0,eval,non-spatial,Positive,Is the person in the image holding a mirror?,384|420|69|92,253|0|338|522
67d2d798ebba1e74.jpg,/root/autodl-tmp/data/R-bench/validation/67d2d798ebba1e74.jpg,man,bicycle,riding,ridden by,0,calib,non-spatial,Opposite,Is the man in the image riding a bicycle downhill?,430|102|266|417,440|212|379|410
d1ef645e3687eb31.jpg,/root/autodl-tmp/data/R-bench/validation/d1ef645e3687eb31.jpg,men,volleyball,playing,played by,0,calib,non-spatial,Opposite,Are the men in the image playing volleyball?,287|49|133|135,287|49|133|135
2cff2da279756f7a.jpg,/root/autodl-tmp/data/R-bench/validation/2cff2da279756f7a.jpg,dragonfly,green leaf,eating,eaten by,0,eval,non-spatial,Opposite,Is the dragonfly eating the green leaf?,328|72|604|911,328|72|604|911
68ce06b52564fa0e.jpg,/root/autodl-tmp/data/R-bench/validation/68ce06b52564fa0e.jpg,harbor seal,water,swimming,,1,eval,non-spatial,Positive,Is the harbor seal swimming in the water?,244|175|506|218,0|7|1024|671
5df386da132b567b.jpg,/root/autodl-tmp/data/R-bench/validation/5df386da132b567b.jpg,girl in the bike helmet,woman with the red backpack,looking at,looked at by,1,calib,non-spatial,Positive,Is the girl in the bike helmet looking at the woman with the red backpack?,461|100|522|668,0|253|236|415
85ddb7e0f60156a3.jpg,/root/autodl-tmp/data/R-bench/validation/85ddb7e0f60156a3.jpg,woman,car,driving,,1,eval,non-spatial,Positive,Is the woman driving the car?,0|0|440|678,0|0|1024|678
c54175229271d3f0.jpg,/root/autodl-tmp/data/R-bench/validation/c54175229271d3f0.jpg,woman,underwear,wearing,worn by,1,calib,non-spatial,Opposite,Is the woman in the image wearing underwear that advertises burgers and drinks?,93|0|825|1024,213|461|566|399
a903e7bb7226fc2c.jpg,/root/autodl-tmp/data/R-bench/validation/a903e7bb7226fc2c.jpg,man,big camera,holding,held by,1,eval,non-spatial,Opposite,Is the man in the image holding a big camera?,0|75|870|606,358|204|277|280
b6b804401adcbe4a.jpg,/root/autodl-tmp/data/R-bench/validation/b6b804401adcbe4a.jpg,boy,yellow robot,riding,ridden by,1,calib,non-spatial,Positive,Is the boy riding on the yellow robot?,420|109|164|416,348|348|430|307
4a6fbccdd21b9dc3.jpg,/root/autodl-tmp/data/R-bench/validation/4a6fbccdd21b9dc3.jpg,person,saxophone,playing,played by,1,eval,non-spatial,Positive,Is the person in the image playing a saxophone?,430|177|574|507,123|0|788|768
2647aeeff6ef00be.jpg,/root/autodl-tmp/data/R-bench/validation/2647aeeff6ef00be.jpg,giraffe,grass,eating,eaten by,1,eval,non-spatial,Positive,Is the giraffe bending its neck to eat the grass?,0|61|891|554,0|61|891|554
40adb7cb1e71790f.jpg,/root/autodl-tmp/data/R-bench/validation/40adb7cb1e71790f.jpg,dolphin,water,swimming,,1,eval,non-spatial,Positive,Is the dolphin swimming in the water?,215|246|614|198,10|0|1004|669
eb8a27e1fc9506a0.jpg,/root/autodl-tmp/data/R-bench/validation/eb8a27e1fc9506a0.jpg,police officers,antique black car,looking at,looked at by,1,eval,non-spatial,Opposite,Are the police officers looking at the antique black car?,881|171|133|334,102|123|738|560
ec54e8eb3ba51fd9.jpg,/root/autodl-tmp/data/R-bench/validation/ec54e8eb3ba51fd9.jpg,boys,hats,wearing,worn by,0,calib,non-spatial,Positive,Are the boys wearing hats?,553|215|205|215,696|138|144|77
c7803107deac5ad4.jpg,/root/autodl-tmp/data/R-bench/validation/c7803107deac5ad4.jpg,person,plate of food,holding,held by,0,calib,non-spatial,Positive,Does the person in the image hold a plate of food?,574|219|444|547,0|230|819|530
72157cefa7c57ec8.jpg,/root/autodl-tmp/data/R-bench/validation/72157cefa7c57ec8.jpg,boy,bicycle,riding,ridden by,0,calib,non-spatial,Random,Is the boy smiling while riding the bicycle?,307|61|292|574,169|307|522|635
3d0632f06eb870d1.jpg,/root/autodl-tmp/data/R-bench/validation/3d0632f06eb870d1.jpg,people,bean bags,playing,played by,0,calib,non-spatial,Opposite,Are the people in the image playing a game with bean bags?,41|169|451|538,502|369|133|53
60d266d03b2ea416.jpg,/root/autodl-tmp/data/R-bench/validation/60d266d03b2ea416.jpg,people,table,eating,eaten by,0,calib,non-spatial,Opposite,Are the people in the image eating at a table?,430|179|164|397,133|230|307|208
d72dd8e6f1493ac1.jpg,/root/autodl-tmp/data/R-bench/validation/d72dd8e6f1493ac1.jpg,shark,water,swimming,,1,eval,non-spatial,Positive,Is the shark swimming in the water?,0|100|983|660,0|8|983|752
f6348d5f1f9494b4.jpg,/root/autodl-tmp/data/R-bench/validation/f6348d5f1f9494b4.jpg,man,blue antique car,looking at,looked at by,1,eval,non-spatial,Positive,Is the man in the image looking at the blue antique car?,788|0|134|355,31|109|839|540
ac36d564ad0b93e1.jpg,/root/autodl-tmp/data/R-bench/validation/ac36d564ad0b93e1.jpg,woman,blue outfit,wearing,worn by,1,eval,non-spatial,Positive,Is the woman in the image wearing a blue outfit?,348|0|676|492,410|0|286|485
9bed0e9513710c7b.jpg,/root/autodl-tmp/data/R-bench/validation/9bed0e9513710c7b.jpg,man,saxophone,holding,held by,1,calib,non-spatial,Opposite,Is the man in the image holding the saxophone?,0|34|952|647,311|123|619|558
295a7f2d76bcccb2.jpg,/root/autodl-tmp/data/R-bench/validation/295a7f2d76bcccb2.jpg,girl,horse,riding,ridden by,1,eval,non-spatial,Opposite,Is the girl riding on the horse?,385|246|196|502,0|543|819|481
1be0a6a7ac54abe7.jpg,/root/autodl-tmp/data/R-bench/validation/1be0a6a7ac54abe7.jpg,person,cello,playing,played by,1,eval,non-spatial,Positive,Is the person in the image playing a cello?,61|0|963|768,215|0|809|768
d8719e9ba942ab84.jpg,/root/autodl-tmp/data/R-bench/validation/d8719e9ba942ab84.jpg,giraffe,small tree,eating,eaten by,1,calib,non-spatial,Positive,Is the giraffe in the image eating from a small tree?,266|169|502|538,266|169|502|545
1d6787c750b6a6b1.jpg,/root/autodl-tmp/data/R-bench/validation/1d6787c750b6a6b1.jpg,whale shark,other fish,swimming,,1,eval,non-spatial,Positive,Is the whale shark swimming with the other fish?,297|96|491|437,205|239|82|68
c7133cc36acc887d.jpg,/root/autodl-tmp/data/R-bench/validation/c7133cc36acc887d.jpg,girl,heart-shaped gem,wearing,worn by,0,eval,non-spatial,Opposite,Is the girl in the image wearing a heart-shaped gem?,338|127|225|194,338|127|225|194
4dea4e5cd46ba41d.jpg,/root/autodl-tmp/data/R-bench/validation/4dea4e5cd46ba41d.jpg,beekeeper,honeycomb,holding,held by,0,calib,non-spatial,Opposite,Is the beekeeper in the image holding a honeycomb?,471|190|492|386,133|190|379|386
c4e8395425f49d05.jpg,/root/autodl-tmp/data/R-bench/validation/c4e8395425f49d05.jpg,man,bike,riding,ridden by,0,calib,non-spatial,Random,Is the man in the image riding his bike downhill?,297|123|276|403,348|219|410|362
76f8fdd48b7ff734.jpg,/root/autodl-tmp/data/R-bench/validation/76f8fdd48b7ff734.jpg,person,drums,playing,played by,0,calib,non-spatial,Opposite,Is the person in the image playing the drums?,133|174|481|676,471|379|471|625
f1b2711ca0e0729a.jpg,/root/autodl-tmp/data/R-bench/validation/f1b2711ca0e0729a.jpg,boy,food,eating,eaten by,1,eval,non-spatial,Positive,Is the boy eating food?,61|768|215|61,164|748|317|266
7e56e4983ad94787.jpg,/root/autodl-tmp/data/R-bench/validation/7e56e4983ad94787.jpg,jellyfish,underwater,swimming,,1,eval,non-spatial,Positive,Is there a jellyfish swimming underwater in the image?,696|232|308|299,0|0|1024|681
53859c6247a3db01.jpg,/root/autodl-tmp/data/R-bench/validation/53859c6247a3db01.jpg,man,glasses,wearing,worn by,1,eval,non-spatial,Opposite,Does the man in the image wear glasses?,143|138|133|215,205|161|51|39
1de38c170bce1b3c.jpg,/root/autodl-tmp/data/R-bench/validation/1de38c170bce1b3c.jpg,man and woman,hands,holding,held by,1,eval,non-spatial,Positive,Are the man and woman in the image holding hands?,342|502|51|41,342|502|51|41
663389d2c9d562d8.jpg,/root/autodl-tmp/data/R-bench/validation/663389d2c9d562d8.jpg,man,green motorcycle,riding,ridden by,1,eval,non-spatial,Opposite,Is the man in the image riding a green motorcycle?,358|20|287|629,195|307|604|335
bb1eb0727b1b8d8e.jpg,/root/autodl-tmp/data/R-bench/validation/bb1eb0727b1b8d8e.jpg,man,guitar,playing,played by,1,eval,non-spatial,Positive,Is the man in the image playing the guitar near a microphone?,461|153|471|651,471|458|553|209
6a6881aefff9ad58.jpg,/root/autodl-tmp/data/R-bench/validation/6a6881aefff9ad58.jpg,man,food,eating,eaten by,1,eval,non-spatial,Positive,Does the man eat the food with the chopsticks?,276|41|492|505,410|273|61|69
626a3711b885a310.jpg,/root/autodl-tmp/data/R-bench/validation/626a3711b885a310.jpg,man,goggles,wearing,worn by,0,calib,non-spatial,Opposite,Is the man in the image wearing goggles?,532|0|410|191,440|301|92|61
3b67f952f62a6389.jpg,/root/autodl-tmp/data/R-bench/validation/3b67f952f62a6389.jpg,person,violin,holding,held by,0,calib,non-spatial,Opposite,Is the person in the image holding the violin?,0|108|829|660,297|338|655|230
531e105f0f382294.jpg,/root/autodl-tmp/data/R-bench/validation/531e105f0f382294.jpg,girl,zebra,riding,ridden by,0,calib,non-spatial,Opposite,Is the girl in the image riding a real zebra or a fake one?,151|328|274|665,82|276|603|748
4a6fbccdd21b9dc3.jpg,/root/autodl-tmp/data/R-bench/validation/4a6fbccdd21b9dc3.jpg,person,trombone,playing,played by,0,eval,non-spatial,Opposite,Is the person in the background of the image playing a trombone?,0|0|154|507,113|0|798|768
c22e29581c0e797e.jpg,/root/autodl-tmp/data/R-bench/validation/c22e29581c0e797e.jpg,man,blue helmet,wearing,worn by,1,eval,non-spatial,Opposite,Is the man in the image wearing a blue helmet?,543|164|235|334,543|164|112|61
81b9fa22daadac52.jpg,/root/autodl-tmp/data/R-bench/validation/81b9fa22daadac52.jpg,man,drink,holding,held by,1,eval,non-spatial,Positive,Is the man in the image holding a drink?,307|200|246|530,338|315|41|69
aaf5b5b51d27d3a2.jpg,/root/autodl-tmp/data/R-bench/validation/aaf5b5b51d27d3a2.jpg,person,yellow jet ski,riding,ridden by,1,eval,non-spatial,Opposite,Is the person in the image riding a yellow jet ski?,266|116|226|348,102|314|482|191
8a90edff9e8d885e.jpg,/root/autodl-tmp/data/R-bench/validation/8a90edff9e8d885e.jpg,woman,accordion,playing,played by,1,calib,non-spatial,Positive,Is the woman in the image playing the accordion?,74|60|852|829,246|419|676|472
409f7b5ca2a458c6.jpg,/root/autodl-tmp/data/R-bench/validation/409f7b5ca2a458c6.jpg,woman,swim cap,wearing,worn by,0,eval,non-spatial,Opposite,Is the woman in the image wearing a swim cap?,0|171|348|232,430|150|133|157
82e651da7cf386ae.jpg,/root/autodl-tmp/data/R-bench/validation/82e651da7cf386ae.jpg,person,musical instrument,holding,held by,0,calib,non-spatial,Positive,Is the person in the image holding a musical instrument?,676|7|246|396,0|382|707|301
67c9dd8871b245ae.jpg,/root/autodl-tmp/data/R-bench/validation/67c9dd8871b245ae.jpg,people,motorcycles,riding,ridden by,0,eval,non-spatial,Positive,Are there people riding motorcycles in the street?,563|219|174|368,20|321|246|307
16aaa6421eaf9905.jpg,/root/autodl-tmp/data/R-bench/validation/16aaa6421eaf9905.jpg,man,musical instrument,playing,played by,1,eval,non-spatial,Positive,Is the man in the image playing a musical instrument?,338|63|184|311,379|202|174|69
1e73dd071c85fe3d.jpg,/root/autodl-tmp/data/R-bench/validation/1e73dd071c85fe3d.jpg,man,helmet,wearing,worn by,1,calib,non-spatial,Positive,Is the man in the image wearing a helmet?,358|229|471|246,717|229|112|72
a65def4ef8c48960.jpg,/root/autodl-tmp/data/R-bench/validation/a65def4ef8c48960.jpg,man,violin,holding,held by,1,calib,non-spatial,Opposite,Is the man in the image holding the violin?,41|7|881|676,389|301|553|382
7c7db17e4e5ddd66.jpg,/root/autodl-tmp/data/R-bench/validation/7c7db17e4e5ddd66.jpg,person,motorcycle,riding,ridden by,1,calib,non-spatial,Positive,Is the person in the image riding a motorcycle?,205|170|235|232,61|218|420|212
3a30bba9227d2d2b.jpg,/root/autodl-tmp/data/R-bench/validation/3a30bba9227d2d2b.jpg,woman in blue,player in grey,playing,played by,1,eval,non-spatial,Positive,Does the woman in blue play table tennis against the player in grey?,164|102|235|540,819|109|205|574
24073df6a9c58c6b.jpg,/root/autodl-tmp/data/R-bench/validation/24073df6a9c58c6b.jpg,boy,swim cap,wearing,worn by,0,eval,non-spatial,Opposite,Is the boy in the image wearing a swim cap?,266|581|133|102,717|266|133|110
8cf429a0d52fdb0e.jpg,/root/autodl-tmp/data/R-bench/validation/8cf429a0d52fdb0e.jpg,man,ladder,holding,held by,0,calib,non-spatial,Positive,Is the man in the image holding the ladder?,438|20|138|369,384|0|269|1024
d672a62768a6c629.jpg,/root/autodl-tmp/data/R-bench/validation/d672a62768a6c629.jpg,man,bicycle,riding,ridden by,0,calib,non-spatial,Opposite,Is the man in the image riding a bicycle?,0|184|666|499,0|526|666|157
f8ca4926b5b4ef8b.jpg,/root/autodl-tmp/data/R-bench/validation/f8ca4926b5b4ef8b.jpg,man,drums,playing,played by,1,eval,non-spatial,Positive,Is the man in the image playing the drums?,338|86|225|294,522|179|226|253
ecb9d4f10c69569d.jpg,/root/autodl-tmp/data/R-bench/validation/ecb9d4f10c69569d.jpg,man,jeans,wearing,worn by,1,eval,non-spatial,Positive,Does the man in the image wear jeans?,61|102|397|922,113|914|309|110
2e9721f274303090.jpg,/root/autodl-tmp/data/R-bench/validation/2e9721f274303090.jpg,person,bag,holding,held by,1,eval,non-spatial,Positive,Is the person in the image holding a bag?,389|297|151|451,485|532|82|144
56136a5dd78b5454.jpg,/root/autodl-tmp/data/R-bench/validation/56136a5dd78b5454.jpg,person,bicycle,riding,ridden by,1,eval,non-spatial,Opposite,Is the person riding a bicycle?,328|96|409|589,328|445|471|240
3034bfb0f7cefcb7.jpg,/root/autodl-tmp/data/R-bench/validation/3034bfb0f7cefcb7.jpg,person,necklace,playing,played by,1,eval,non-spatial,Positive,Does the person playing the flute have a necklace on?,0|402|399|280,0|402|399|280
9a716890c5e81744.jpg,/root/autodl-tmp/data/R-bench/validation/9a716890c5e81744.jpg,woman,black dress,wearing,worn by,0,eval,non-spatial,Opposite,Is the woman wearing a black dress?,697|126|291|508,697|126|291|508
c43d8e515688b759.jpg,/root/autodl-tmp/data/R-bench/validation/c43d8e515688b759.jpg,man,camera,holding,held by,0,eval,non-spatial,Opposite,Is the man in the image holding a camera?,348|342|154|334,430|355|72|96
a5b2ac4f2041db39.jpg,/root/autodl-tmp/data/R-bench/validation/a5b2ac4f2041db39.jpg,man,small tricycle,riding,ridden by,0,eval,non-spatial,Opposite,Is the man in the image riding a small tricycle?,317|0|533|346,51|169|860|399
067e21aeda713b53.jpg,/root/autodl-tmp/data/R-bench/validation/067e21aeda713b53.jpg,person,violin,playing,played by,1,eval,non-spatial,Positive,Is the person in the image playing the violin?,0|8|748|760,154|338|594|430
1f7c714c88527e6b.jpg,/root/autodl-tmp/data/R-bench/validation/1f7c714c88527e6b.jpg,man,shirt,wearing,worn by,1,calib,non-spatial,Positive,Does the man in the image wear a shirt?,204|209|615|474,202|199|621|482
894ea4d95293e3ac.jpg,/root/autodl-tmp/data/R-bench/validation/894ea4d95293e3ac.jpg,woman,baby,holding,held by,1,calib,non-spatial,Positive,Is the woman in the image holding the baby?,645|259|287|362,758|341|112|157
ed2fcee42f94162d.jpg,/root/autodl-tmp/data/R-bench/validation/ed2fcee42f94162d.jpg,man,skateboard,riding,ridden by,1,calib,non-spatial,Positive,Is the man in the image riding a skateboard?,70|174|435|236,396|205|210|123
1f7c30f0c24fda91.jpg,/root/autodl-tmp/data/R-bench/validation/1f7c30f0c24fda91.jpg,man,banjo,playing,played by,1,eval,non-spatial,Positive,Is the man in the image playing the banjo while sitting in front of a large painting of a chef?,164|68|573|614,307|205|574|477
a6fba3d8e01d2219.jpg,/root/autodl-tmp/data/R-bench/validation/a6fba3d8e01d2219.jpg,woman,glasses,wearing,worn by,0,eval,non-spatial,Opposite,Does the woman in the image wear glasses?,492|386|61|40,492|386|61|40
34da64f7fecdfa2a.jpg,/root/autodl-tmp/data/R-bench/validation/34da64f7fecdfa2a.jpg,people,dogs,holding,held by,0,calib,non-spatial,Opposite,Are the people in the image holding leashes for the dogs?,0|109|358|506,256|260|420|300
d0ffc5d3a209d1f0.jpg,/root/autodl-tmp/data/R-bench/validation/d0ffc5d3a209d1f0.jpg,man,bicycle,riding,ridden by,0,eval,non-spatial,Opposite,Is the man in the image riding a bicycle downhill?,512|185|246|420,481|364|318|309
1f7c30f0c24fda91.jpg,/root/autodl-tmp/data/R-bench/validation/1f7c30f0c24fda91.jpg,person,guitar,playing,played by,1,eval,non-spatial,Positive,Is the person in the image playing a guitar?,164|68|573|614,307|205|574|477
86463a5a7dcb1a69.jpg,/root/autodl-tmp/data/R-bench/validation/86463a5a7dcb1a69.jpg,man,cowboy hat,wearing,worn by,1,calib,non-spatial,Positive,Is the man in the image wearing a cowboy hat?,481|97|543|648,614|97|246|156
60f414af039ebc6e.jpg,/root/autodl-tmp/data/R-bench/validation/60f414af039ebc6e.jpg,person,fishing rod,holding,held by,1,calib,non-spatial,Positive,Is the person holding a fishing rod?,0|0|676|768,430|407|594|192
8823286afacc9898.jpg,/root/autodl-tmp/data/R-bench/validation/8823286afacc9898.jpg,person,bicycle with two wheels,riding,ridden by,1,eval,non-spatial,Positive,Is the person in the image riding a bicycle with two wheels?,358|269|226|276,328|415|256|222
d199144d2c868f25.jpg,/root/autodl-tmp/data/R-bench/validation/d199144d2c868f25.jpg,girl,brass instrument,playing,played by,1,eval,non-spatial,Opposite,Is the girl in the image playing a brass instrument?,225|7|707|676,0|123|983|560
1f0c0b509013b719.jpg,/root/autodl-tmp/data/R-bench/validation/1f0c0b509013b719.jpg,woman,revealing top,wearing,worn by,0,eval,non-spatial,Opposite,Is the woman wearing a revealing top in the image?,90|41|540|983,111|522|373|502
f6fec6257ff0adca.jpg,/root/autodl-tmp/data/R-bench/validation/f6fec6257ff0adca.jpg,easter bunny toy,colorful egg,holding,held by,0,eval,non-spatial,Opposite,Is the Easter bunny toy holding a colorful egg?,92|0|645|993,215|307|338|481
9c9d7f518c96cad9.jpg,/root/autodl-tmp/data/R-bench/validation/9c9d7f518c96cad9.jpg,person,horse,riding,ridden by,0,eval,non-spatial,Opposite,Is the person riding the horse?,0|0|328|415,515|82|509|545
173eda5586f0dc07.jpg,/root/autodl-tmp/data/R-bench/validation/173eda5586f0dc07.jpg,girl,accordion,playing,played by,1,eval,non-spatial,Positive,Is the girl playing the accordion on a chair?,133|77|584|691,358|292|328|392
295a7f2d76bcccb2.jpg,/root/autodl-tmp/data/R-bench/validation/295a7f2d76bcccb2.jpg,man,cowboy hat,wearing,worn by,1,eval,non-spatial,Positive,Is the man wearing a cowboy hat?,197|20|376|1004,262|10|246|123
51e462fdaa1bbd48.jpg,/root/autodl-tmp/data/R-bench/validation/51e462fdaa1bbd48.jpg,man,baseball glove,holding,held by,1,calib,non-spatial,Positive,Is the man in the image holding a baseball glove?,453|322|64|70,440|54|246|706
2be6ab51b1f3621b.jpg,/root/autodl-tmp/data/R-bench/validation/2be6ab51b1f3621b.jpg,people,segways,riding,ridden by,1,eval,non-spatial,Positive,Do the people in the image ride on segways?,230|184|223|584,169|430|315|492
4043197c1365a336.jpg,/root/autodl-tmp/data/R-bench/validation/4043197c1365a336.jpg,man,ping pong,playing,played by,1,calib,non-spatial,Opposite,Is the man in the image playing ping pong?,399|95|410|580,399|273|31|34
1a17241c6f0e6642.jpg,/root/autodl-tmp/data/R-bench/validation/1a17241c6f0e6642.jpg,woman,roller skates,wearing,worn by,0,eval,non-spatial,Positive,Is the woman in the image wearing roller skates?,51|235|420|677,696|686|92|122
b7a27e5c85498f67.jpg,/root/autodl-tmp/data/R-bench/validation/b7a27e5c85498f67.jpg,person,bowling ball,holding,held by,0,calib,non-spatial,Positive,Is the person in the image holding a bowling ball?,369|223|204|437,225|492|92|69
8fbab56fe49c05a2.jpg,/root/autodl-tmp/data/R-bench/validation/8fbab56fe49c05a2.jpg,man,motorcycle,riding,ridden by,0,calib,non-spatial,Opposite,Is the man in the image riding a motorcycle?,192|2|459|620,41|100|451|514
ed0147f94eaf2efd.jpg,/root/autodl-tmp/data/R-bench/validation/ed0147f94eaf2efd.jpg,man,short cut lawn,playing,played by,1,eval,non-spatial,Opposite,Is the man in the image playing golf on a short cut lawn?,72|14|440|649,0|82|1024|601
bc37ccba2857d1e7.jpg,/root/autodl-tmp/data/R-bench/validation/bc37ccba2857d1e7.jpg,man,headphones,wearing,worn by,1,calib,non-spatial,Positive,Does the man in the image wear headphones?,0|113|683|911,0|113|369|563
9d94d83310780c6f.jpg,/root/autodl-tmp/data/R-bench/validation/9d94d83310780c6f.jpg,woman,racket,holding,held by,1,eval,non-spatial,Positive,Is the woman in the image holding a racket?,389|130|318|546,553|0|89|171
ce696a0b196b8e36.jpg,/root/autodl-tmp/data/R-bench/validation/ce696a0b196b8e36.jpg,person,motorcycle,riding,ridden by,1,calib,non-spatial,Positive,Is the person in the image riding a motorcycle?,211|133|341|574,27|287|450|532
9d79a3329d8a5e44.jpg,/root/autodl-tmp/data/R-bench/validation/9d79a3329d8a5e44.jpg,dog,tennis ball,playing,played by,1,eval,non-spatial,Positive,Is the dog playing with the tennis ball?,123|0|901|768,287|553|164|154
f2982de44f9ba275.jpg,/root/autodl-tmp/data/R-bench/validation/f2982de44f9ba275.jpg,batter,baseball glove,wearing,worn by,0,calib,non-spatial,Positive,Is the batter wearing a baseball glove?,72|215|327|545,422|496|106|85
0fe12f551f900aca.jpg,/root/autodl-tmp/data/R-bench/validation/0fe12f551f900aca.jpg,medical professionals,medical tools,holding,held by,0,eval,non-spatial,Opposite,Are the medical professionals holding medical tools in the image?,0|93|532|573,297|453|440|86
749d4f4298609255.jpg,/root/autodl-tmp/data/R-bench/validation/749d4f4298609255.jpg,man,motorcycle,riding,ridden by,0,calib,non-spatial,Opposite,Is the man in the image riding the motorcycle downhill?,184|119|512|434,110|203|492|366
3034bfb0f7cefcb7.jpg,/root/autodl-tmp/data/R-bench/validation/3034bfb0f7cefcb7.jpg,person,flute,playing,played by,1,eval,non-spatial,Positive,Is the person playing the flute in the image?,297|259|727|123,297|259|727|123
582be29db5b1a39d.jpg,/root/autodl-tmp/data/R-bench/validation/582be29db5b1a39d.jpg,woman,fedora,wearing,worn by,1,eval,non-spatial,Positive,Does the woman in the image wear a fedora?,9|10|901|1014,73|0|755|328
a2ead0b3c35a18bd.jpg,/root/autodl-tmp/data/R-bench/validation/a2ead0b3c35a18bd.jpg,man,microphone,holding,held by,1,calib,non-spatial,Positive,Is the man in the image holding a microphone?,481|376|195|392,543|422|41|70
83ad1edb154a2106.jpg,/root/autodl-tmp/data/R-bench/validation/83ad1edb154a2106.jpg,child,bicycle,riding,ridden by,1,eval,non-spatial,Positive,Is the child riding on the bicycle?,440|148|133|237,20|289|984|385
ba9cb8884bf69279.jpg,/root/autodl-tmp/data/R-bench/validation/ba9cb8884bf69279.jpg,man,drum,playing,played by,1,eval,non-spatial,Opposite,Is the man playing the drum?,0|0|399|501,492|63|430|444
a0da01a93a6f51bf.jpg,/root/autodl-tmp/data/R-bench/validation/a0da01a93a6f51bf.jpg,umpire,baseball glove,wearing,worn by,0,eval,non-spatial,Opposite,Is the umpire wearing a baseball glove?,840|314|184|328,707|512|41|62
b053b1f12641af60.jpg,/root/autodl-tmp/data/R-bench/validation/b053b1f12641af60.jpg,woman,wine glass,holding,held by,0,calib,non-spatial,Positive,Is the woman in the image holding a wine glass?,856|194|168|326,858|600|105|115
762a0af3ba694ae9.jpg,/root/autodl-tmp/data/R-bench/validation/762a0af3ba694ae9.jpg,people,van,riding,ridden by,0,calib,non-spatial,Opposite,Are people riding by in the van?,891|261|113|192,0|69|911|668
0a3873442ad329c2.jpg,/root/autodl-tmp/data/R-bench/validation/0a3873442ad329c2.jpg,man,piano,playing,played by,1,eval,non-spatial,Positive,Is the man in the image playing the piano?,215|130|389|526,461|260|563|423
bb38e87f8edff17e.jpg,/root/autodl-tmp/data/R-bench/validation/bb38e87f8edff17e.jpg,man,accordion,wearing,worn by,1,eval,non-spatial,Positive,Does the man in the image wear an accordion?,79|113|841|911,267|594|534|430
c7a6a5f2a8f674ce.jpg,/root/autodl-tmp/data/R-bench/validation/c7a6a5f2a8f674ce.jpg,man,rugby ball,holding,held by,1,eval,non-spatial,Positive,Is the man in the image holding a rugby ball?,512|136|379|544,522|374|164|102
2b2bc6125f83ff18.jpg,/root/autodl-tmp/data/R-bench/validation/2b2bc6125f83ff18.jpg,person,whale,riding,ridden by,1,eval,non-spatial,Positive,Is the person in the image riding on the back of the whale?,399|142|215|417,10|506|922|266
a5659ba44eaf480d.jpg,/root/autodl-tmp/data/R-bench/validation/a5659ba44eaf480d.jpg,men,basketball,playing,played by,1,eval,non-spatial,Positive,Are the men in the image playing basketball?,31|201|481|444,512|104|92|90
114d6b81e7b1fa08.jpg,/root/autodl-tmp/data/R-bench/validation/114d6b81e7b1fa08.jpg,kids,martial arts uniforms,wearing,worn by,0,calib,non-spatial,Opposite,Are the kids in the image wearing martial arts uniforms?,287|123|645|891,41|215|297|686
c149c16556ee5d81.jpg,/root/autodl-tmp/data/R-bench/validation/c149c16556ee5d81.jpg,person,wok,holding,held by,0,eval,non-spatial,Positive,Is the person holding the wok?,0|133|190|891,624|239|134|289
98dd164dfd089339.jpg,/root/autodl-tmp/data/R-bench/validation/98dd164dfd089339.jpg,man,unicycle,riding,ridden by,0,calib,non-spatial,Positive,Is the man in the image riding a unicycle?,230|329|111|172,420|186|246|575
1e9c75745b953123.jpg,/root/autodl-tmp/data/R-bench/validation/1e9c75745b953123.jpg,man,trumpet,playing,played by,1,calib,non-spatial,Positive,Does the man in the image play the trumpet?,82|61|932|707,389|269|635|353
2f8519bef8ae1be2.jpg,/root/autodl-tmp/data/R-bench/validation/2f8519bef8ae1be2.jpg,man,helmet,wearing,worn by,1,calib,non-spatial,Positive,Is the man in the image wearing a helmet?,154|0|665|591,502|0|112|100
75af61ac171379a9.jpg,/root/autodl-tmp/data/R-bench/validation/75af61ac171379a9.jpg,man,paddle,holding,held by,1,calib,non-spatial,Positive,Is the man in the image holding a paddle?,238|0|346|860,323|0|253|686
61b9f3a4db94791b.jpg,/root/autodl-tmp/data/R-bench/validation/61b9f3a4db94791b.jpg,man,motorized scooter,riding,ridden by,1,eval,non-spatial,Positive,Is the man in the image riding a motorized scooter?,604|116|225|471,492|293|378|348
3cf84110ea52ff43.jpg,/root/autodl-tmp/data/R-bench/validation/3cf84110ea52ff43.jpg,men,trombones,playing,played by,1,calib,non-spatial,Opposite,Are the men in the image playing trombones?,82|18|450|598,164|55|420|278
93b24942ce3d7bad.jpg,/root/autodl-tmp/data/R-bench/validation/93b24942ce3d7bad.jpg,child,swimsuit,wearing,worn by,0,calib,non-spatial,Opposite,Is the child in the image wearing a swimsuit?,246|6|327|420,614|415|185|161
2c209664cc9be9e6.jpg,/root/autodl-tmp/data/R-bench/validation/2c209664cc9be9e6.jpg,man,woman,holding,held by,0,eval,non-spatial,Random,Is the man in the image holding the woman?,468|102|185|635,154|236|299|512
bf646c5c90dea12c.jpg,/root/autodl-tmp/data/R-bench/validation/bf646c5c90dea12c.jpg,woman,bicycle,riding,ridden by,0,calib,non-spatial,Positive,Does the woman in the image ride a bicycle?,573|123|134|215,788|215|134|215
a75bd3ec4cd51c51.jpg,/root/autodl-tmp/data/R-bench/validation/a75bd3ec4cd51c51.jpg,man,accordion,playing,played by,1,calib,non-spatial,Positive,Is the man in the image playing the accordion?,54|31|637|993,223|389|476|410
c7133cc36acc887d.jpg,/root/autodl-tmp/data/R-bench/validation/c7133cc36acc887d.jpg,woman,tiara,wearing,worn by,1,eval,non-spatial,Positive,Does the woman in the image wear a tiara?,10|8|1014|745,10|8|1014|745
651488dd9316c839.jpg,/root/autodl-tmp/data/R-bench/validation/651488dd9316c839.jpg,boy,weapon,holding,held by,1,calib,non-spatial,Positive,Is the boy holding a weapon?,358|102|379|580,123|7|399|491
b4cb9fc067c1eb00.jpg,/root/autodl-tmp/data/R-bench/validation/b4cb9fc067c1eb00.jpg,man,wave,riding,ridden by,1,eval,non-spatial,Opposite,Is the man in the image riding a wave?,297|184|266|205,0|0|1024|635
86fa28d162ee13dc.jpg,/root/autodl-tmp/data/R-bench/validation/86fa28d162ee13dc.jpg,man,guitar,playing,played by,1,eval,non-spatial,Positive,Is the man in the image playing the guitar?,0|0|932|768,72|223|952|545
af1efe94dd9f3cfa.jpg,/root/autodl-tmp/data/R-bench/validation/af1efe94dd9f3cfa.jpg,woman,straw hat,wearing,worn by,0,eval,non-spatial,Positive,Is the woman wearing the straw hat in the image?,420|164|584|519,31|116|645|437
3244bcda9de87cdf.jpg,/root/autodl-tmp/data/R-bench/validation/3244bcda9de87cdf.jpg,large toy box,cardboard house,holding,held by,0,eval,non-spatial,Opposite,Is the large toy box holding up the cardboard house?,215|108|778|545,215|108|778|545
662bf0ac81e57758.jpg,/root/autodl-tmp/data/R-bench/validation/662bf0ac81e57758.jpg,person,horse,riding,ridden by,0,eval,non-spatial,Positive,Is the person in the image riding the horse?,0|420|39|148,174|24|590|659
91ef144b7c8bba2f.jpg,/root/autodl-tmp/data/R-bench/validation/91ef144b7c8bba2f.jpg,men,guitar,playing,played by,1,calib,non-spatial,Positive,Are the men in the image playing the guitar together?,155|169|406|407,164|292|320|138
f5288d905c37663c.jpg,/root/autodl-tmp/data/R-bench/validation/f5288d905c37663c.jpg,person,trash can,wearing,worn by,1,calib,non-spatial,Opposite,Is the person wearing jeans and black jacket near the trash can?,492|131|286|637,0|330|358|438
a5b2ac4f2041db39.jpg,/root/autodl-tmp/data/R-bench/validation/a5b2ac4f2041db39.jpg,person,three-wheeled vehicle,holding,held by,1,eval,non-spatial,Positive,Is the person in the image holding onto a three-wheeled vehicle?,317|0|533|346,51|169|860|399
66fb599a59a53707.jpg,/root/autodl-tmp/data/R-bench/validation/66fb599a59a53707.jpg,person,antique car,riding,ridden by,1,eval,non-spatial,Opposite,Is the person riding the antique car?,625|314|123|96,266|321|574|266
90d47269222ec0ab.jpg,/root/autodl-tmp/data/R-bench/validation/90d47269222ec0ab.jpg,person,piano,playing,played by,1,calib,non-spatial,Positive,Is the person in the image playing the piano?,102|7|768|669,635|7|389|676
d5d1952f2fce9ab6.jpg,/root/autodl-tmp/data/R-bench/validation/d5d1952f2fce9ab6.jpg,woman,hat,wearing,worn by,0,calib,non-spatial,Opposite,Is the woman wearing a hat?,31|121|686|455,164|121|246|311
118cd0d11952fb69.jpg,/root/autodl-tmp/data/R-bench/validation/118cd0d11952fb69.jpg,man,guitar,holding,held by,0,calib,non-spatial,Positive,Is the man in the image holding a guitar?,430|174|277|676,207|0|553|1024
83ad1edb154a2106.jpg,/root/autodl-tmp/data/R-bench/validation/83ad1edb154a2106.jpg,man,bicycle,riding,ridden by,0,eval,non-spatial,Random,Is the man riding the bicycle pretending to be a king?,215|37|215|578,20|289|984|385
8b50bca740622ce6.jpg,/root/autodl-tmp/data/R-bench/validation/8b50bca740622ce6.jpg,woman,harp,playing,played by,1,calib,non-spatial,Positive,Is the woman playing a harp?,236|322|430|363,0|0|379|685
4f7930bdc1214e9e.jpg,/root/autodl-tmp/data/R-bench/validation/4f7930bdc1214e9e.jpg,woman,wedding dress,wearing,worn by,1,calib,non-spatial,Positive,Is the woman in the image wearing a wedding dress?,177|92|468|932,284|522|269|502
086224b8c3266d3e.jpg,/root/autodl-tmp/data/R-bench/validation/086224b8c3266d3e.jpg,person,wok,holding,held by,1,eval,non-spatial,Positive,Is the person holding the wok?,0|0|420|360,0|0|942|762
7c1d922420d9ae86.jpg,/root/autodl-tmp/data/R-bench/validation/7c1d922420d9ae86.jpg,person,bicycle,riding,ridden by,1,eval,non-spatial,Positive,Is the person in the image riding a bicycle?,174|281|256|219,205|315|358|219
200907829e4fbe95.jpg,/root/autodl-tmp/data/R-bench/validation/200907829e4fbe95.jpg,man,guitar,playing,played by,1,eval,non-spatial,Positive,Is the man in the image playing the guitar?,72|27|501|478,0|171|614|478
25ce96bd10afe1b0.jpg,/root/autodl-tmp/data/R-bench/validation/25ce96bd10afe1b0.jpg,people,red glasses,wearing,worn by,0,eval,non-spatial,Opposite,Do the people in the image wear red glasses?,536|402|366|364,348|353|174|108
66147ef0d4be0638.jpg,/root/autodl-tmp/data/R-bench/validation/66147ef0d4be0638.jpg,man,model boat,holding,held by,0,eval,non-spatial,Positive,Is the man in the image holding a model boat?,123|100|153|207,236|138|471|384
5fa0491945756036.jpg,/root/autodl-tmp/data/R-bench/validation/5fa0491945756036.jpg,woman,horse,riding,ridden by,0,eval,non-spatial,Positive,Is the woman in the image riding on the horse?,225|178|277|334,471|198|379|383
cfe604ed92fd4229.jpg,/root/autodl-tmp/data/R-bench/validation/cfe604ed92fd4229.jpg,man,musical instrument,playing,played by,1,calib,non-spatial,Positive,Is the man in the image playing a musical instrument?,276|28|748|673,215|224|399|204
8892e718f9108db9.jpg,/root/autodl-tmp/data/R-bench/validation/8892e718f9108db9.jpg,man,hat,wearing,worn by,1,eval,non-spatial,Positive,Does the man in the image wear a hat?,184|8|830|760,184|8|574|345
96dd97e7202ab34e.jpg,/root/autodl-tmp/data/R-bench/validation/96dd97e7202ab34e.jpg,man,little girl,holding,held by,1,eval,non-spatial,Positive,Is the man holding a little girl beside the truck?,850|184|133|361,850|154|133|230
bb0a84b613a098f0.jpg,/root/autodl-tmp/data/R-bench/validation/bb0a84b613a098f0.jpg,man,horse,riding,ridden by,1,calib,non-spatial,Random,Is the man pretending to ride the horse?,358|82|379|603,338|452|399|233
62f5b3b114f74ea8.jpg,/root/autodl-tmp/data/R-bench/validation/62f5b3b114f74ea8.jpg,woman,harp,playing,played by,1,calib,non-spatial,Positive,Is the woman in the image playing the harp?,502|126|306|642,328|138|317|630
7cf856f5398d8138.jpg,/root/autodl-tmp/data/R-bench/validation/7cf856f5398d8138.jpg,woman,skull,wearing,worn by,0,eval,non-spatial,Opposite,Is the woman in the image wearing a skull?,236|230|184|523,0|207|256|561
84af25555f7c818b.jpg,/root/autodl-tmp/data/R-bench/validation/84af25555f7c818b.jpg,person,side of the boat,holding,held by,0,eval,non-spatial,Opposite,Is the person in the image holding onto the side of the boat?,522|430|502|338,522|430|502|338
ed39ece290eabd5d.jpg,/root/autodl-tmp/data/R-bench/validation/ed39ece290eabd5d.jpg,person,track,riding,ridden by,1,eval,non-spatial,Positive,Is the person in the image riding the motorcycle on a track?,420|55|297|478,0|191|1024|485
800d5e751f4adeb1.jpg,/root/autodl-tmp/data/R-bench/validation/800d5e751f4adeb1.jpg,man,accordion,playing,played by,1,calib,non-spatial,Positive,Is the man in the image playing the accordion?,0|31|622|993,115|502|653|522
421a93da4e4152f3.jpg,/root/autodl-tmp/data/R-bench/validation/421a93da4e4152f3.jpg,man,ball cap,wearing,worn by,1,eval,non-spatial,Random,Is the man in the image wearing a ball cap?,184|100|256|368,317|100|62|46
0430797dd00cd443.jpg,/root/autodl-tmp/data/R-bench/validation/0430797dd00cd443.jpg,person,bowling ball,holding,held by,1,calib,non-spatial,Positive,Is the person in the image holding a bowling ball?,573|323|144|368,696|430|62|69
4125df3dbe46a6af.jpg,/root/autodl-tmp/data/R-bench/validation/4125df3dbe46a6af.jpg,person,motorcycle,riding,ridden by,1,eval,non-spatial,Positive,Is the person in the image riding the motorcycle?,379|116|246|343,358|212|318|350
6cee5cf8a3a9c090.jpg,/root/autodl-tmp/data/R-bench/validation/6cee5cf8a3a9c090.jpg,person,piano,playing,played by,1,calib,non-spatial,Positive,Is the person in the image playing the piano?,51|0|430|768,51|0|973|768
2a5afcdc389ddca3.jpg,/root/autodl-tmp/data/R-bench/validation/2a5afcdc389ddca3.jpg,person,backpack,wearing,worn by,0,calib,non-spatial,Opposite,Is the person in the image wearing a backpack?,840|55|184|505,389|171|184|164
af7c6395e7fdbeb5.jpg,/root/autodl-tmp/data/R-bench/validation/af7c6395e7fdbeb5.jpg,man,drink,holding,held by,0,eval,non-spatial,Opposite,Is the man in the distance holding a drink?,686|0|338|584,389|351|303|381
0690bd5e0f95ddab.jpg,/root/autodl-tmp/data/R-bench/validation/0690bd5e0f95ddab.jpg,man,jet ski,riding,ridden by,1,eval,non-spatial,Positive,Is the man in the image riding a jet ski?,154|276|122|108,61|246|318|199
737e7c74b773fa33.jpg,/root/autodl-tmp/data/R-bench/validation/737e7c74b773fa33.jpg,man,roller hockey,playing,played by,1,calib,non-spatial,Opposite,Is the man in the image playing roller hockey?,410|68|317|717,164|392|471|325
fb606f3170d6e48e.jpg,/root/autodl-tmp/data/R-bench/validation/fb606f3170d6e48e.jpg,woman,blue jacket,wearing,worn by,1,eval,non-spatial,Positive,Is the woman in the image wearing a blue jacket?,440|584|195|184,440|584|195|184
e7e921cb531a874a.jpg,/root/autodl-tmp/data/R-bench/validation/e7e921cb531a874a.jpg,person,rifle,holding,held by,1,calib,non-spatial,Positive,Does the person in the image hold a rifle?,758|10|194|454,696|50|154|61
94c53be316c9a02e.jpg,/root/autodl-tmp/data/R-bench/validation/94c53be316c9a02e.jpg,man,skateboard,riding,ridden by,1,calib,non-spatial,Positive,Is the man in the image riding a skateboard?,146|10|351|635,292|512|212|143
5dd747ff8c8178a6.jpg,/root/autodl-tmp/data/R-bench/validation/5dd747ff8c8178a6.jpg,boy,harp,playing,played by,1,eval,non-spatial,Positive,Is the boy in the image playing a harp?,265|430|408|594,7|0|605|973
c10540cd4f062e0c.jpg,/root/autodl-tmp/data/R-bench/validation/c10540cd4f062e0c.jpg,woman,black shirt,wearing,worn by,0,eval,non-spatial,Opposite,Is the woman in the image wearing a black shirt?,148|666|527|358,148|666|527|358
bce4712aedb6eb6b.jpg,/root/autodl-tmp/data/R-bench/validation/bce4712aedb6eb6b.jpg,person,fish,holding,held by,0,calib,non-spatial,Positive,Is the person in the image holding a fish?,10|568|164|200,338|253|348|492
437c6697e0af46b6.jpg,/root/autodl-tmp/data/R-bench/validation/437c6697e0af46b6.jpg,man,dirt bike,riding,ridden by,1,eval,non-spatial,Opposite,Is the man in the image riding a dirt bike?,195|0|317|546,143|191|492|492
1cd308dd54d1fd90.jpg,/root/autodl-tmp/data/R-bench/validation/1cd308dd54d1fd90.jpg,man,accordion,playing,played by,1,eval,non-spatial,Positive,Is the man in the image playing the accordion?,54|51|714|973,200|594|568|430
be67e17ec45f009e.jpg,/root/autodl-tmp/data/R-bench/validation/be67e17ec45f009e.jpg,man,suit,wearing,worn by,1,eval,non-spatial,Positive,Does the man in the image wear a suit?,307|51|328|973,307|225|329|799
1a08289e9fcda126.jpg,/root/autodl-tmp/data/R-bench/validation/1a08289e9fcda126.jpg,man,mobile phone,holding,held by,1,eval,non-spatial,Positive,Is the man in the image holding a mobile phone?,0|100|1024|660,371|0|568|768
421a93da4e4152f3.jpg,/root/autodl-tmp/data/R-bench/validation/421a93da4e4152f3.jpg,man,horse,riding,ridden by,1,eval,non-spatial,Positive,Is the man in the image riding a horse?,184|100|256|368,20|207|615|446
3e33859ab2167cd4.jpg,/root/autodl-tmp/data/R-bench/validation/3e33859ab2167cd4.jpg,person,piano,playing,played by,1,eval,non-spatial,Positive,Does the person in the image play on the middle of the piano?,399|0|625|673,0|0|756|680
c0b0133682bf5fb2.jpg,/root/autodl-tmp/data/R-bench/validation/c0b0133682bf5fb2.jpg,man,montreal canadians jersey,wearing,worn by,0,eval,non-spatial,Opposite,Is the man in the image wearing a Montreal Canadians jersey?,297|82|543|594,0|14|1014|662
8adaad8fefce4d9b.jpg,/root/autodl-tmp/data/R-bench/validation/8adaad8fefce4d9b.jpg,man,microphone,holding,held by,0,eval,non-spatial,Opposite,Is the man in the image holding a microphone?,512|41|471|644,113|295|522|390
a8c01f09da2657bd.jpg,/root/autodl-tmp/data/R-bench/validation/a8c01f09da2657bd.jpg,person,three-wheeled wheelchair,riding,ridden by,1,calib,non-spatial,Opposite,Is the person in the image riding a three-wheeled wheelchair?,236|137|460|321,143|246|840|437
51da239e2fc5d489.jpg,/root/autodl-tmp/data/R-bench/validation/51da239e2fc5d489.jpg,person,keyboard,playing,played by,1,eval,non-spatial,Positive,Is the person in the image playing on the middle of the keyboard?,61|0|963|328,10|280|1014|198
50f99527c1738ca2.jpg,/root/autodl-tmp/data/R-bench/validation/50f99527c1738ca2.jpg,man,striped shirt,wearing,worn by,1,calib,non-spatial,Positive,Is the man wearing a striped shirt?,676|138|153|384,686|184|143|131
f24ca937211d91af.jpg,/root/autodl-tmp/data/R-bench/validation/f24ca937211d91af.jpg,person,hamburger,holding,held by,1,eval,non-spatial,Positive,Is the person holding the hamburger?,192|676|576|348,229|512|229|205
344a9140fb86e57d.jpg,/root/autodl-tmp/data/R-bench/validation/344a9140fb86e57d.jpg,woman,horse,riding,ridden by,1,eval,non-spatial,Opposite,Is the woman riding the horse?,348|120|205|321,41|170|768|672
c38ff84151e26deb.jpg,/root/autodl-tmp/data/R-bench/validation/c38ff84151e26deb.jpg,woman wearing black clothes,harp,playing,played by,1,eval,non-spatial,Positive,Is the woman wearing black clothes playing the harp?,72|184|512|840,420|10|604|1014
7588a6de389ac33a.jpg,/root/autodl-tmp/data/R-bench/validation/7588a6de389ac33a.jpg,caterpillar,top hat,wearing,worn by,0,eval,non-spatial,Opposite,Is the caterpillar on the left wearing a top hat?,276|20|113|110,246|95|297|301
148aa1f69209814f.jpg,/root/autodl-tmp/data/R-bench/validation/148aa1f69209814f.jpg,man,soccer ball,holding,held by,0,eval,non-spatial,Opposite,Is the man in the image holding a soccer ball?,195|56|378|564,328|514|92|98
395939397d472c3b.jpg,/root/autodl-tmp/data/R-bench/validation/395939397d472c3b.jpg,woman,horse,riding,ridden by,1,calib,non-spatial,Positive,Is the woman in the image riding the horse?,149|102|210|441,61|205|495|594
116557a2d9bc5e70.jpg,/root/autodl-tmp/data/R-bench/validation/116557a2d9bc5e70.jpg,man,tennis,playing,played by,1,eval,non-spatial,Positive,Is the man in the image playing tennis?,205|55|522|621,205|55|532|628
663389d2c9d562d8.jpg,/root/autodl-tmp/data/R-bench/validation/663389d2c9d562d8.jpg,man,helmet,wearing,worn by,1,eval,non-spatial,Positive,Is the man in the image wearing a helmet?,358|20|287|629,410|20|92|76
bb1eb0727b1b8d8e.jpg,/root/autodl-tmp/data/R-bench/validation/bb1eb0727b1b8d8e.jpg,man,guitar,holding,held by,1,eval,non-spatial,Positive,Is the man in the image holding a guitar?,461|153|471|651,471|458|553|209
a202156cdcee0cb1.jpg,/root/autodl-tmp/data/R-bench/validation/a202156cdcee0cb1.jpg,people,gondola,riding,ridden by,1,calib,non-spatial,Opposite,Are the people riding on the gondola?,294|676|61|133,253|727|150|266
54d94faa73c0a680.jpg,/root/autodl-tmp/data/R-bench/validation/54d94faa73c0a680.jpg,boy,yellow ball,playing,played by,1,calib,non-spatial,Positive,Is the boy playing with the yellow ball?,492|170|153|279,502|381|51|54
dd8a7bf210628fd7.jpg,/root/autodl-tmp/data/R-bench/validation/dd8a7bf210628fd7.jpg,woman,glasses,wearing,worn by,0,eval,non-spatial,Opposite,Is the woman wearing glasses?,614|225|369|457,297|116|174|75
c4d079292d390271.jpg,/root/autodl-tmp/data/R-bench/validation/c4d079292d390271.jpg,person,skateboard,holding,held by,0,calib,non-spatial,Positive,Is the person in the image holding a skateboard?,369|399|253|359,365|462|96|44
a0b8948a5a669d86.jpg,/root/autodl-tmp/data/R-bench/validation/a0b8948a5a669d86.jpg,person,blue bicycle,riding,ridden by,1,calib,non-spatial,Opposite,Is the person in the image riding a blue bicycle?,297|55|481|539,205|253|543|430
402dd57d3615b9f7.jpg,/root/autodl-tmp/data/R-bench/validation/402dd57d3615b9f7.jpg,person,harp,playing,played by,1,calib,non-spatial,Positive,Is the person in the image playing a harp?,0|379|550|440,0|10|679|1014
9a3d8225ac30a8eb.jpg,/root/autodl-tmp/data/R-bench/validation/9a3d8225ac30a8eb.jpg,man,helmet,wearing,worn by,1,calib,non-spatial,Positive,Is the man in the image wearing a helmet?,379|39|256|385,430|366|82|58
f15a6e4c696003f7.jpg,/root/autodl-tmp/data/R-bench/validation/f15a6e4c696003f7.jpg,person,dog,holding,held by,1,eval,non-spatial,Positive,Is the person in the image holding a dog?,604|108|338|514,727|230|102|169
a284f227c612b0c8.jpg,/root/autodl-tmp/data/R-bench/validation/a284f227c612b0c8.jpg,man,motorcycle,riding,ridden by,1,eval,non-spatial,Opposite,Is the man in the image riding a motorcycle?,308|143|238|369,218|287|270|317
558e151c3fbc1ba3.jpg,/root/autodl-tmp/data/R-bench/validation/558e151c3fbc1ba3.jpg,woman,one piece uniform,wearing,worn by,0,eval,non-spatial,Opposite,Is the woman in the image wearing a one piece uniform?,68|113|383|788,143|215|239|369
22a5848e375335e3.jpg,/root/autodl-tmp/data/R-bench/validation/22a5848e375335e3.jpg,clown statue,hands,holding,held by,0,calib,non-spatial,Opposite,Is the clown statue holding its hands together?,502|297|71|133,502|297|71|133
6022a450df278025.jpg,/root/autodl-tmp/data/R-bench/validation/6022a450df278025.jpg,man,white bicycle,riding,ridden by,1,calib,non-spatial,Opposite,Is the man in the image riding a white bicycle?,369|75|430|608,338|369|553|314
66a8d1c74ad49ea1.jpg,/root/autodl-tmp/data/R-bench/validation/66a8d1c74ad49ea1.jpg,man,hat,wearing,worn by,1,calib,non-spatial,Positive,Does the man in the image wear a hat?,7|0|732|1024,229|0|370|113
1a00561698778497.jpg,/root/autodl-tmp/data/R-bench/validation/1a00561698778497.jpg,person,book,holding,held by,1,eval,non-spatial,Opposite,Is the person in the image holding a book?,328|137|286|546,266|273|154|116
aac405248e9b7c8b.jpg,/root/autodl-tmp/data/R-bench/validation/aac405248e9b7c8b.jpg,lifeguard,jet ski,riding,ridden by,1,calib,non-spatial,Opposite,Is the lifeguard in the image riding a jet ski?,379|266|123|333,164|463|829|184
1ced3ecaa077f2e4.jpg,/root/autodl-tmp/data/R-bench/validation/1ced3ecaa077f2e4.jpg,person,swim cap,wearing,worn by,0,calib,non-spatial,Positive,Is the person in the image wearing a swim cap?,225|348|492|164,911|232|93|75
30a50c305d4fcd41.jpg,/root/autodl-tmp/data/R-bench/validation/30a50c305d4fcd41.jpg,woman,musical note chart,holding,held by,0,eval,non-spatial,Opposite,Is the woman holding a musical note chart?,0|21|553|665,522|0|441|350
26192da5ce2afa62.jpg,/root/autodl-tmp/data/R-bench/validation/26192da5ce2afa62.jpg,man,bike,riding,ridden by,1,calib,non-spatial,Positive,Is the man in the image riding a bike?,317|82|369|451,236|307|430|328
122804d032b58390.jpg,/root/autodl-tmp/data/R-bench/validation/122804d032b58390.jpg,man,helmet,wearing,worn by,1,eval,non-spatial,Positive,Is the man in the image wearing a helmet?,276|181|308|510,399|181|113|130
71631731c0d63e45.jpg,/root/autodl-tmp/data/R-bench/validation/71631731c0d63e45.jpg,person,mobile phone,holding,held by,1,calib,non-spatial,Opposite,Is the person in the image holding the mobile phone?,161|0|553|1014,570|174|97|176
a8c01f09da2657bd.jpg,/root/autodl-tmp/data/R-bench/validation/a8c01f09da2657bd.jpg,man,bicycle,riding,ridden by,1,calib,non-spatial,Positive,Does the man in the image ride the bicycle with his hands?,205|137|502|327,143|253|840|430
b22b89073480191e.jpg,/root/autodl-tmp/data/R-bench/validation/b22b89073480191e.jpg,girl,trousers,wearing,worn by,0,eval,non-spatial,Opposite,Is the girl in the image wearing trousers?,236|31|358|507,456|488|245|278
f56ca856f3594aef.jpg,/root/autodl-tmp/data/R-bench/validation/f56ca856f3594aef.jpg,man,cup,holding,held by,0,eval,non-spatial,Opposite,Is the man in the image holding a cup?,380|246|124|112,380|246|124|112
4f3ea0b2bc75000c.jpg,/root/autodl-tmp/data/R-bench/validation/4f3ea0b2bc75000c.jpg,man,roller skates,riding,ridden by,1,eval,non-spatial,Opposite,Is the man in the image riding on roller skates?,317|108|369|506,442|499|89|114
8302f7352b501bc4.jpg,/root/autodl-tmp/data/R-bench/validation/8302f7352b501bc4.jpg,woman,high heels,wearing,worn by,1,eval,non-spatial,Opposite,Does the woman in the image wear high heels?,297|55|481|834,379|705|102|156
bde0112066be318e.jpg,/root/autodl-tmp/data/R-bench/validation/bde0112066be318e.jpg,man,black vehicle,holding,held by,1,calib,non-spatial,Positive,Is the man holding the door handle of the black vehicle?,645|200|195|545,0|207|870|561
5b42b58ab16c05c0.jpg,/root/autodl-tmp/data/R-bench/validation/5b42b58ab16c05c0.jpg,person,skateboard,riding,ridden by,1,eval,non-spatial,Positive,Is the person in the image riding a skateboard?,246|0|276|476,348|415|103|84
5df386da132b567b.jpg,/root/autodl-tmp/data/R-bench/validation/5df386da132b567b.jpg,woman in the blue jacket,helmet,wearing,worn by,0,calib,non-spatial,Opposite,Is the woman in the blue jacket wearing a helmet?,82|61|410|707,666|100|317|207
200907829e4fbe95.jpg,/root/autodl-tmp/data/R-bench/validation/200907829e4fbe95.jpg,person,microphone,holding,held by,0,eval,non-spatial,Opposite,Is the person in the image holding the microphone?,72|27|501|649,410|157|153|48
ab46f7ec075d89ae.jpg,/root/autodl-tmp/data/R-bench/validation/ab46f7ec075d89ae.jpg,boy,tricycle,riding,ridden by,1,eval,non-spatial,Positive,Is the boy riding a tricycle?,399|92|338|599,287|315|461|430
e27e575c922e7525.jpg,/root/autodl-tmp/data/R-bench/validation/e27e575c922e7525.jpg,doll,necklace,wearing,worn by,1,eval,non-spatial,Positive,Is the doll wearing a necklace?,0|0|1024|1024,532|635|297|215
809d426b0ed06d55.jpg,/root/autodl-tmp/data/R-bench/validation/809d426b0ed06d55.jpg,man,american flag,holding,held by,1,eval,non-spatial,Positive,Is the man in the image holding the American flag?,122|20|483|1004,0|0|218|1024
115bec3d6d7f09f2.jpg,/root/autodl-tmp/data/R-bench/validation/115bec3d6d7f09f2.jpg,woman,blue bicycle,riding,ridden by,1,eval,non-spatial,Positive,Is the woman riding a blue bicycle?,451|115|215|522,236|269|552|376
c12a4117fe6910fc.jpg,/root/autodl-tmp/data/R-bench/validation/c12a4117fe6910fc.jpg,man,scuba apparatus,wearing,worn by,0,calib,non-spatial,Random,Is the man in the image wearing a scuba apparatus?,492|70|460|535,594|272|328|411
021fffa3d66f9b77.jpg,/root/autodl-tmp/data/R-bench/validation/021fffa3d66f9b77.jpg,two men,woman,holding,held by,0,eval,non-spatial,Opposite,Are the two men in suits holding hands with the woman?,614|55|287|608,233|47|444|637
d2d5e5cc2b420898.jpg,/root/autodl-tmp/data/R-bench/validation/d2d5e5cc2b420898.jpg,person,segway,riding,ridden by,1,eval,non-spatial,Opposite,Is the person in the image riding a segway?,276|72|231|768,138|430|377|533
733abfb024695849.jpg,/root/autodl-tmp/data/R-bench/validation/733abfb024695849.jpg,man,blue shirt,wearing,worn by,1,calib,non-spatial,Positive,Does the man in the image wear a blue shirt?,55|123|567|901,55|358|567|635
ecbfd9984a9c4f94.jpg,/root/autodl-tmp/data/R-bench/validation/ecbfd9984a9c4f94.jpg,person,handlebar,holding,held by,1,calib,non-spatial,Opposite,Is the person in the image holding onto a handlebar?,440|155|154|364,0|286|543|186
6f722f46dd08b8d8.jpg,/root/autodl-tmp/data/R-bench/validation/6f722f46dd08b8d8.jpg,man,bicycle,riding,ridden by,1,eval,non-spatial,Opposite,Is the man in the image riding a bicycle?,20|297|574|727,27|932|444|92
3220be9141f2d703.jpg,/root/autodl-tmp/data/R-bench/validation/3220be9141f2d703.jpg,children,orange lifesavers,wearing,worn by,0,calib,non-spatial,Opposite,Are the children in the image wearing orange lifesavers?,696|109|113|336,205|308|71|109
ccbbb3175f571466.jpg,/root/autodl-tmp/data/R-bench/validation/ccbbb3175f571466.jpg,man,glass of wine,holding,held by,0,calib,non-spatial,Opposite,Is the man in the image holding a glass of wine?,297|84|481|477,143|461|123|261
6280218c3acff468.jpg,/root/autodl-tmp/data/R-bench/validation/6280218c3acff468.jpg,knife,cantaloupe,next to,next to,1,eval,spatial,Positive,Is the knife laying next to the cantaloupe that's cut in half?,61|477|932|133,481|63|420|428
2b88a2127cfb1aaf.jpg,/root/autodl-tmp/data/R-bench/validation/2b88a2127cfb1aaf.jpg,brown moth,large green leaf,sitting on,sat on by,1,eval,spatial,Positive,Is the brown moth sitting on the large green leaf?,379|130|246|444,0|0|1024|765
3c14d0bf2ce0fc43.jpg,/root/autodl-tmp/data/R-bench/validation/3c14d0bf2ce0fc43.jpg,bird,snow,standing on,stood on by,1,eval,spatial,Positive,Is the bird standing on the snow?,502|216|430|303,0|0|1024|674
4b73b48c7858ae18.jpg,/root/autodl-tmp/data/R-bench/validation/4b73b48c7858ae18.jpg,studio couch,large table,near,near,1,eval,spatial,Positive,Is the studio couch positioned near the large table in the image?,205|207|819|553,133|261|430|261
1f5cf6e96f0e0690.jpg,/root/autodl-tmp/data/R-bench/validation/1f5cf6e96f0e0690.jpg,computer,screen,in front of,behind,1,eval,spatial,Positive,Is the computer in front of the screen?,184|20|438|349,169|20|468|359
7596194352869e89.jpg,/root/autodl-tmp/data/R-bench/validation/7596194352869e89.jpg,van,street,on,under,1,eval,spatial,Positive,Is the van parked on the street?,102|108|861|606,102|108|861|606
12429c1a9d340911.jpg,/root/autodl-tmp/data/R-bench/validation/12429c1a9d340911.jpg,black suv,flowers,behind,in front of,1,eval,spatial,Positive,Is the black SUV parked behind the flowers?,102|69|738|455,102|69|738|455
6ebc35666d60f5e2.jpg,/root/autodl-tmp/data/R-bench/validation/6ebc35666d60f5e2.jpg,white lily,green wet plants,on top of,under,1,eval,spatial,Positive,Is the white lily on top of green wet plants?,164|69|665|645,164|69|665|645
805d2f6bfb4f5cba.jpg,/root/autodl-tmp/data/R-bench/validation/805d2f6bfb4f5cba.jpg,sink,mirror,under,on top of,1,calib,spatial,Positive,Is the sink located under the mirror?,450|640|83|59,299|133|430|543
8da3d7c3edb36065.jpg,/root/autodl-tmp/data/R-bench/validation/8da3d7c3edb36065.jpg,wine rack,microwave oven,above,below,1,eval,spatial,Opposite,Is the wine rack above the microwave oven?,573|0|441|399,584|451|358|194
8d1e53413cd9c13f.jpg,/root/autodl-tmp/data/R-bench/validation/8d1e53413cd9c13f.jpg,traffic sign,traffic light,below,above,1,eval,spatial,Opposite,Is the traffic sign below the traffic light?,267|616|322|316,175|82|182|532
3264cb227a07af3f.jpg,/root/autodl-tmp/data/R-bench/validation/3264cb227a07af3f.jpg,man,skateboard,next to,next to,0,eval,spatial,Opposite,Does the man in the image stand next to his skateboard?,215|146|809|445,96|464|797|168
0e2b08b1b733add7.jpg,/root/autodl-tmp/data/R-bench/validation/0e2b08b1b733add7.jpg,man on the street,unusual bicycle,sitting on,sat on by,0,eval,spatial,Opposite,Is the man on the street sitting on an unusual bicycle?,10|18|410|804,0|265|645|513
e6a6d650481599ba.jpg,/root/autodl-tmp/data/R-bench/validation/e6a6d650481599ba.jpg,man,rink,standing on,stood on by,0,calib,spatial,Random,Is the man in the image standing on the rink?,46|84|646|938,0|307|754|338
1be63da150641ede.jpg,/root/autodl-tmp/data/R-bench/validation/1be63da150641ede.jpg,snowman,woods,near,near,0,eval,spatial,Opposite,Is the snowman in the image near the woods?,338|65|338|652,0|7|1024|402
e9b6333284bec5b5.jpg,/root/autodl-tmp/data/R-bench/validation/e9b6333284bec5b5.jpg,dog,rifle,in front of,behind,0,calib,spatial,Positive,Is the dog sitting in front of the rifle?,392|195|169|430,0|625|722|256
bd12ea92bcab1afd.jpg,/root/autodl-tmp/data/R-bench/validation/bd12ea92bcab1afd.jpg,black suv,black car,on,under,0,eval,spatial,Opposite,Is the black SUV parked on the opposite side of the road as the black car?,31|154|911|522,31|154|911|522
a96f938d1ed1fdc5.jpg,/root/autodl-tmp/data/R-bench/validation/a96f938d1ed1fdc5.jpg,man,trees,behind,in front of,0,eval,spatial,Opposite,Is the man in the image behind the trees?,164|133|382|891,0|0|683|389
a62462153630add0.jpg,/root/autodl-tmp/data/R-bench/validation/a62462153630add0.jpg,owl,red suitcase,on top of,under,0,eval,spatial,Opposite,Is the owl in a cage on top of the red suitcase?,232|215|219|317,490|433|154|230
b6f26c9d7c6667c5.jpg,/root/autodl-tmp/data/R-bench/validation/b6f26c9d7c6667c5.jpg,bed,lamp,under,on top of,0,eval,spatial,Positive,Is the bed under the lamp?,0|154|1024|606,123|207|123|192
940e0e3d0364232a.jpg,/root/autodl-tmp/data/R-bench/validation/940e0e3d0364232a.jpg,airplane,flag,above,below,1,eval,spatial,Positive,Is the airplane above the flag?,420|380|317|126,703|272|279|572
ab5671e8a5e8979d.jpg,/root/autodl-tmp/data/R-bench/validation/ab5671e8a5e8979d.jpg,man,cello,next to,next to,1,eval,spatial,Opposite,Is the man in the image standing next to the cello?,51|0|625|683,317|0|543|683
226062876db3962b.jpg,/root/autodl-tmp/data/R-bench/validation/226062876db3962b.jpg,bee,purple flower,sitting on,sat on by,1,eval,spatial,Positive,Is the bee in the image sitting on a purple flower?,338|212|338|334,0|0|430|683
48abd1db27d7de96.jpg,/root/autodl-tmp/data/R-bench/validation/48abd1db27d7de96.jpg,woman,balance beam,standing on,stood on by,1,eval,spatial,Opposite,Is the woman standing on the balance beam?,250|25|169|979,88|988|616|36
57711acbb13dc757.jpg,/root/autodl-tmp/data/R-bench/validation/57711acbb13dc757.jpg,cow,fence,near,near,1,calib,spatial,Positive,Is the cow standing near the fence?,174|131|789|583,0|453|1024|307
af7c6395e7fdbeb5.jpg,/root/autodl-tmp/data/R-bench/validation/af7c6395e7fdbeb5.jpg,beer glass,people,in front of,behind,1,eval,spatial,Positive,Is the beer glass sitting in front of the people?,373|38|326|697,686|0|338|592
3a1311935103446d.jpg,/root/autodl-tmp/data/R-bench/validation/3a1311935103446d.jpg,car,sidewalk,on,under,1,eval,spatial,Opposite,Is the car parked on the sidewalk?,92|115|932|453,0|376|1024|392
d0ae7b86f30a2f57.jpg,/root/autodl-tmp/data/R-bench/validation/d0ae7b86f30a2f57.jpg,ostrich,fence,behind,in front of,1,calib,spatial,Positive,Is the ostrich standing behind the fence?,50|54|761|629,0|342|1024|334
fc82096621a3bf96.jpg,/root/autodl-tmp/data/R-bench/validation/fc82096621a3bf96.jpg,sugar coated baked good,white plate,on top of,under,1,calib,spatial,Positive,Is the sugar coated baked good on top of the white plate?,512|174|389|341,0|296|1024|454
2f666bfe74564b04.jpg,/root/autodl-tmp/data/R-bench/validation/2f666bfe74564b04.jpg,sewing machine,lamp,under,on top of,1,calib,spatial,Positive,Is the sewing machine under the lamp?,154|77|665|491,154|77|665|491
cd1b5b442c1f0274.jpg,/root/autodl-tmp/data/R-bench/validation/cd1b5b442c1f0274.jpg,bee,purple flowers,above,below,1,calib,spatial,Positive,Is the bee flying above the purple flowers?,288|317|241|134,427|328|436|379
0032257bf3cd56d0.jpg,/root/autodl-tmp/data/R-bench/validation/0032257bf3cd56d0.jpg,elephant,tree,next to,next to,0,eval,spatial,Opposite,Is the elephant standing next to a tree?,123|138|850|622,0|269|164|261
7e397995fc766ac5.jpg,/root/autodl-tmp/data/R-bench/validation/7e397995fc766ac5.jpg,fairy,log,sitting on,sat on by,0,eval,spatial,Positive,Is the fairy sitting on the log?,451|238|286|353,61|192|287|576
6e58d8b2c269091b.jpg,/root/autodl-tmp/data/R-bench/validation/6e58d8b2c269091b.jpg,gray parrot,bookcase,standing on,stood on by,0,eval,spatial,Opposite,Is the gray parrot standing on the bookcase?,174|96|850|478,174|96|850|478
12429c1a9d340911.jpg,/root/autodl-tmp/data/R-bench/validation/12429c1a9d340911.jpg,luxury suv,meter,near,near,0,eval,spatial,Opposite,Is the luxury SUV parked near the meter?,102|69|738|455,102|69|738|455
0fa22c0df9c6f3c6.jpg,/root/autodl-tmp/data/R-bench/validation/0fa22c0df9c6f3c6.jpg,man,taj mahal,in front of,behind,0,eval,spatial,Opposite,Is the man in front of the Taj Mahal?,238|696|138|174,84|102|661|471
1db3793d7c84faa1.jpg,/root/autodl-tmp/data/R-bench/validation/1db3793d7c84faa1.jpg,stretch limo,wet street,on,under,0,eval,spatial,Opposite,Is the stretch limo parked on a wet street?,92|276|819|315,92|276|819|315
7092b10448a58362.jpg,/root/autodl-tmp/data/R-bench/validation/7092b10448a58362.jpg,red car,other cars,behind,in front of,0,calib,spatial,Opposite,Is the red car in the image behind the other cars?,61|307|584|328,164|82|215|102
ac5cb1e70666bd27.jpg,/root/autodl-tmp/data/R-bench/validation/ac5cb1e70666bd27.jpg,rifle with a scope,purple tripod,on top of,under,0,eval,spatial,Opposite,Is the rifle with a scope on top of the purple tripod?,113|230|215|292,113|230|215|292
a7b31e5f2ca9a02f.jpg,/root/autodl-tmp/data/R-bench/validation/a7b31e5f2ca9a02f.jpg,child,cushion fort,under,on top of,1,calib,spatial,Positive,Is the child hiding under the cushion fort?,420|330|143|192,246|192|317|376
9ba56debc7e20d8c.jpg,/root/autodl-tmp/data/R-bench/validation/9ba56debc7e20d8c.jpg,blue curtain,table,above,below,1,eval,spatial,Positive,Is the blue curtain hanging above the table?,8|92|745|789,522|758|246|266
41daff74d5f52e69.jpg,/root/autodl-tmp/data/R-bench/validation/41daff74d5f52e69.jpg,white sports car,red car,next to,next to,1,calib,spatial,Positive,Is the white sports car parked next to a red car?,41|190|932|400,0|197|348|223
389585c0cae5748d.jpg,/root/autodl-tmp/data/R-bench/validation/389585c0cae5748d.jpg,dog,bench,sitting on,sat on by,1,calib,spatial,Positive,Is the dog sitting on the bench?,246|102|369|768,0|512|683|512
f7f83ef0ae3406b2.jpg,/root/autodl-tmp/data/R-bench/validation/f7f83ef0ae3406b2.jpg,woman,surfboard,standing on,stood on by,1,eval,spatial,Positive,Is the woman in the image standing on a surfboard?,247|92|346|860,218|829|474|195
40e3252f39eee5d3.jpg,/root/autodl-tmp/data/R-bench/validation/40e3252f39eee5d3.jpg,sink,window,near,near,1,eval,spatial,Positive,Is the sink near the window?,0|666|300|153,307|10|453|482
0485fd5533a9a837.jpg,/root/autodl-tmp/data/R-bench/validation/0485fd5533a9a837.jpg,kangaroo,bushes,in front of,behind,1,calib,spatial,Positive,Is the kangaroo sitting in front of the bushes?,169|379|369|604,0|0|768|973
49595029959689b7.jpg,/root/autodl-tmp/data/R-bench/validation/49595029959689b7.jpg,vehicle,road,on,under,1,calib,spatial,Positive,Is the vehicle parked on the side of the road?,20|154|932|576,20|161|932|569
cecebfac91ae2c38.jpg,/root/autodl-tmp/data/R-bench/validation/cecebfac91ae2c38.jpg,man,counter,behind,in front of,1,eval,spatial,Opposite,Is the man behind the counter?,31|54|501|414,0|438|932|330
c8a4a228c9df91ef.jpg,/root/autodl-tmp/data/R-bench/validation/c8a4a228c9df91ef.jpg,man,mountain,on top of,under,1,eval,spatial,Positive,Is the man in the image on top of a mountain?,358|240|543|445,0|192|1024|493
28bd6c6b1050e055.jpg,/root/autodl-tmp/data/R-bench/validation/28bd6c6b1050e055.jpg,cat,front tire of the black car,under,on top of,1,calib,spatial,Positive,Is the cat sleeping under the front tire of the black car?,648|532|180|92,0|0|963|533
7466e622ed878695.jpg,/root/autodl-tmp/data/R-bench/validation/7466e622ed878695.jpg,deer,rocks,next to,next to,0,eval,spatial,Opposite,Is the deer standing next to the rocks?,92|150|656|498,451|552|122|69
9861f8093290fb60.jpg,/root/autodl-tmp/data/R-bench/validation/9861f8093290fb60.jpg,woman,blue mat,sitting on,sat on by,0,eval,spatial,Opposite,Is the woman in the image sitting on a blue mat?,215|443|696|136,215|443|696|136
a8c4da25c90c4245.jpg,/root/autodl-tmp/data/R-bench/validation/a8c4da25c90c4245.jpg,girl,beach,standing on,stood on by,0,eval,spatial,Opposite,Is the girl in the image standing on the beach?,10|195|973|246,0|378|1024|252
0b4739147c335514.jpg,/root/autodl-tmp/data/R-bench/validation/0b4739147c335514.jpg,tower,body of water,near,near,0,eval,spatial,Opposite,Is the tower not near the body of water?,329|72|275|880,329|72|275|880
46b1e160e19f7080.jpg,/root/autodl-tmp/data/R-bench/validation/46b1e160e19f7080.jpg,couple,wood paneled wall,in front of,behind,0,eval,spatial,Opposite.,Is the couple standing in front of a wood paneled wall?,61|47|871|624,0|0|1024|678
37c4fa2b815c0b00.jpg,/root/autodl-tmp/data/R-bench/validation/37c4fa2b815c0b00.jpg,black old-fashioned car,street,on,under,0,calib,spatial,Opposite,Is the black old-fashioned car in the image parked on the street?,0|102|1024|799,0|102|1024|799
ce97f7bc90e97109.jpg,/root/autodl-tmp/data/R-bench/validation/ce97f7bc90e97109.jpg,red car,black suv,behind,in front of,0,eval,spatial,Opposite,Is the red car parked behind the black SUV?,92|102|860|530,92|102|850|530
c269b0d43c7ef12f.jpg,/root/autodl-tmp/data/R-bench/validation/c269b0d43c7ef12f.jpg,scoop of ice cream,stack of pancakes,on top of,under,1,eval,spatial,Positive,Is the scoop of ice cream on top of the stack of pancakes?,348|46|369|292,174|238|686|392
40e3252f39eee5d3.jpg,/root/autodl-tmp/data/R-bench/validation/40e3252f39eee5d3.jpg,sink,faucet,under,on top of,1,eval,spatial,Opposite,Is the sink under the faucet?,0|666|300|153,61|543|123|164
81b9fa22daadac52.jpg,/root/autodl-tmp/data/R-bench/validation/81b9fa22daadac52.jpg,man,truck,next to,next to,1,eval,spatial,Positive,Is the man in the image standing next to his truck?,307|200|246|530,31|138|952|592
dcaf07749bc94f41.jpg,/root/autodl-tmp/data/R-bench/validation/dcaf07749bc94f41.jpg,teapot,stove,sitting on,sat on by,1,eval,spatial,Positive,Is the teapot sitting on the stove?,454|18|555|546,0|7|1014|668
da141ae39195c141.jpg,/root/autodl-tmp/data/R-bench/validation/da141ae39195c141.jpg,person,paddleboard,standing on,stood on by,1,eval,spatial,Opposite,Is the person in the image standing on a paddleboard?,256|294|92|211,256|485|215|27
d6db7584e8734c0d.jpg,/root/autodl-tmp/data/R-bench/validation/d6db7584e8734c0d.jpg,people,bull,near,near,1,eval,spatial,Positive,Are there people near the bull in the image?,379|252|276|217,379|252|276|217
59b371efc0009dad.jpg,/root/autodl-tmp/data/R-bench/validation/59b371efc0009dad.jpg,car,trees,in front of,behind,1,eval,spatial,Positive,Is the car in front of the trees?,61|89|891|533,41|0|369|253
cf152d085e5ff80e.jpg,/root/autodl-tmp/data/R-bench/validation/cf152d085e5ff80e.jpg,truck,lawn,on,under,1,calib,spatial,Positive,Is the truck parked on the lawn?,72|230|891|323,0|430|1024|230
952dd90f8d1024bd.jpg,/root/autodl-tmp/data/R-bench/validation/952dd90f8d1024bd.jpg,girl,car,behind,in front of,1,eval,spatial,Positive,Is the girl in the image standing behind the car?,729|32|65|146,41|27|983|649
f0f3cbd5ccd82bd8.jpg,/root/autodl-tmp/data/R-bench/validation/f0f3cbd5ccd82bd8.jpg,plate,table,on top of,under,1,calib,spatial,Opposite,Is the plate on top of the table?,284|348|254|62,115|317|622|687
9ddd7110b59880c8.jpg,/root/autodl-tmp/data/R-bench/validation/9ddd7110b59880c8.jpg,saucer,tea cup,under,on top of,1,calib,spatial,Opposite,Is the saucer under the tea cup?,72|223|809|461,174|15|717|515
0fbd1b85fc01d2ae.jpg,/root/autodl-tmp/data/R-bench/validation/0fbd1b85fc01d2ae.jpg,white van,blue station wagon,next to,next to,0,calib,spatial,Opposite,Is the white van parked next to the blue station wagon?,51|178|922|369,51|178|922|369
1b086e36b62a2151.jpg,/root/autodl-tmp/data/R-bench/validation/1b086e36b62a2151.jpg,leopard,rock,sitting on,sat on by,0,eval,spatial,Positive,Is the leopard sitting on the rock?,126|163|898|453,0|330|1024|438
6f804844ccc5126b.jpg,/root/autodl-tmp/data/R-bench/validation/6f804844ccc5126b.jpg,man,segway,standing on,stood on by,0,eval,spatial,Opposite,Is the man wearing a yellow vest standing on the segway?,399|92|338|789,379|430|389|553
6abc53cd80bb2f83.jpg,/root/autodl-tmp/data/R-bench/validation/6abc53cd80bb2f83.jpg,men wearing hats,carts,near,near,1,calib,spatial,Positive,Are there men wearing hats standing near the carts?,840|27|61|35,10|48|901|630
82560833eab971a5.jpg,/root/autodl-tmp/data/R-bench/validation/82560833eab971a5.jpg,people,food stand,in front of,behind,0,eval,spatial,Opposite,Are the people in the image standing in front of the food stand?,358|129|215|318,358|433|287|170
e4fabe3c9e27d528.jpg,/root/autodl-tmp/data/R-bench/validation/e4fabe3c9e27d528.jpg,black classic car,gravel,on,under,0,calib,spatial,Opposite,Is the black classic car in the image parked on gravel?,123|8|840|735,123|8|840|735
255bfaef93b509cf.jpg,/root/autodl-tmp/data/R-bench/validation/255bfaef93b509cf.jpg,truck,plume of smoke,behind,in front of,0,eval,spatial,Opposite,Is the truck parked behind the plume of smoke?,40|118|907|570,31|0|870|284
a3aade02e5418967.jpg,/root/autodl-tmp/data/R-bench/validation/a3aade02e5418967.jpg,bowl,red plate,on top of,under,1,eval,spatial,Positive,Is the bowl of candies on top of the red plate?,23|45|645|369,0|20|1024|656
920cdf2d9f5a8b82.jpg,/root/autodl-tmp/data/R-bench/validation/920cdf2d9f5a8b82.jpg,van,wooden roof,under,on top of,1,calib,spatial,Positive,Is the van parked under a wooden roof?,125|221|771|331,0|0|1024|219
f470e767bb1f5070.jpg,/root/autodl-tmp/data/R-bench/validation/f470e767bb1f5070.jpg,man,car,next to,next to,1,eval,spatial,Opposite,Is the man in the image kneeling next to the car?,20|422|185|157,225|34|625|606
4f25e56666f79025.jpg,/root/autodl-tmp/data/R-bench/validation/4f25e56666f79025.jpg,lizard,plant,sitting on,sat on by,1,eval,spatial,Positive,Is the lizard in the image sitting on a plant?,0|222|669|461,0|151|671|425
7f58d35e931e4bd7.jpg,/root/autodl-tmp/data/R-bench/validation/7f58d35e931e4bd7.jpg,dog,sidewalk,standing on,stood on by,1,calib,spatial,Positive,Is the dog standing on the sidewalk?,369|69|358|615,0|15|983|538
0af4ba8fd2a7e628.jpg,/root/autodl-tmp/data/R-bench/validation/0af4ba8fd2a7e628.jpg,sink,bathtub,near,near,1,eval,spatial,Positive,Is the sink near the bathtub?,0|207|686|561,0|8|1024|752
75a5942a2f0a04eb.jpg,/root/autodl-tmp/data/R-bench/validation/75a5942a2f0a04eb.jpg,bagel,cake,in front of,behind,1,eval,spatial,Opposite,Is the bagel in front of the cake?,0|197|768|606,267|42|351|164
94a0efb2383b5178.jpg,/root/autodl-tmp/data/R-bench/validation/94a0efb2383b5178.jpg,red truck,side of the road,on,under,1,eval,spatial,Positive,Is the red truck parked on the side of the road?,72|61|870|630,72|61|870|630
5186be6866db2e1c.jpg,/root/autodl-tmp/data/R-bench/validation/5186be6866db2e1c.jpg,red sports car,another car on the road,behind,in front of,1,eval,spatial,Positive,Is the red sports car behind another car on the road?,123|273|594|280,123|273|594|280
ee066cfc214185cb.jpg,/root/autodl-tmp/data/R-bench/validation/ee066cfc214185cb.jpg,plate,placemat,on top of,under,1,calib,spatial,Positive,Is the plate on top of the placemat?,0|238|1024|522,0|77|1024|322
182268e1f8c6525f.jpg,/root/autodl-tmp/data/R-bench/validation/182268e1f8c6525f.jpg,orange car,tree,under,on top of,1,eval,spatial,Positive,Is the orange car parked under the tree?,82|137|666|464,82|137|666|464
cf5c3c91e3591b4e.jpg,/root/autodl-tmp/data/R-bench/validation/cf5c3c91e3591b4e.jpg,pen,calculator,next to,next to,0,eval,spatial,Opposite,Is the pen not next to the calculator?,520|378|45|416,68|174|413|652
c6fa0a8fcd9961f1.jpg,/root/autodl-tmp/data/R-bench/validation/c6fa0a8fcd9961f1.jpg,woman,tripod,sitting on,sat on by,0,calib,spatial,Opposite,Is the woman in the image sitting on a tripod?,328|11|614|547,676|374|174|184
537843c1be04501c.jpg,/root/autodl-tmp/data/R-bench/validation/537843c1be04501c.jpg,woman,paddle board,standing on,stood on by,0,eval,spatial,Opposite,Is the woman in the image standing on a paddle board?,420|320|133|224,174|469|563|102
363c92c6711e4380.jpg,/root/autodl-tmp/data/R-bench/validation/363c92c6711e4380.jpg,sparrow,flower,near,near,1,calib,spatial,Positive,Is the sparrow near the flower?,352|258|493|446,696|422|328|231
59a9abf74e5b31a3.jpg,/root/autodl-tmp/data/R-bench/validation/59a9abf74e5b31a3.jpg,train,red car,in front of,behind,0,eval,spatial,Opposite,Is the train in front of the red car?,82|328|942|327,573|584|226|61
cee436168b5e16ed.jpg,/root/autodl-tmp/data/R-bench/validation/cee436168b5e16ed.jpg,dark green car,road,on,under,0,eval,spatial,Opposite,Is the dark green car parked on the road?,41|81|881|562,41|81|881|562
76dc2394748a20de.jpg,/root/autodl-tmp/data/R-bench/validation/76dc2394748a20de.jpg,person,dog,behind,in front of,0,calib,spatial,Positive,Is the person behind the dog?,0|0|369|615,420|191|399|226
c1e61b37a07c748f.jpg,/root/autodl-tmp/data/R-bench/validation/c1e61b37a07c748f.jpg,doughnut,paper bag,on top of,under,1,eval,spatial,Positive,Is the doughnut on top of the paper bag?,232|86|477|476,23|10|745|1004
71c022fa0b5b7ec6.jpg,/root/autodl-tmp/data/R-bench/validation/71c022fa0b5b7ec6.jpg,dresser,window,under,on top of,1,eval,spatial,Opposite,Is the dresser under the window?,344|748|476|276,148|205|672|522
b3c1dc254d821440.jpg,/root/autodl-tmp/data/R-bench/validation/b3c1dc254d821440.jpg,teapot,yellow cup,next to,next to,1,eval,spatial,Positive,Is the teapot next to the yellow cup?,184|84|430|469,440|392|359|276
2cff2da279756f7a.jpg,/root/autodl-tmp/data/R-bench/validation/2cff2da279756f7a.jpg,blue dragonfly,green leaf,sitting on,sat on by,1,eval,spatial,Positive,Is the blue dragonfly sitting on the green leaf?,328|72|604|911,328|72|604|911
bfb906dcdef46ad3.jpg,/root/autodl-tmp/data/R-bench/validation/bfb906dcdef46ad3.jpg,wok,wooden table,standing on,stood on by,1,calib,spatial,Opposite,Is the wok standing on the wooden table?,46|106|978|374,0|0|1024|760
eec6d050a12fec7d.jpg,/root/autodl-tmp/data/R-bench/validation/eec6d050a12fec7d.jpg,tower,skyscraper,near,near,1,calib,spatial,Positive,Is the tower near the skyscraper?,283|45|426|848,0|0|283|883
68624a5135fb2f39.jpg,/root/autodl-tmp/data/R-bench/validation/68624a5135fb2f39.jpg,man,podium,in front of,behind,1,calib,spatial,Positive,Is the man in the image speaking in front of a podium?,0|55|481|857,246|693|778|219
16349005622c6450.jpg,/root/autodl-tmp/data/R-bench/validation/16349005622c6450.jpg,motorcycle,road,on,under,1,eval,spatial,Positive,Is the motorcycle parked on the side of the road?,20|8|594|729,20|8|994|729
299f0363ae21d1c3.jpg,/root/autodl-tmp/data/R-bench/validation/299f0363ae21d1c3.jpg,blue sports car,commercial van,behind,in front of,1,eval,spatial,Positive,Is the blue sports car behind a commercial van?,164|150|696|444,462|396|127|66
89cd3ed1aa28cc13.jpg,/root/autodl-tmp/data/R-bench/validation/89cd3ed1aa28cc13.jpg,mummy doll,picnic basket,on top of,under,1,calib,spatial,Positive,Is the mummy doll on top of the picnic basket?,82|184|840|389,133|420|676|399
35299cbbddd32ec4.jpg,/root/autodl-tmp/data/R-bench/validation/35299cbbddd32ec4.jpg,man wearing a brown hat,old man with glasses,next to,next to,0,eval,spatial,Opposite,Is the man wearing a brown hat standing next to the old man with glasses?,573|174|379|698,573|174|379|698
7dd088a7971162ec.jpg,/root/autodl-tmp/data/R-bench/validation/7dd088a7971162ec.jpg,man,missile,sitting on,sat on by,0,eval,spatial,Opposite,Is the man in the image sitting on top of a missile?,451|302|81|237,102|327|635|163
12bf58041aa68451.jpg,/root/autodl-tmp/data/R-bench/validation/12bf58041aa68451.jpg,frog,leaf,standing on,stood on by,0,eval,spatial,Opposite,Is the frog standing on the leaf?,98|230|631|343,0|55|1024|621
41c7ee95543af458.jpg,/root/autodl-tmp/data/R-bench/validation/41c7ee95543af458.jpg,people,coca-cola tents,near,near,1,eval,spatial,Positive,Are there people near the Coca-Cola tents?,348|286|82|106,0|4|430|388
4037daacf65afd17.jpg,/root/autodl-tmp/data/R-bench/validation/4037daacf65afd17.jpg,man,large structure,in front of,behind,0,eval,spatial,Positive,Is the man sitting in front of the large structure?,622|758|54|143,0|61|737|912
5894684a6f19c9a5.jpg,/root/autodl-tmp/data/R-bench/validation/5894684a6f19c9a5.jpg,red car,side of the street,on,under,0,eval,spatial,Opposite,Is the red car parked on the side of the street?,113|156|911|517,113|156|911|517
64c9f3614d5e8168.jpg,/root/autodl-tmp/data/R-bench/validation/64c9f3614d5e8168.jpg,scooter,skateboard,behind,in front of,0,eval,spatial,Opposite,Is the scooter behind the skateboard?,143|458|574|198,143|458|574|198
37aa4955abe6f603.jpg,/root/autodl-tmp/data/R-bench/validation/37aa4955abe6f603.jpg,egg,bread,on top of,under,1,calib,spatial,Positive,Is the egg on top of the bread?,20|198|697|444,31|198|676|444
42912153cba51c7e.jpg,/root/autodl-tmp/data/R-bench/validation/42912153cba51c7e.jpg,pretzel,black mouse,next to,next to,1,eval,spatial,Positive,Is the pretzel in the image next to a black mouse?,266|164|471|444,0|423|154|260
0fd87d6c06de6882.jpg,/root/autodl-tmp/data/R-bench/validation/0fd87d6c06de6882.jpg,monkey,stone,sitting on,sat on by,1,eval,spatial,Positive,Is the monkey in the image sitting on a stone?,154|82|522|932,154|82|522|932
19682f51b9c5e5d5.jpg,/root/autodl-tmp/data/R-bench/validation/19682f51b9c5e5d5.jpg,goat,rocky hillside,standing on,stood on by,1,calib,spatial,Positive,Is the goat standing on a rocky hillside?,328|178|399|368,0|0|1024|683
d9ee0aa080c3f5a1.jpg,/root/autodl-tmp/data/R-bench/validation/d9ee0aa080c3f5a1.jpg,round wooden table,chairs,near,near,1,eval,spatial,Opposite,Is the round wooden table near the chairs?,102|480|461|199,461|384|184|302
464b7d197826674d.jpg,/root/autodl-tmp/data/R-bench/validation/464b7d197826674d.jpg,bench,water,in front of,behind,1,eval,spatial,Positive,Is the bench in front of the water?,133|323|707|337,133|323|707|337
07d49ad2075e876b.jpg,/root/autodl-tmp/data/R-bench/validation/07d49ad2075e876b.jpg,gray car,side of the street,on,under,1,calib,spatial,Positive,Is the gray car parked on the side of the street?,0|169|1014|562,0|169|1014|562
84930606ad9bc457.jpg,/root/autodl-tmp/data/R-bench/validation/84930606ad9bc457.jpg,woman,counter,behind,in front of,1,eval,spatial,Opposite,Is the woman standing behind the counter?,223|164|368|696,0|819|768|205
150612cbff32ca98.jpg,/root/autodl-tmp/data/R-bench/validation/150612cbff32ca98.jpg,hamster,couch,on top of,under,1,eval,spatial,Positive,Is the hamster in the image crouched on top of a couch?,20|75|615|541,20|75|615|541
2117bc938d9d9ea4.jpg,/root/autodl-tmp/data/R-bench/validation/2117bc938d9d9ea4.jpg,woman,person wearing headphones,next to,next to,0,eval,spatial,Opposite,Is the woman standing next to the person wearing headphones?,440|0|584|753,348|415|440|353
7db24634d94dfff1.jpg,/root/autodl-tmp/data/R-bench/validation/7db24634d94dfff1.jpg,man,car,sitting on,sat on by,0,eval,spatial,Opposite,Is the man in the image sitting on a car?,34|430|294|512,48|266|635|451
ca3ef34d7304dd6c.jpg,/root/autodl-tmp/data/R-bench/validation/ca3ef34d7304dd6c.jpg,woman,steps,standing on,stood on by,0,eval,spatial,Opposite,Is the woman standing on steps in the image?,192|175|248|707,61|543|267|307
ce10b909451393b7.jpg,/root/autodl-tmp/data/R-bench/validation/ce10b909451393b7.jpg,chest of drawers,trash can,near,near,1,eval,spatial,Positive,Is the chest of drawers near a trash can?,70|77|839|609,860|353|154|261
b18f7b35bdb3c8d9.jpg,/root/autodl-tmp/data/R-bench/validation/b18f7b35bdb3c8d9.jpg,man,blue backdrop,in front of,behind,0,eval,spatial,Opposite,Is the man in the image standing in front of a blue backdrop?,317|75|471|601,0|0|1024|683
1d5e24ad2e68770d.jpg,/root/autodl-tmp/data/R-bench/validation/1d5e24ad2e68770d.jpg,car,road,on,under,1,eval,spatial,Positive,Is the car parked on the side of the road?,61|108|871|529,61|108|871|529
299f0363ae21d1c3.jpg,/root/autodl-tmp/data/R-bench/validation/299f0363ae21d1c3.jpg,blue lotus,vehicle advertising jennie's flowers,behind,in front of,0,eval,spatial,Opposite,Is the blue Lotus stopped behind a vehicle advertising Jennie's Flowers?,164|157|696|437,462|396|127|66
1c63f023a27a8a05.jpg,/root/autodl-tmp/data/R-bench/validation/1c63f023a27a8a05.jpg,lighthouse,mountain,on top of,under,1,eval,spatial,Opposite,Is the lighthouse on top of a mountain?,778|156|51|95,195|265|829|414
59a9abf74e5b31a3.jpg,/root/autodl-tmp/data/R-bench/validation/59a9abf74e5b31a3.jpg,red car,train,next to,next to,1,eval,spatial,Positive,Is the red car parked next to the train?,573|594|226|51,72|317|952|338
d41fcf855e01eb44.jpg,/root/autodl-tmp/data/R-bench/validation/d41fcf855e01eb44.jpg,cocktail glass,table,sitting on,sat on by,1,eval,spatial,Positive,Is the cocktail glass sitting on the table?,261|20|376|994,0|215|768|809
6eb70509fcd7d06b.jpg,/root/autodl-tmp/data/R-bench/validation/6eb70509fcd7d06b.jpg,rooster,wooden ledge,standing on,stood on by,1,eval,spatial,Opposite,Is the rooster standing on the wooden ledge?,166|141|471|483,10|389|789|294
eada86bb7ee98792.jpg,/root/autodl-tmp/data/R-bench/validation/eada86bb7ee98792.jpg,sink,window,near,near,1,calib,spatial,Positive,Is the sink located near the window?,686|349|174|68,625|0|379|404
3994011ca62ac82b.jpg,/root/autodl-tmp/data/R-bench/validation/3994011ca62ac82b.jpg,black puppy,larger puppy,in front of,behind,1,eval,spatial,Positive,Is the black puppy standing in front of a larger puppy?,82|0|768|685,0|0|799|274
321da37c33ba3ce7.jpg,/root/autodl-tmp/data/R-bench/validation/321da37c33ba3ce7.jpg,taxi,road,on,under,1,eval,spatial,Positive,Is the taxi in the image parked on the side of the road?,219|0|669|527,215|40|676|478
8617694c95033edf.jpg,/root/autodl-tmp/data/R-bench/validation/8617694c95033edf.jpg,man,mule,behind,in front of,1,eval,spatial,Positive,Is the man in the image behind the mule?,10|27|154|459,184|192|584|485
1cadca0d3ff6e185.jpg,/root/autodl-tmp/data/R-bench/validation/1cadca0d3ff6e185.jpg,vase,small table,on top of,under,1,calib,spatial,Positive,Is the vase on top of the small table?,300|655|176|164,230|768|262|256
07d49ad2075e876b.jpg,/root/autodl-tmp/data/R-bench/validation/07d49ad2075e876b.jpg,silver car,dark colored sporty car,next to,next to,0,calib,spatial,Opposite,Is the silver car parked next to the dark colored sporty car?,604|77|348|169,0|169|1014|562
5f6f275c9dc49783.jpg,/root/autodl-tmp/data/R-bench/validation/5f6f275c9dc49783.jpg,couple,motorcycle,sitting on,sat on by,0,eval,spatial,Opposite,Is the couple sitting on the motorcycle?,154|90|819|547,154|90|819|547
1ae697dce5fa2a7d.jpg,/root/autodl-tmp/data/R-bench/validation/1ae697dce5fa2a7d.jpg,woman,red carpet,standing on,stood on by,1,calib,spatial,Opposite,Is the woman standing on the red carpet?,166|41|382|942,0|717|721|307
b655ede651e45487.jpg,/root/autodl-tmp/data/R-bench/validation/b655ede651e45487.jpg,sink,bottles,near,near,1,eval,spatial,Positive,Is the sink near the bottles?,0|748|799|225,510|453|118|286
28f45b12ee25ae19.jpg,/root/autodl-tmp/data/R-bench/validation/28f45b12ee25ae19.jpg,girl,bookshelf,in front of,behind,1,eval,spatial,Positive,Is the girl reading a book in front of a bookshelf?,748|197|256|690,0|260|1024|591
e742e284c7c9da96.jpg,/root/autodl-tmp/data/R-bench/validation/e742e284c7c9da96.jpg,car,side of the road,on,under,1,eval,spatial,Positive,Is the car parked on the side of the road?,72|100|921|522,72|100|921|522
cc2a3e52994f7b80.jpg,/root/autodl-tmp/data/R-bench/validation/cc2a3e52994f7b80.jpg,lynx,tree,behind,in front of,0,eval,spatial,Opposite,Is the lynx standing behind the tree?,71|110|566|573,563|0|461|683
34b8358262d2a434.jpg,/root/autodl-tmp/data/R-bench/validation/34b8358262d2a434.jpg,blue starfish,rock,on top of,under,1,eval,spatial,Positive,Is the blue starfish lying on top of the rock?,246|154|532|468,461|92|307|284
75b0b8cd08840f4e.jpg,/root/autodl-tmp/data/R-bench/validation/75b0b8cd08840f4e.jpg,man,tripod,next to,next to,1,calib,spatial,Positive,Is the man in the image standing next to a tripod?,169|338|376|471,384|410|338|430
16ef4027ab1b5d31.jpg,/root/autodl-tmp/data/R-bench/validation/16ef4027ab1b5d31.jpg,bee,flower,sitting on,sat on by,1,eval,spatial,Opposite,Is the bee in the image sitting on the flower?,69|184|261|277,0|369|753|655
8fe72eeea90087b1.jpg,/root/autodl-tmp/data/R-bench/validation/8fe72eeea90087b1.jpg,scorpion,yellow cloth mat,standing on,stood on by,1,calib,spatial,Positive,Is the scorpion standing on a yellow cloth mat?,338|96|420|471,0|116|1024|567
0e7294d6ce0c1ee3.jpg,/root/autodl-tmp/data/R-bench/validation/0e7294d6ce0c1ee3.jpg,dog,people,near,near,1,eval,spatial,Positive,Is the dog near the people?,113|61|819|551,594|0|297|272
3e49a1c1b227ea28.jpg,/root/autodl-tmp/data/R-bench/validation/3e49a1c1b227ea28.jpg,man,chalkboard,in front of,behind,1,eval,spatial,Opposite,Is the man in the image standing in front of the chalkboard?,502|261|225|484,0|77|1024|422
a94c4223d45aaf34.jpg,/root/autodl-tmp/data/R-bench/validation/a94c4223d45aaf34.jpg,antique car,grass,on,under,1,eval,spatial,Positive,Is the antique car parked on the grass?,102|27|799|595,102|34|799|588
7fa8b4a5f88946e4.jpg,/root/autodl-tmp/data/R-bench/validation/7fa8b4a5f88946e4.jpg,giraffe,zebras,behind,in front of,1,eval,spatial,Positive,Is the giraffe standing behind the zebras?,245|221|472|566,61|686|500|225
