image_id,image_path,s,o,r,r_inv,label,split,family,qtype,orig_text,sub_box,obj_box
8c4e736ef60aa3f9.jpg,/root/autodl-tmp/data/R-bench/validation/8c4e736ef60aa3f9.jpg,man,red hat,wearing,worn by,1,calib,non-spatial,Positive,Does the man in the image wear a red hat?,0|51|768|973,177|51|483|318
cc3be92a42a1ce64.jpg,/root/autodl-tmp/data/R-bench/validation/cc3be92a42a1ce64.jpg,man,clothing,wearing,worn by,0,calib,non-spatial,Positive,Is the man in the image wearing clothing?,51|31|205|655,532|133|164|256
336bacff8461dbaa.jpg,/root/autodl-tmp/data/R-bench/validation/336bacff8461dbaa.jpg,woman,red swimsuit,wearing,worn by,1,eval,non-spatial,Positive,Is the woman in the image wearing a red swimsuit?,214|184|544|625,348|266|169|266
9ae2d9c5782e3d8c.jpg,/root/autodl-tmp/data/R-bench/validation/9ae2d9c5782e3d8c.jpg,man,black coat,wearing,worn by,0,eval,non-spatial,Opposite,Is the man in the image wearing a black coat?,0|369|768|655,0|369|768|655
ce7ee590cc097ae0.jpg,/root/autodl-tmp/data/R-bench/validation/ce7ee590cc097ae0.jpg,blonde barbie doll,pink lipstick,wearing,worn by,1,eval,non-spatial,Positive,Is the blonde Barbie doll wearing pink lipstick?,215|8|573|760,522|445|133|70
63e2c41f873864a3.jpg,/root/autodl-tmp/data/R-bench/validation/63e2c41f873864a3.jpg,man,santa costume,wearing,worn by,0,calib,non-spatial,Opposite,Is the man in the image wearing a Santa costume?,440|178|236|498,440|178|236|498
3d27c190d43ac211.jpg,/root/autodl-tmp/data/R-bench/validation/3d27c190d43ac211.jpg,man,swim cap,wearing,worn by,1,eval,non-spatial,Positive,Does the man in the image wear a swim cap?,0|89|666|279,430|89|154|108
a51400dd646350f7.jpg,/root/autodl-tmp/data/R-bench/validation/a51400dd646350f7.jpg,man,vest,wearing,worn by,0,calib,non-spatial,Opposite,Is the man in the image wearing a vest?,0|0|1024|676,0|0|1024|676
55f1af9a02042d09.jpg,/root/autodl-tmp/data/R-bench/validation/55f1af9a02042d09.jpg,man,roller skates,wearing,worn by,1,eval,non-spatial,Positive,Is the man in the image wearing roller skates?,102|31|335|962,273|891|82|102
5635c9b530f89131.jpg,/root/autodl-tmp/data/R-bench/validation/5635c9b530f89131.jpg,man,black suit,wearing,worn by,0,eval,non-spatial,Opposite,Is the man in the image wearing a black suit?,34|41|512|973,410|10|259|871
c4e8395425f49d05.jpg,/root/autodl-tmp/data/R-bench/validation/c4e8395425f49d05.jpg,man,helmet,wearing,worn by,1,calib,non-spatial,Positive,Is the man in the image wearing a helmet?,297|123|276|396,369|123|82|55
125fd09ae6bccf6a.jpg,/root/autodl-tmp/data/R-bench/validation/125fd09ae6bccf6a.jpg,man,blue goggle,wearing,worn by,0,calib,non-spatial,Opposite,Does the man in the image wear a blue goggle?,174|136|113|91,174|136|113|91
c54175229271d3f0.jpg,/root/autodl-tmp/data/R-bench/validation/c54175229271d3f0.jpg,woman,underwear,wearing,worn by,1,calib,non-spatial,Opposite,Is the woman in the image wearing underwear that advertises burgers and drinks?,93|0|825|1024,213|461|566|399
ec54e8eb3ba51fd9.jpg,/root/autodl-tmp/data/R-bench/validation/ec54e8eb3ba51fd9.jpg,boys,hats,wearing,worn by,0,calib,non-spatial,Positive,Are the boys wearing hats?,553|215|205|215,696|138|144|77
ac36d564ad0b93e1.jpg,/root/autodl-tmp/data/R-bench/validation/ac36d564ad0b93e1.jpg,woman,blue outfit,wearing,worn by,1,eval,non-spatial,Positive,Is the woman in the image wearing a blue outfit?,348|0|676|492,410|0|286|485
c7133cc36acc887d.jpg,/root/autodl-tmp/data/R-bench/validation/c7133cc36acc887d.jpg,girl,heart-shaped gem,wearing,worn by,0,eval,non-spatial,Opposite,Is the girl in the image wearing a heart-shaped gem?,338|127|225|194,338|127|225|194
53859c6247a3db01.jpg,/root/autodl-tmp/data/R-bench/validation/53859c6247a3db01.jpg,man,glasses,wearing,worn by,1,eval,non-spatial,Opposite,Does the man in the image wear glasses?,143|138|133|215,205|161|51|39
626a3711b885a310.jpg,/root/autodl-tmp/data/R-bench/validation/626a3711b885a310.jpg,man,goggles,wearing,worn by,0,calib,non-spatial,Opposite,Is the man in the image wearing goggles?,532|0|410|191,440|301|92|61
c22e29581c0e797e.jpg,/root/autodl-tmp/data/R-bench/validation/c22e29581c0e797e.jpg,man,blue helmet,wearing,worn by,1,eval,non-spatial,Opposite,Is the man in the image wearing a blue helmet?,543|164|235|334,543|164|112|61
409f7b5ca2a458c6.jpg,/root/autodl-tmp/data/R-bench/validation/409f7b5ca2a458c6.jpg,woman,swim cap,wearing,worn by,0,eval,non-spatial,Opposite,Is the woman in the image wearing a swim cap?,0|171|348|232,430|150|133|157
1e73dd071c85fe3d.jpg,/root/autodl-tmp/data/R-bench/validation/1e73dd071c85fe3d.jpg,man,helmet,wearing,worn by,1,calib,non-spatial,Positive,Is the man in the image wearing a helmet?,358|229|471|246,717|229|112|72
24073df6a9c58c6b.jpg,/root/autodl-tmp/data/R-bench/validation/24073df6a9c58c6b.jpg,boy,swim cap,wearing,worn by,0,eval,non-spatial,Opposite,Is the boy in the image wearing a swim cap?,266|581|133|102,717|266|133|110
ecb9d4f10c69569d.jpg,/root/autodl-tmp/data/R-bench/validation/ecb9d4f10c69569d.jpg,man,jeans,wearing,worn by,1,eval,non-spatial,Positive,Does the man in the image wear jeans?,61|102|397|922,113|914|309|110
9a716890c5e81744.jpg,/root/autodl-tmp/data/R-bench/validation/9a716890c5e81744.jpg,woman,black dress,wearing,worn by,0,eval,non-spatial,Opposite,Is the woman wearing a black dress?,697|126|291|508,697|126|291|508
1f7c714c88527e6b.jpg,/root/autodl-tmp/data/R-bench/validation/1f7c714c88527e6b.jpg,man,shirt,wearing,worn by,1,calib,non-spatial,Positive,Does the man in the image wear a shirt?,204|209|615|474,202|199|621|482
a6fba3d8e01d2219.jpg,/root/autodl-tmp/data/R-bench/validation/a6fba3d8e01d2219.jpg,woman,glasses,wearing,worn by,0,eval,non-spatial,Opposite,Does the woman in the image wear glasses?,492|386|61|40,492|386|61|40
86463a5a7dcb1a69.jpg,/root/autodl-tmp/data/R-bench/validation/86463a5a7dcb1a69.jpg,man,cowboy hat,wearing,worn by,1,calib,non-spatial,Positive,Is the man in the image wearing a cowboy hat?,481|97|543|648,614|97|246|156
1f0c0b509013b719.jpg,/root/autodl-tmp/data/R-bench/validation/1f0c0b509013b719.jpg,woman,revealing top,wearing,worn by,0,eval,non-spatial,Opposite,Is the woman wearing a revealing top in the image?,90|41|540|983,111|522|373|502
295a7f2d76bcccb2.jpg,/root/autodl-tmp/data/R-bench/validation/295a7f2d76bcccb2.jpg,man,cowboy hat,wearing,worn by,1,eval,non-spatial,Positive,Is the man wearing a cowboy hat?,197|20|376|1004,262|10|246|123
1a17241c6f0e6642.jpg,/root/autodl-tmp/data/R-bench/validation/1a17241c6f0e6642.jpg,woman,roller skates,wearing,worn by,0,eval,non-spatial,Positive,Is the woman in the image wearing roller skates?,51|235|420|677,696|686|92|122
bc37ccba2857d1e7.jpg,/root/autodl-tmp/data/R-bench/validation/bc37ccba2857d1e7.jpg,man,headphones,wearing,worn by,1,calib,non-spatial,Positive,Does the man in the image wear headphones?,0|113|683|911,0|113|369|563
f2982de44f9ba275.jpg,/root/autodl-tmp/data/R-bench/validation/f2982de44f9ba275.jpg,batter,baseball glove,wearing,worn by,0,calib,non-spatial,Positive,Is the batter wearing a baseball glove?,72|215|327|545,422|496|106|85
582be29db5b1a39d.jpg,/root/autodl-tmp/data/R-bench/validation/582be29db5b1a39d.jpg,woman,fedora,wearing,worn by,1,eval,non-spatial,Positive,Does the woman in the image wear a fedora?,9|10|901|1014,73|0|755|328
a0da01a93a6f51bf.jpg,/root/autodl-tmp/data/R-bench/validation/a0da01a93a6f51bf.jpg,umpire,baseball glove,wearing,worn by,0,eval,non-spatial,Opposite,Is the umpire wearing a baseball glove?,840|314|184|328,707|512|41|62
bb38e87f8edff17e.jpg,/root/autodl-tmp/data/R-bench/validation/bb38e87f8edff17e.jpg,man,accordion,wearing,worn by,1,eval,non-spatial,Positive,Does the man in the image wear an accordion?,79|113|841|911,267|594|534|430
114d6b81e7b1fa08.jpg,/root/autodl-tmp/data/R-bench/validation/114d6b81e7b1fa08.jpg,kids,martial arts uniforms,wearing,worn by,0,calib,non-spatial,Opposite,Are the kids in the image wearing martial arts uniforms?,287|123|645|891,41|215|297|686
2f8519bef8ae1be2.jpg,/root/autodl-tmp/data/R-bench/validation/2f8519bef8ae1be2.jpg,man,helmet,wearing,worn by,1,calib,non-spatial,Positive,Is the man in the image wearing a helmet?,154|0|665|591,502|0|112|100
93b24942ce3d7bad.jpg,/root/autodl-tmp/data/R-bench/validation/93b24942ce3d7bad.jpg,child,swimsuit,wearing,worn by,0,calib,non-spatial,Opposite,Is the child in the image wearing a swimsuit?,246|6|327|420,614|415|185|161
c7133cc36acc887d.jpg,/root/autodl-tmp/data/R-bench/validation/c7133cc36acc887d.jpg,woman,tiara,wearing,worn by,1,eval,non-spatial,Positive,Does the woman in the image wear a tiara?,10|8|1014|745,10|8|1014|745
af1efe94dd9f3cfa.jpg,/root/autodl-tmp/data/R-bench/validation/af1efe94dd9f3cfa.jpg,woman,straw hat,wearing,worn by,0,eval,non-spatial,Positive,Is the woman wearing the straw hat in the image?,420|164|584|519,31|116|645|437
f5288d905c37663c.jpg,/root/autodl-tmp/data/R-bench/validation/f5288d905c37663c.jpg,person,trash can,wearing,worn by,1,calib,non-spatial,Opposite,Is the person wearing jeans and black jacket near the trash can?,492|131|286|637,0|330|358|438
d5d1952f2fce9ab6.jpg,/root/autodl-tmp/data/R-bench/validation/d5d1952f2fce9ab6.jpg,woman,hat,wearing,worn by,0,calib,non-spatial,Opposite,Is the woman wearing a hat?,31|121|686|455,164|121|246|311
4f7930bdc1214e9e.jpg,/root/autodl-tmp/data/R-bench/validation/4f7930bdc1214e9e.jpg,woman,wedding dress,wearing,worn by,1,calib,non-spatial,Positive,Is the woman in the image wearing a wedding dress?,177|92|468|932,284|522|269|502
25ce96bd10afe1b0.jpg,/root/autodl-tmp/data/R-bench/validation/25ce96bd10afe1b0.jpg,people,red glasses,wearing,worn by,0,eval,non-spatial,Opposite,Do the people in the image wear red glasses?,536|402|366|364,348|353|174|108
8892e718f9108db9.jpg,/root/autodl-tmp/data/R-bench/validation/8892e718f9108db9.jpg,man,hat,wearing,worn by,1,eval,non-spatial,Positive,Does the man in the image wear a hat?,184|8|830|760,184|8|574|345
7cf856f5398d8138.jpg,/root/autodl-tmp/data/R-bench/validation/7cf856f5398d8138.jpg,woman,skull,wearing,worn by,0,eval,non-spatial,Opposite,Is the woman in the image wearing a skull?,236|230|184|523,0|207|256|561
421a93da4e4152f3.jpg,/root/autodl-tmp/data/R-bench/validation/421a93da4e4152f3.jpg,man,ball cap,wearing,worn by,1,eval,non-spatial,Random,Is the man in the image wearing a ball cap?,184|100|256|368,317|100|62|46
2a5afcdc389ddca3.jpg,/root/autodl-tmp/data/R-bench/validation/2a5afcdc389ddca3.jpg,person,backpack,wearing,worn by,0,calib,non-spatial,Opposite,Is the person in the image wearing a backpack?,840|55|184|505,389|171|184|164
fb606f3170d6e48e.jpg,/root/autodl-tmp/data/R-bench/validation/fb606f3170d6e48e.jpg,woman,blue jacket,wearing,worn by,1,eval,non-spatial,Positive,Is the woman in the image wearing a blue jacket?,440|584|195|184,440|584|195|184
c10540cd4f062e0c.jpg,/root/autodl-tmp/data/R-bench/validation/c10540cd4f062e0c.jpg,woman,black shirt,wearing,worn by,0,eval,non-spatial,Opposite,Is the woman in the image wearing a black shirt?,148|666|527|358,148|666|527|358
be67e17ec45f009e.jpg,/root/autodl-tmp/data/R-bench/validation/be67e17ec45f009e.jpg,man,suit,wearing,worn by,1,eval,non-spatial,Positive,Does the man in the image wear a suit?,307|51|328|973,307|225|329|799
c0b0133682bf5fb2.jpg,/root/autodl-tmp/data/R-bench/validation/c0b0133682bf5fb2.jpg,man,montreal canadians jersey,wearing,worn by,0,eval,non-spatial,Opposite,Is the man in the image wearing a Montreal Canadians jersey?,297|82|543|594,0|14|1014|662
50f99527c1738ca2.jpg,/root/autodl-tmp/data/R-bench/validation/50f99527c1738ca2.jpg,man,striped shirt,wearing,worn by,1,calib,non-spatial,Positive,Is the man wearing a striped shirt?,676|138|153|384,686|184|143|131
7588a6de389ac33a.jpg,/root/autodl-tmp/data/R-bench/validation/7588a6de389ac33a.jpg,caterpillar,top hat,wearing,worn by,0,eval,non-spatial,Opposite,Is the caterpillar on the left wearing a top hat?,276|20|113|110,246|95|297|301
663389d2c9d562d8.jpg,/root/autodl-tmp/data/R-bench/validation/663389d2c9d562d8.jpg,man,helmet,wearing,worn by,1,eval,non-spatial,Positive,Is the man in the image wearing a helmet?,358|20|287|629,410|20|92|76
dd8a7bf210628fd7.jpg,/root/autodl-tmp/data/R-bench/validation/dd8a7bf210628fd7.jpg,woman,glasses,wearing,worn by,0,eval,non-spatial,Opposite,Is the woman wearing glasses?,614|225|369|457,297|116|174|75
9a3d8225ac30a8eb.jpg,/root/autodl-tmp/data/R-bench/validation/9a3d8225ac30a8eb.jpg,man,helmet,wearing,worn by,1,calib,non-spatial,Positive,Is the man in the image wearing a helmet?,379|39|256|385,430|366|82|58
558e151c3fbc1ba3.jpg,/root/autodl-tmp/data/R-bench/validation/558e151c3fbc1ba3.jpg,woman,one piece uniform,wearing,worn by,0,eval,non-spatial,Opposite,Is the woman in the image wearing a one piece uniform?,68|113|383|788,143|215|239|369
66a8d1c74ad49ea1.jpg,/root/autodl-tmp/data/R-bench/validation/66a8d1c74ad49ea1.jpg,man,hat,wearing,worn by,1,calib,non-spatial,Positive,Does the man in the image wear a hat?,7|0|732|1024,229|0|370|113
1ced3ecaa077f2e4.jpg,/root/autodl-tmp/data/R-bench/validation/1ced3ecaa077f2e4.jpg,person,swim cap,wearing,worn by,0,calib,non-spatial,Positive,Is the person in the image wearing a swim cap?,225|348|492|164,911|232|93|75
122804d032b58390.jpg,/root/autodl-tmp/data/R-bench/validation/122804d032b58390.jpg,man,helmet,wearing,worn by,1,eval,non-spatial,Positive,Is the man in the image wearing a helmet?,276|181|308|510,399|181|113|130
b22b89073480191e.jpg,/root/autodl-tmp/data/R-bench/validation/b22b89073480191e.jpg,girl,trousers,wearing,worn by,0,eval,non-spatial,Opposite,Is the girl in the image wearing trousers?,236|31|358|507,456|488|245|278
8302f7352b501bc4.jpg,/root/autodl-tmp/data/R-bench/validation/8302f7352b501bc4.jpg,woman,high heels,wearing,worn by,1,eval,non-spatial,Opposite,Does the woman in the image wear high heels?,297|55|481|834,379|705|102|156
5df386da132b567b.jpg,/root/autodl-tmp/data/R-bench/validation/5df386da132b567b.jpg,woman in the blue jacket,helmet,wearing,worn by,0,calib,non-spatial,Opposite,Is the woman in the blue jacket wearing a helmet?,82|61|410|707,666|100|317|207
e27e575c922e7525.jpg,/root/autodl-tmp/data/R-bench/validation/e27e575c922e7525.jpg,doll,necklace,wearing,worn by,1,eval,non-spatial,Positive,Is the doll wearing a necklace?,0|0|1024|1024,532|635|297|215
c12a4117fe6910fc.jpg,/root/autodl-tmp/data/R-bench/validation/c12a4117fe6910fc.jpg,man,scuba apparatus,wearing,worn by,0,calib,non-spatial,Random,Is the man in the image wearing a scuba apparatus?,492|70|460|535,594|272|328|411
733abfb024695849.jpg,/root/autodl-tmp/data/R-bench/validation/733abfb024695849.jpg,man,blue shirt,wearing,worn by,1,calib,non-spatial,Positive,Does the man in the image wear a blue shirt?,55|123|567|901,55|358|567|635
3220be9141f2d703.jpg,/root/autodl-tmp/data/R-bench/validation/3220be9141f2d703.jpg,children,orange lifesavers,wearing,worn by,0,calib,non-spatial,Opposite,Are the children in the image wearing orange lifesavers?,696|109|113|336,205|308|71|109
64a40c0bc5e8a27a.jpg,/root/autodl-tmp/data/R-bench/validation/64a40c0bc5e8a27a.jpg,person,glasses,wearing,worn by,1,calib,non-spatial,Positive,Is the person in the image wearing glasses?,20|14|697|664,246|136|225|67
589c3658dc27bcfd.jpg,/root/autodl-tmp/data/R-bench/validation/589c3658dc27bcfd.jpg,woman,plaid skirt,wearing,worn by,0,calib,non-spatial,Opposite,Does the woman in the image wear a plaid skirt?,212|655|328|369,212|655|328|369
c8a4a228c9df91ef.jpg,/root/autodl-tmp/data/R-bench/validation/c8a4a228c9df91ef.jpg,man,goggles,wearing,worn by,1,eval,non-spatial,Positive,Is the man in the image wearing goggles?,358|240|543|445,471|301|123|89
c7a6a5f2a8f674ce.jpg,/root/autodl-tmp/data/R-bench/validation/c7a6a5f2a8f674ce.jpg,man,blue and yellow uniform,wearing,worn by,0,eval,non-spatial,Opposite,Is the man in the image wearing a blue and yellow uniform?,512|136|379|544,338|0|246|680
08bc48ffae1a678a.jpg,/root/autodl-tmp/data/R-bench/validation/08bc48ffae1a678a.jpg,woman,hat,wearing,worn by,1,eval,non-spatial,Positive,Does the woman in the image wear a hat?,10|7|840|652,410|7|245|82
e4f48f34e6f386c8.jpg,/root/autodl-tmp/data/R-bench/validation/e4f48f34e6f386c8.jpg,woman,white strapless gown,wearing,worn by,0,calib,non-spatial,Opposite,Is the woman in the image wearing a white strapless gown?,124|92|504|912,182|379|366|491
e6a6d650481599ba.jpg,/root/autodl-tmp/data/R-bench/validation/e6a6d650481599ba.jpg,man,helmet,wearing,worn by,1,calib,non-spatial,Positive,Is the man in the image wearing a helmet?,46|84|646|938,249|82|241|225
25ce96bd10afe1b0.jpg,/root/autodl-tmp/data/R-bench/validation/25ce96bd10afe1b0.jpg,woman,glasses,wearing,worn by,0,eval,non-spatial,Positive,Does the woman in the image wear glasses?,6|270|536|498,727|300|154|92
b5a1a0b0689eebd9.jpg,/root/autodl-tmp/data/R-bench/validation/b5a1a0b0689eebd9.jpg,man,beard,wearing,worn by,1,eval,non-spatial,Positive,Is the man in the image wearing a beard?,41|292|348|476,154|384|102|69
9f8550843e6f1ba6.jpg,/root/autodl-tmp/data/R-bench/validation/9f8550843e6f1ba6.jpg,woman,necklace,wearing,worn by,0,eval,non-spatial,Opposite,Is the woman in the image wearing a necklace?,445|502|108|297,445|502|108|297
23f90952a8569149.jpg,/root/autodl-tmp/data/R-bench/validation/23f90952a8569149.jpg,woman,coat,wearing,worn by,1,calib,non-spatial,Positive,Does the woman in the image wear a coat?,614|276|134|438,614|276|134|438
8823286afacc9898.jpg,/root/autodl-tmp/data/R-bench/validation/8823286afacc9898.jpg,person,helmet,wearing,worn by,1,eval,non-spatial,Positive,Does the person in the image wear a helmet?,358|269|236|276,389|269|72|46
d9f6cc68c666b47c.jpg,/root/autodl-tmp/data/R-bench/validation/d9f6cc68c666b47c.jpg,woman,diving mask,wearing,worn by,1,calib,non-spatial,Positive,Is the woman in the image wearing a diving mask?,386|563|254|256,386|563|254|256
88604d17afb317fd.jpg,/root/autodl-tmp/data/R-bench/validation/88604d17afb317fd.jpg,woman,high heels,wearing,worn by,1,calib,non-spatial,Positive,Is the woman in the image wearing high heels?,61|0|635|730,205|361|491|369
27c41bbdb49d6f5f.jpg,/root/autodl-tmp/data/R-bench/validation/27c41bbdb49d6f5f.jpg,man,glasses,wearing,worn by,1,eval,non-spatial,Positive,Is the man in the image wearing glasses?,122|228|502|336,440|280|103|27
a65def4ef8c48960.jpg,/root/autodl-tmp/data/R-bench/validation/a65def4ef8c48960.jpg,man,glasses,wearing,worn by,1,calib,non-spatial,Positive,Does the man in the image wear glasses?,31|7|880|676,317|123|287|82
f7acc51fbc7dafda.jpg,/root/autodl-tmp/data/R-bench/validation/f7acc51fbc7dafda.jpg,bride,veil,wearing,worn by,1,eval,non-spatial,Positive,Is the bride wearing a veil in the image?,0|215|423|809,218|246|55|112
a122feb61f920f4a.jpg,/root/autodl-tmp/data/R-bench/validation/a122feb61f920f4a.jpg,woman,gloves,wearing,worn by,1,calib,non-spatial,Positive,Does the woman in the image wear gloves?,146|195|461|829,415|594|192|174
751093209b03118e.jpg,/root/autodl-tmp/data/R-bench/validation/751093209b03118e.jpg,person in the middle of the image,suit,wearing,worn by,1,eval,non-spatial,Positive,Is the person in the middle of the image wearing a suit?,512|0|399|593,553|42|266|389
56fd536256dae19b.jpg,/root/autodl-tmp/data/R-bench/validation/56fd536256dae19b.jpg,woman,stethoscope,wearing,worn by,1,calib,non-spatial,Positive,Is the woman in the image wearing a stethoscope?,7|0|669|1024,253|471|369|533
20ac9f71845cc508.jpg,/root/autodl-tmp/data/R-bench/validation/20ac9f71845cc508.jpg,woman,black dress,wearing,worn by,1,calib,non-spatial,Positive,Does the woman in the image wear a black dress?,0|31|747|973,0|41|738|963
6f804844ccc5126b.jpg,/root/autodl-tmp/data/R-bench/validation/6f804844ccc5126b.jpg,man,segway,wearing,worn by,1,eval,non-spatial,Positive,Is the man wearing a red helmet riding the segway?,399|92|338|789,379|430|389|553
f98e23895593ab01.jpg,/root/autodl-tmp/data/R-bench/validation/f98e23895593ab01.jpg,man,cowboy hat,wearing,worn by,1,eval,non-spatial,Positive,Is the man in the image wearing a cowboy hat?,16|102|803|922,295|102|344|154
8f939cbb01f114d1.jpg,/root/autodl-tmp/data/R-bench/validation/8f939cbb01f114d1.jpg,man,black shirt,wearing,worn by,1,eval,non-spatial,Positive,Is the man in the image wearing a black shirt?,338|110|584|630,451|183|215|146
2c217318b424591d.jpg,/root/autodl-tmp/data/R-bench/validation/2c217318b424591d.jpg,woman,crown,wearing,worn by,1,calib,non-spatial,Opposite,Is the woman wearing a crown in the image?,0|6|870|545,256|0|195|204
da18b0ddaea31637.jpg,/root/autodl-tmp/data/R-bench/validation/da18b0ddaea31637.jpg,woman,gold earrings,wearing,worn by,1,eval,non-spatial,Positive,Does the woman in the image wear gold earrings?,0|0|681|1024,443|307|27|51
677041b1277f84d6.jpg,/root/autodl-tmp/data/R-bench/validation/677041b1277f84d6.jpg,woman,necklace,wearing,worn by,1,calib,non-spatial,Positive,Does the woman in the image wear a necklace?,338|0|676|774,512|588|256|78
7c8a5253847619a5.jpg,/root/autodl-tmp/data/R-bench/validation/7c8a5253847619a5.jpg,man,ear protection,wearing,worn by,1,eval,non-spatial,Positive,Is the man in the image wearing ear protection?,123|61|502|689,348|69|144|222
c8a4a228c9df91ef.jpg,/root/autodl-tmp/data/R-bench/validation/c8a4a228c9df91ef.jpg,man,sunglasses,wearing,worn by,1,eval,non-spatial,Positive,Is the man in the image wearing sunglasses?,358|240|543|445,471|301|123|89
bb9ff06441cbac74.jpg,/root/autodl-tmp/data/R-bench/validation/bb9ff06441cbac74.jpg,man,roman costume,wearing,worn by,1,calib,non-spatial,Positive,Is the man in the image wearing a Roman costume?,440|169|92|154,573|253|318|208
88fc866f92860d70.jpg,/root/autodl-tmp/data/R-bench/validation/88fc866f92860d70.jpg,men,wear,wearing,worn by,1,eval,non-spatial,Positive,Are the men in the image wearing wear?,287|82|256|297,287|82|256|297
dd5cce09d5f254cc.jpg,/root/autodl-tmp/data/R-bench/validation/dd5cce09d5f254cc.jpg,woman,knee high black stiletto boots,wearing,worn by,1,eval,non-spatial,Opposite,Is the woman wearing knee high black stiletto boots in the image?,68|10|632|1004,241|358|452|656
585cfb9b59131505.jpg,/root/autodl-tmp/data/R-bench/validation/585cfb9b59131505.jpg,woman,orange and black outfit,wearing,worn by,1,calib,non-spatial,Positive,Does the woman in the image wear the orange and black outfit?,190|225|259|799,245|328|177|379
3c3b318ee1e2831c.jpg,/root/autodl-tmp/data/R-bench/validation/3c3b318ee1e2831c.jpg,man,red shirt,wearing,worn by,1,eval,non-spatial,Positive,Is the man in the image wearing a red shirt?,276|123|400|499,410|232|256|212
b4cb9fc067c1eb00.jpg,/root/autodl-tmp/data/R-bench/validation/b4cb9fc067c1eb00.jpg,man,helmet,wearing,worn by,1,eval,non-spatial,Positive,Does the man in the image wear a helmet?,297|184|266|205,420|184|82|69
81684fbe58540aa5.jpg,/root/autodl-tmp/data/R-bench/validation/81684fbe58540aa5.jpg,man,penguin shirt,wearing,worn by,1,eval,non-spatial,Positive,Does the man in the image wear a penguin shirt?,0|133|768|891,230|727|108|133
708a077a553ade43.jpg,/root/autodl-tmp/data/R-bench/validation/708a077a553ade43.jpg,man,t-shirt,wearing,worn by,1,calib,non-spatial,Positive,Is the man wearing a t-shirt?,829|108|123|353,829|161|123|131
2fd31c13d1a5fdb3.jpg,/root/autodl-tmp/data/R-bench/validation/2fd31c13d1a5fdb3.jpg,man,jeans,wearing,worn by,1,eval,non-spatial,Positive,Is the man in the image wearing jeans?,163|82|436|369,218|195|218|225
04ccb05e32dc45de.jpg,/root/autodl-tmp/data/R-bench/validation/04ccb05e32dc45de.jpg,person,jeans,wearing,worn by,1,eval,non-spatial,Positive,Is the person wearing jeans?,666|0|358|670,676|0|348|636
50c532b8fc3c8d01.jpg,/root/autodl-tmp/data/R-bench/validation/50c532b8fc3c8d01.jpg,woman,black outfit,wearing,worn by,1,calib,non-spatial,Positive,Is the woman in the image wearing a black outfit?,198|369|260|399,225|420|233|143
54b7a0bc0d489fe8.jpg,/root/autodl-tmp/data/R-bench/validation/54b7a0bc0d489fe8.jpg,woman,red dress,wearing,worn by,1,eval,non-spatial,Positive,Is the woman in the image wearing a red dress?,184|154|310|870,233|317|219|584
3dffd57e3f4e209b.jpg,/root/autodl-tmp/data/R-bench/validation/3dffd57e3f4e209b.jpg,man,glove,wearing,worn by,1,calib,non-spatial,Positive,Does the man in the image wear a glove?,399|170|185|485,532|321|62|54
738e234e59615c71.jpg,/root/autodl-tmp/data/R-bench/validation/738e234e59615c71.jpg,man,white robe,wearing,worn by,1,eval,non-spatial,Positive,Does the man in the image wear a white robe?,113|0|911|1014,113|0|911|1014
51e6ff8c0af98410.jpg,/root/autodl-tmp/data/R-bench/validation/51e6ff8c0af98410.jpg,woman,tiara,wearing,worn by,1,eval,non-spatial,Positive,Does the woman in the image wear a tiara?,8|51|755|973,270|41|350|215
ab46f7ec075d89ae.jpg,/root/autodl-tmp/data/R-bench/validation/ab46f7ec075d89ae.jpg,boy,hat,wearing,worn by,1,eval,non-spatial,Positive,Is the boy wearing a hat?,399|92|338|599,430|92|164|146
1de38c170bce1b3c.jpg,/root/autodl-tmp/data/R-bench/validation/1de38c170bce1b3c.jpg,woman,wedding dress,wearing,worn by,1,eval,non-spatial,Positive,Is the woman in the image wearing a wedding dress?,29|276|364|605,29|276|364|605
a75bd3ec4cd51c51.jpg,/root/autodl-tmp/data/R-bench/validation/a75bd3ec4cd51c51.jpg,man,cowboy hat,wearing,worn by,1,calib,non-spatial,Positive,Does the man in the image wear a cowboy hat?,54|31|637|993,207|31|246|245
6bff678ea2346ac5.jpg,/root/autodl-tmp/data/R-bench/validation/6bff678ea2346ac5.jpg,man,crown,wearing,worn by,1,eval,non-spatial,Positive,Does the man in the image wear a crown?,117|82|614|942,117|82|453|276
d53f782a6f8bcabb.jpg,/root/autodl-tmp/data/R-bench/validation/d53f782a6f8bcabb.jpg,female doll,black and white striped swimsuit,wearing,worn by,1,eval,non-spatial,Opposite,Is the female doll wearing a black and white striped swimsuit?,348|292|92|138,328|169|143|484
a62462153630add0.jpg,/root/autodl-tmp/data/R-bench/validation/a62462153630add0.jpg,woman,blue shirt,wearing,worn by,1,eval,non-spatial,Positive,Does the woman wear a blue shirt?,581|154|82|174,581|154|82|174
1eecb0f1e2b07d33.jpg,/root/autodl-tmp/data/R-bench/validation/1eecb0f1e2b07d33.jpg,man,red shirt,wearing,worn by,1,calib,non-spatial,Positive,Is the man in the image wearing a red shirt?,287|75|542|608,307|232|420|308
4e555f6453a7db12.jpg,/root/autodl-tmp/data/R-bench/validation/4e555f6453a7db12.jpg,woman,shorts,wearing,worn by,1,eval,non-spatial,Positive,Is the woman in the image wearing shorts?,10|14|625|671,522|397|113|185
ef83b0da979ae261.jpg,/root/autodl-tmp/data/R-bench/validation/ef83b0da979ae261.jpg,man,sunglasses,wearing,worn by,1,eval,non-spatial,Opposite,Is the man in the image wearing sunglasses?,372|123|509|901,499|195|128|41
a284f227c612b0c8.jpg,/root/autodl-tmp/data/R-bench/validation/a284f227c612b0c8.jpg,person,helmet,wearing,worn by,1,eval,non-spatial,Positive,Is the person in the image wearing a helmet?,308|143|238|369,411|143|83|113
aac405248e9b7c8b.jpg,/root/autodl-tmp/data/R-bench/validation/aac405248e9b7c8b.jpg,man,red helmet,wearing,worn by,1,calib,non-spatial,Positive,Is the man in the image wearing a red helmet?,379|266|123|326,389|266|62|54
8f5895b7b49f26a8.jpg,/root/autodl-tmp/data/R-bench/validation/8f5895b7b49f26a8.jpg,woman,black shirt,wearing,worn by,1,calib,non-spatial,Positive,Is the woman in the image wearing a black shirt?,0|236|908|788,0|369|444|655
05c6fc62d2980f50.jpg,/root/autodl-tmp/data/R-bench/validation/05c6fc62d2980f50.jpg,man,sunglasses,wearing,worn by,1,calib,non-spatial,Positive,Does the man in the image wear sunglasses?,0|10|683|1014,89|451|478|174
34ff10aa56e103ba.jpg,/root/autodl-tmp/data/R-bench/validation/34ff10aa56e103ba.jpg,man,red outfit,wearing,worn by,1,eval,non-spatial,Positive,Is the man in the image wearing a red outfit?,251|287|211|430,238|430|271|358
a62462153630add0.jpg,/root/autodl-tmp/data/R-bench/validation/a62462153630add0.jpg,woman,black shorts,wearing,worn by,1,eval,non-spatial,Positive,Is the woman wearing black shorts?,587|307|76|31,587|307|76|31
78916540e81a1c6c.jpg,/root/autodl-tmp/data/R-bench/validation/78916540e81a1c6c.jpg,man,hat,wearing,worn by,1,eval,non-spatial,Opposite,Is the man wearing a hat?,358|48|154|190,389|48|72|40
7c1d922420d9ae86.jpg,/root/autodl-tmp/data/R-bench/validation/7c1d922420d9ae86.jpg,person,helmet,wearing,worn by,1,eval,non-spatial,Positive,Is the person in the image wearing a helmet?,174|281|256|219,164|308|51|89
aa959cf33e2dab8e.jpg,/root/autodl-tmp/data/R-bench/validation/aa959cf33e2dab8e.jpg,man,glasses,wearing,worn by,1,eval,non-spatial,Positive,Is the man in the image wearing glasses?,108|256|122|51,0|287|768|665
5502a35f0f5ef825.jpg,/root/autodl-tmp/data/R-bench/validation/5502a35f0f5ef825.jpg,man,shirt,wearing,worn by,1,eval,non-spatial,Positive,Does the man in the image wear a shirt?,265|61|354|963,265|215|354|502
d1b90f07c19a5085.jpg,/root/autodl-tmp/data/R-bench/validation/d1b90f07c19a5085.jpg,girl,roller skates,wearing,worn by,1,calib,non-spatial,Positive,Is the girl in the image wearing roller skates?,100|123|399|758,261|696|77|164
a2d7916e24db9dd3.jpg,/root/autodl-tmp/data/R-bench/validation/a2d7916e24db9dd3.jpg,man,glasses,wearing,worn by,1,eval,non-spatial,Positive,Does the man in the image wear glasses?,389|0|635|678,666|129|317|81
8a5966f042ad8bac.jpg,/root/autodl-tmp/data/R-bench/validation/8a5966f042ad8bac.jpg,man,white outfit,wearing,worn by,1,calib,non-spatial,Positive,Is the man in the image wearing a white outfit?,522|110|195|369,522|103|195|376
4287fb387a363c94.jpg,/root/autodl-tmp/data/R-bench/validation/4287fb387a363c94.jpg,woman,silver high heels,wearing,worn by,1,eval,non-spatial,Positive,Is the woman wearing the silver high heels?,31|0|717|560,184|260|441|307
318c91bd306e52e1.jpg,/root/autodl-tmp/data/R-bench/validation/318c91bd306e52e1.jpg,man,baseball glove,wearing,worn by,1,eval,non-spatial,Positive,Is the man in the image wearing a baseball glove?,154|68|686|615,410|123|266|198
a068ea435a318d8d.jpg,/root/autodl-tmp/data/R-bench/validation/a068ea435a318d8d.jpg,man,helmet,wearing,worn by,1,eval,non-spatial,Positive,Is the man wearing a helmet?,399|61|359|499,461|61|133|69
756875881f971332.jpg,/root/autodl-tmp/data/R-bench/validation/756875881f971332.jpg,woman,bra,wearing,worn by,1,eval,non-spatial,Positive,Is the woman in the image wearing a bra?,226|113|426|491,376|276|151|246
dd18e0284551e30f.jpg,/root/autodl-tmp/data/R-bench/validation/dd18e0284551e30f.jpg,man,scarf,wearing,worn by,1,eval,non-spatial,Positive,Does the man in the image wear a scarf?,72|15|563|645,215|200|143|184
00a3654c1cf00d11.jpg,/root/autodl-tmp/data/R-bench/validation/00a3654c1cf00d11.jpg,man,yellow vest,wearing,worn by,1,calib,non-spatial,Positive,Is the man wearing a yellow vest?,10|502|144|338,20|553|113|174
a1f6ef9a71ba5b0f.jpg,/root/autodl-tmp/data/R-bench/validation/a1f6ef9a71ba5b0f.jpg,woman,scarf,wearing,worn by,1,calib,non-spatial,Positive,Is the woman wearing a scarf?,297|136|512|537,543|306|133|184
c3f5a62386342c6d.jpg,/root/autodl-tmp/data/R-bench/validation/c3f5a62386342c6d.jpg,man,glasses,wearing,worn by,1,eval,non-spatial,Positive,Is the man in the coin wearing glasses?,236|131|563|746,287|323|368|110
0ccdcc825086803a.jpg,/root/autodl-tmp/data/R-bench/validation/0ccdcc825086803a.jpg,woman,green costume,wearing,worn by,1,calib,non-spatial,Positive,Does the woman in the image wear a green costume?,137|31|409|983,253|31|129|225
cc258d5fd4cde121.jpg,/root/autodl-tmp/data/R-bench/validation/cc258d5fd4cde121.jpg,woman,miniskirt,wearing,worn by,1,calib,non-spatial,Positive,Does the woman in the image wear a miniskirt?,150|92|280|922,250|460|132|211
c43d8e515688b759.jpg,/root/autodl-tmp/data/R-bench/validation/c43d8e515688b759.jpg,man,black shirt,wearing,worn by,1,eval,non-spatial,Positive,Is the man in the image wearing a black shirt?,461|219|164|430,461|219|164|430
f72798c9f0c92cd0.jpg,/root/autodl-tmp/data/R-bench/validation/f72798c9f0c92cd0.jpg,man,cycling clothes,wearing,worn by,1,eval,non-spatial,Positive,Is the man in the image wearing cycling clothes?,51|143|697|490,358|245|379|307
c4bd11e7242a0eee.jpg,/root/autodl-tmp/data/R-bench/validation/c4bd11e7242a0eee.jpg,dog,muzzle,wearing,worn by,1,calib,non-spatial,Positive,Is the dog in the image wearing a muzzle?,420|102|604|581,399|143|195|130
91beb1e150bee50c.jpg,/root/autodl-tmp/data/R-bench/validation/91beb1e150bee50c.jpg,worker,orange vest,wearing,worn by,1,eval,non-spatial,Opposite,Is the worker in the image wearing an orange vest?,10|82|645|735,31|82|409|514
c7ed5f6c0405e620.jpg,/root/autodl-tmp/data/R-bench/validation/c7ed5f6c0405e620.jpg,man,sunglasses,wearing,worn by,1,calib,non-spatial,Positive,Is the man in the image wearing sunglasses?,174|69|727|691,614|177|215|53
32cc3e223017135d.jpg,/root/autodl-tmp/data/R-bench/validation/32cc3e223017135d.jpg,man,red shirt,wearing,worn by,1,calib,non-spatial,Positive,Is the man in the image wearing a red shirt?,246|212|676|466,512|260|256|151
3b67f952f62a6389.jpg,/root/autodl-tmp/data/R-bench/validation/3b67f952f62a6389.jpg,woman,flowery top,wearing,worn by,1,calib,non-spatial,Positive,Is the woman in the image wearing a flowery top?,0|384|686|384,0|384|686|384
985ff5921c34ad03.jpg,/root/autodl-tmp/data/R-bench/validation/985ff5921c34ad03.jpg,man,microphone,wearing,worn by,1,calib,non-spatial,Positive,Is the man in the image wearing a microphone?,0|0|1024|682,389|191|103|55
b085f6708ee5a803.jpg,/root/autodl-tmp/data/R-bench/validation/b085f6708ee5a803.jpg,man,goggles,wearing,worn by,1,eval,non-spatial,Positive,Is the man in the image wearing goggles?,246|36|532|570,492|67|163|121
2f7525f06ad69425.jpg,/root/autodl-tmp/data/R-bench/validation/2f7525f06ad69425.jpg,woman,glasses,wearing,worn by,1,eval,non-spatial,Positive,Is the woman in the image wearing glasses?,92|150|584|526,348|205|103|34
3d27c190d43ac211.jpg,/root/autodl-tmp/data/R-bench/validation/3d27c190d43ac211.jpg,swimmer,goggles,wearing,worn by,1,eval,non-spatial,Positive,Does the swimmer wear goggles?,0|89|666|279,440|163|164|62
712bacc974c5a760.jpg,/root/autodl-tmp/data/R-bench/validation/712bacc974c5a760.jpg,man,shirt,wearing,worn by,1,eval,non-spatial,Positive,Is the man in the image wearing a shirt?,0|154|348|614,0|468|338|300
537843c1be04501c.jpg,/root/autodl-tmp/data/R-bench/validation/537843c1be04501c.jpg,person,life jacket,wearing,worn by,1,eval,non-spatial,Positive,Is the person in the image wearing a life jacket?,420|320|133|224,420|320|133|224
48e6a7f6cfe8f41b.jpg,/root/autodl-tmp/data/R-bench/validation/48e6a7f6cfe8f41b.jpg,woman,black leather jacket,wearing,worn by,1,eval,non-spatial,Positive,Is the woman in the image wearing a black leather jacket?,150|246|340|420,150|113|340|911
3264cb227a07af3f.jpg,/root/autodl-tmp/data/R-bench/validation/3264cb227a07af3f.jpg,man,plaid shirt,wearing,worn by,1,eval,non-spatial,Positive,Is the man in the image wearing a plaid shirt?,215|146|809|445,358|346|256|192
5278129f90393f7b.jpg,/root/autodl-tmp/data/R-bench/validation/5278129f90393f7b.jpg,woman,shorts,wearing,worn by,1,eval,non-spatial,Positive,Does the woman in the image wear shorts?,117|0|434|1014,175|82|311|266
edff7663ed66bb73.jpg,/root/autodl-tmp/data/R-bench/validation/edff7663ed66bb73.jpg,woman,pink fedora,wearing,worn by,1,eval,non-spatial,Opposite,Is the woman in the image wearing a pink fedora?,0|7|1014|671,205|0|696|206
c6249d94f4b8fc0b.jpg,/root/autodl-tmp/data/R-bench/validation/c6249d94f4b8fc0b.jpg,woman,blue gym outfit,wearing,worn by,1,eval,non-spatial,Positive,Is the woman wearing a blue gym outfit?,123|48|840|417,461|96|174|267
d5f08b8d5ed6055f.jpg,/root/autodl-tmp/data/R-bench/validation/d5f08b8d5ed6055f.jpg,woman,lingerie,wearing,worn by,1,calib,non-spatial,Positive,Is the woman in the image wearing lingerie?,102|76|809|452,256|267|195|190
2dd05a7ffa09c95d.jpg,/root/autodl-tmp/data/R-bench/validation/2dd05a7ffa09c95d.jpg,woman,silver dress,wearing,worn by,1,eval,non-spatial,Opposite,Is the woman in the image wearing a silver dress?,207|20|400|1004,253|686|338|307
9ec8d039ae01d728.jpg,/root/autodl-tmp/data/R-bench/validation/9ec8d039ae01d728.jpg,person,black shirt,wearing,worn by,1,calib,non-spatial,Positive,Is the person in the image wearing a black shirt?,27|143|320|738,54|246|239|327
aa47170b86b03223.jpg,/root/autodl-tmp/data/R-bench/validation/aa47170b86b03223.jpg,woman,black dress,wearing,worn by,1,eval,non-spatial,Positive,Is the woman wearing a black dress?,256|95|143|490,236|204|133|177
25f64e9aca8971ea.jpg,/root/autodl-tmp/data/R-bench/validation/25f64e9aca8971ea.jpg,man,helmet,wearing,worn by,1,calib,non-spatial,Positive,Is the man in the image wearing a helmet?,338|307|563|715,625|307|163|173
86c1bf61c39831f0.jpg,/root/autodl-tmp/data/R-bench/validation/86c1bf61c39831f0.jpg,woman,necklace,wearing,worn by,1,eval,non-spatial,Positive,Does the woman in the image wear a necklace?,45|0|517|1024,240|164|165|174
86c1bf61c39831f0.jpg,/root/autodl-tmp/data/R-bench/validation/86c1bf61c39831f0.jpg,woman,necklace,wearing,worn by,1,eval,non-spatial,Opposite,Does the woman in the image wear the necklace while posing near the window curtain?,45|0|517|1024,240|164|165|174
17a89e9968dfe0ef.jpg,/root/autodl-tmp/data/R-bench/validation/17a89e9968dfe0ef.jpg,man,gloves,wearing,worn by,1,eval,non-spatial,Positive,Does the man in the image wear gloves?,256|0|655|553,696|177|103|153
7b20e29f050bde28.jpg,/root/autodl-tmp/data/R-bench/validation/7b20e29f050bde28.jpg,woman,red dress,wearing,worn by,1,calib,non-spatial,Positive,Is the woman in the image wearing a red dress?,41|31|599|942,34|246|606|727
177bf73e23ce2913.jpg,/root/autodl-tmp/data/R-bench/validation/177bf73e23ce2913.jpg,woman,lipstick,wearing,worn by,1,calib,non-spatial,Positive,Does the woman in the image wear lipstick?,0|0|819|744,543|504|184|120
0ed1db765472b01e.jpg,/root/autodl-tmp/data/R-bench/validation/0ed1db765472b01e.jpg,woman,miniskirt,wearing,worn by,1,eval,non-spatial,Positive,Does the woman in the image wear a miniskirt?,12|0|529|1021,6|386|517|327
e05709869a153b57.jpg,/root/autodl-tmp/data/R-bench/validation/e05709869a153b57.jpg,man,hat,wearing,worn by,1,calib,non-spatial,Positive,Does the man in the image wear a hat?,34|72|648|952,218|72|369|317
9981302a90bd62b1.jpg,/root/autodl-tmp/data/R-bench/validation/9981302a90bd62b1.jpg,man,red coat,wearing,worn by,1,calib,non-spatial,Opposite,Is the man in the image wearing a red coat?,451|100|163|407,471|146|143|215
0515eb8d42f77988.jpg,/root/autodl-tmp/data/R-bench/validation/0515eb8d42f77988.jpg,woman,dress,wearing,worn by,1,eval,non-spatial,Positive,Is the woman in the image wearing a dress?,78|92|670|901,78|594|574|399
020feca9b536f1fe.jpg,/root/autodl-tmp/data/R-bench/validation/020feca9b536f1fe.jpg,woman,face mask,wearing,worn by,1,eval,non-spatial,Positive,Is the woman wearing a face mask?,584|61|286|461,727|108|41|46
8671b9d2f05bd71e.jpg,/root/autodl-tmp/data/R-bench/validation/8671b9d2f05bd71e.jpg,man,fedora,wearing,worn by,1,calib,non-spatial,Positive,Is the man in the image wearing a fedora?,174|154|164|348,225|154|113|74
656abc78a9534c08.jpg,/root/autodl-tmp/data/R-bench/validation/656abc78a9534c08.jpg,woman,fake mustache,wearing,worn by,1,calib,non-spatial,Positive,Does the woman in the image wear a fake mustache?,40|123|395|645,214|266|94|82
a1460a2a0400f681.jpg,/root/autodl-tmp/data/R-bench/validation/a1460a2a0400f681.jpg,man,blue shirt,wearing,worn by,1,calib,non-spatial,Positive,Is the man in the image wearing a blue shirt?,502|23|184|415,543|77|143|138
a6a954a213816783.jpg,/root/autodl-tmp/data/R-bench/validation/a6a954a213816783.jpg,woman,high heels,wearing,worn by,1,eval,non-spatial,Positive,Does the woman in the image wear high heels?,317|82|285|840,363|767|369|151
12b999f7e3b75de1.jpg,/root/autodl-tmp/data/R-bench/validation/12b999f7e3b75de1.jpg,woman,umbrella,wearing,worn by,1,eval,non-spatial,Positive,Is the woman wearing an umbrella?,451|61|184|431,389|31|277|238
7db24634d94dfff1.jpg,/root/autodl-tmp/data/R-bench/validation/7db24634d94dfff1.jpg,man,hat,wearing,worn by,1,eval,non-spatial,Positive,Is the man in the image wearing a hat?,34|430|294|512,190|433|129|67
649179f339158a5a.jpg,/root/autodl-tmp/data/R-bench/validation/649179f339158a5a.jpg,woman,dress,wearing,worn by,1,eval,non-spatial,Positive,Does the woman in the image wear a dress?,269|0|429|999,348|246|282|430
06bfefab10984000.jpg,/root/autodl-tmp/data/R-bench/validation/06bfefab10984000.jpg,woman,blue bikini,wearing,worn by,1,calib,non-spatial,Positive,Is the woman in the image wearing a blue bikini?,109|471|383|420,109|471|383|420
29ce03b542dccc4c.jpg,/root/autodl-tmp/data/R-bench/validation/29ce03b542dccc4c.jpg,man,tan pants,wearing,worn by,1,eval,non-spatial,Positive,Is the man in the image wearing tan pants?,174|0|143|392,174|0|143|392
cf8402aeb5c286d8.jpg,/root/autodl-tmp/data/R-bench/validation/cf8402aeb5c286d8.jpg,man,suit,wearing,worn by,1,eval,non-spatial,Positive,Is the man wearing a suit?,75|61|273|881,121|172|249|727
448a11c4a72c2dda.jpg,/root/autodl-tmp/data/R-bench/validation/448a11c4a72c2dda.jpg,man,tie,wearing,worn by,1,calib,non-spatial,Positive,Does the man in the image wear a black tie?,215|51|625|953,502|543|123|461
f592b26ed34432ed.jpg,/root/autodl-tmp/data/R-bench/validation/f592b26ed34432ed.jpg,dog,pink sunglasses,wearing,worn by,1,eval,non-spatial,Opposite,Is the dog in the image wearing pink sunglasses?,461|369|51|51,399|358|246|308
8fbab56fe49c05a2.jpg,/root/autodl-tmp/data/R-bench/validation/8fbab56fe49c05a2.jpg,man,helmet,wearing,worn by,1,calib,non-spatial,Positive,Is the man in the image wearing a helmet?,192|2|459|620,399|108|113|153
ad3bf6c33e51de4a.jpg,/root/autodl-tmp/data/R-bench/validation/ad3bf6c33e51de4a.jpg,woman,dress,wearing,worn by,1,eval,non-spatial,Positive,Is the woman in the image wearing a dress?,133|0|881|760,604|169|236|445
e72fd1fd98da81db.jpg,/root/autodl-tmp/data/R-bench/validation/e72fd1fd98da81db.jpg,man,red shirt,wearing,worn by,1,eval,non-spatial,Positive,Is the man in the image wearing a red shirt?,143|100|748|668,174|276|461|400
34619bc20c3736fe.jpg,/root/autodl-tmp/data/R-bench/validation/34619bc20c3736fe.jpg,man,sunglasses,wearing,worn by,1,calib,non-spatial,Positive,Is the man in the image wearing sunglasses?,149|10|373|686,325|102|82|52
1ae697dce5fa2a7d.jpg,/root/autodl-tmp/data/R-bench/validation/1ae697dce5fa2a7d.jpg,woman,black dress,wearing,worn by,1,calib,non-spatial,Positive,Is the woman wearing a black dress?,166|41|382|942,274|184|195|441
76c5e2e486a68f34.jpg,/root/autodl-tmp/data/R-bench/validation/76c5e2e486a68f34.jpg,woman,purple dress,wearing,worn by,1,eval,non-spatial,Positive,Is the woman wearing a purple dress?,0|195|370|655,0|195|370|655
0430797dd00cd443.jpg,/root/autodl-tmp/data/R-bench/validation/0430797dd00cd443.jpg,man,blue shirt,wearing,worn by,1,calib,non-spatial,Positive,Is the man in the image wearing a blue shirt?,573|323|144|368,573|361|144|146
2016eb0aad648088.jpg,/root/autodl-tmp/data/R-bench/validation/2016eb0aad648088.jpg,man,hat,wearing,worn by,1,calib,non-spatial,Positive,Is the man wearing a hat?,133|246|307|169,287|261|71|46
5190ef5c93c9976c.jpg,/root/autodl-tmp/data/R-bench/validation/5190ef5c93c9976c.jpg,man,swimwear,wearing,worn by,1,eval,non-spatial,Positive,Is the man in the image wearing swimwear?,144|10|473|1014,213|604|281|236
44c70f423305ccde.jpg,/root/autodl-tmp/data/R-bench/validation/44c70f423305ccde.jpg,man,hat,wearing,worn by,1,calib,non-spatial,Positive,Is the man in the image wearing a hat?,0|41|684|983,130|41|445|287
eadce84978423613.jpg,/root/autodl-tmp/data/R-bench/validation/eadce84978423613.jpg,woman,boots,wearing,worn by,1,calib,non-spatial,Positive,Is the woman wearing boots?,199|92|260|932,212|881|151|143
8263c3e2f927ed31.jpg,/root/autodl-tmp/data/R-bench/validation/8263c3e2f927ed31.jpg,man,helmet,wearing,worn by,1,calib,non-spatial,Positive,Is the man in the image wearing a helmet?,113|118|911|622,358|118|297|430
30bb036c85129c7d.jpg,/root/autodl-tmp/data/R-bench/validation/30bb036c85129c7d.jpg,man,pink shoes,wearing,worn by,1,calib,non-spatial,Positive,Is the man in the image wearing pink shoes?,215|0|440|485,287|369|133|109
10cae64b8b77b511.jpg,/root/autodl-tmp/data/R-bench/validation/10cae64b8b77b511.jpg,woman,hat,wearing,worn by,1,calib,non-spatial,Positive,Does the woman in the image wear a hat?,106|41|647|983,251|41|300|235
9db729e50a3915e5.jpg,/root/autodl-tmp/data/R-bench/validation/9db729e50a3915e5.jpg,man,helmet,wearing,worn by,1,calib,non-spatial,Positive,Is the man in the image wearing a helmet?,338|113|348|746,451|113|112|81
3145aa24c245d02c.jpg,/root/autodl-tmp/data/R-bench/validation/3145aa24c245d02c.jpg,man,helmet,wearing,worn by,1,calib,non-spatial,Positive,Is the man in the image wearing a helmet?,246|14|297|498,430|7|102|95
c12a4117fe6910fc.jpg,/root/autodl-tmp/data/R-bench/validation/c12a4117fe6910fc.jpg,man,hat,wearing,worn by,1,calib,non-spatial,Positive,Is the man in the image wearing a hat?,492|70|460|535,581|72|155|116
5feb53a3d3a241a8.jpg,/root/autodl-tmp/data/R-bench/validation/5feb53a3d3a241a8.jpg,woman,glasses,wearing,worn by,1,eval,non-spatial,Positive,Does the woman in the image wear glasses?,328|143|266|540,502|219|82|54
d698ab6f42fb2562.jpg,/root/autodl-tmp/data/R-bench/validation/d698ab6f42fb2562.jpg,man,shorts,wearing,worn by,1,eval,non-spatial,Positive,Is the man in the image wearing shorts?,225|157|553|294,430|301|205|102
2c4657c4bdff9441.jpg,/root/autodl-tmp/data/R-bench/validation/2c4657c4bdff9441.jpg,man,red tie,wearing,worn by,1,calib,non-spatial,Opposite,Is the man in the image wearing a red tie?,0|51|731|963,183|655|197|369
0f2358e793950ca0.jpg,/root/autodl-tmp/data/R-bench/validation/0f2358e793950ca0.jpg,woman,helmet,wearing,worn by,1,calib,non-spatial,Positive,Is the woman in the image wearing a helmet?,451|82|245|458,502|82|82|68
9e20494f658f6860.jpg,/root/autodl-tmp/data/R-bench/validation/9e20494f658f6860.jpg,woman,red dress,wearing,worn by,1,calib,non-spatial,Positive,Is the woman in the image wearing a red dress?,220|0|804|1010,195|10|829|1000
edca872cabc7b3bf.jpg,/root/autodl-tmp/data/R-bench/validation/edca872cabc7b3bf.jpg,man,brown jacket,wearing,worn by,1,eval,non-spatial,Positive,Is the man in the image wearing a brown jacket?,82|51|447|963,82|215|447|522
0a4db5693da70448.jpg,/root/autodl-tmp/data/R-bench/validation/0a4db5693da70448.jpg,man,glasses,wearing,worn by,1,eval,non-spatial,Positive,Is the man wearing glasses?,177|0|583|1024,376|0|162|61
810a5ed9f3f17d89.jpg,/root/autodl-tmp/data/R-bench/validation/810a5ed9f3f17d89.jpg,woman,balloon hat,wearing,worn by,1,eval,non-spatial,Positive,Is the woman in the image wearing a balloon hat?,338|244|625|731,512|244|287|224
3b3bb701aa1bcace.jpg,/root/autodl-tmp/data/R-bench/validation/3b3bb701aa1bcace.jpg,man,green jacket,wearing,worn by,1,eval,non-spatial,Opposite,Is the man in the image wearing a green jacket?,346|230|460|538,422|353|384|300
e5b8dcabafcd7cac.jpg,/root/autodl-tmp/data/R-bench/validation/e5b8dcabafcd7cac.jpg,man,goggles,wearing,worn by,1,eval,non-spatial,Positive,Is the man in the image wearing goggles?,123|55|471|457,410|82|82|48
0472586d97db6daf.jpg,/root/autodl-tmp/data/R-bench/validation/0472586d97db6daf.jpg,man,black and white shirt,wearing,worn by,1,calib,non-spatial,Positive,Is the man in the image wearing a black and white shirt?,154|75|583|526,195|219|501|273
bb0a84b613a098f0.jpg,/root/autodl-tmp/data/R-bench/validation/bb0a84b613a098f0.jpg,man,horse,wearing,worn by,1,calib,non-spatial,Positive,Is the man wearing a cowboy hat riding the horse?,358|82|379|603,338|452|399|233
9e1ac717a74e5abc.jpg,/root/autodl-tmp/data/R-bench/validation/9e1ac717a74e5abc.jpg,woman,blue coat,wearing,worn by,1,calib,non-spatial,Positive,Is the woman in the image wearing a blue coat?,440|171|318|485,461|273|287|171
6c371c886f364e13.jpg,/root/autodl-tmp/data/R-bench/validation/6c371c886f364e13.jpg,woman,plaid shirt,wearing,worn by,1,eval,non-spatial,Positive,Does the woman in the image wear the plaid shirt?,143|19|809|940,141|410|808|549
e68d91cbc60ad21e.jpg,/root/autodl-tmp/data/R-bench/validation/e68d91cbc60ad21e.jpg,woman,crown,wearing,worn by,1,eval,non-spatial,Positive,Does the woman in the image wear a crown?,512|27|205|239,512|27|205|239
970c887d742f0466.jpg,/root/autodl-tmp/data/R-bench/validation/970c887d742f0466.jpg,man,glasses,wearing,worn by,1,calib,non-spatial,Positive,Does the man in the image wear glasses?,164|77|727|674,369|201|204|62
abd556f244c58f8a.jpg,/root/autodl-tmp/data/R-bench/validation/abd556f244c58f8a.jpg,man,blue shirt,wearing,worn by,1,calib,non-spatial,Positive,Is the man in the image wearing a blue shirt?,358|27|615|649,481|81|267|345
5149ad60cbacc1f8.jpg,/root/autodl-tmp/data/R-bench/validation/5149ad60cbacc1f8.jpg,woman,orange tank top,wearing,worn by,1,eval,non-spatial,Positive,Is the woman wearing an orange tank top in the image?,171|20|321|984,239|164|199|348
8bd8604e0da78098.jpg,/root/autodl-tmp/data/R-bench/validation/8bd8604e0da78098.jpg,woman,brown boots,wearing,worn by,1,eval,non-spatial,Positive,Does the woman in the image wear brown boots?,246|31|414|973,238|768|123|236
a057f34fdbf441d5.jpg,/root/autodl-tmp/data/R-bench/validation/a057f34fdbf441d5.jpg,man,glasses,wearing,worn by,1,calib,non-spatial,Positive,Does the man in the image wear glasses?,0|10|768|1014,215|236|415|143
0737fd0c1d110dd7.jpg,/root/autodl-tmp/data/R-bench/validation/0737fd0c1d110dd7.jpg,man,hat,wearing,worn by,1,calib,non-spatial,Positive,Is the man in the image wearing a hat?,411|0|479|293,400|10|481|287
f458e93b6879a473.jpg,/root/autodl-tmp/data/R-bench/validation/f458e93b6879a473.jpg,man,netted hat,wearing,worn by,1,eval,non-spatial,Positive,Is the man in the image wearing a netted hat?,625|111|215|158,594|55|82|62
1b02d463464d45f3.jpg,/root/autodl-tmp/data/R-bench/validation/1b02d463464d45f3.jpg,man,shorts,wearing,worn by,1,eval,non-spatial,Opposite,Is the man in the image wearing shorts?,512|205|82|102,543|266|51|41
448a11c4a72c2dda.jpg,/root/autodl-tmp/data/R-bench/validation/448a11c4a72c2dda.jpg,man,shirt,wearing,worn by,1,calib,non-spatial,Positive,Does the man in the image wear a white shirt?,215|51|625|953,220|429|612|573
25459eef01dfa715.jpg,/root/autodl-tmp/data/R-bench/validation/25459eef01dfa715.jpg,woman,zebra printed skirt,wearing,worn by,1,eval,non-spatial,Positive,Is the woman wearing the zebra printed skirt?,0|123|471|901,0|696|184|328
4125df3dbe46a6af.jpg,/root/autodl-tmp/data/R-bench/validation/4125df3dbe46a6af.jpg,person,helmet,wearing,worn by,1,eval,non-spatial,Positive,Is the person in the image wearing a helmet?,379|116|246|343,512|116|92|103
ef19b86262c37f07.jpg,/root/autodl-tmp/data/R-bench/validation/ef19b86262c37f07.jpg,man,yellow tie,wearing,worn by,1,eval,non-spatial,Positive,Is the man in the image wearing a yellow tie?,0|31|683|921,294|440|109|410
030c5a10124e6252.jpg,/root/autodl-tmp/data/R-bench/validation/030c5a10124e6252.jpg,dog,sunglasses,wearing,worn by,1,eval,non-spatial,Positive,Is the dog wearing sunglasses?,72|8|942|777,143|143|533|198
ad27ffa8d18c3c6f.jpg,/root/autodl-tmp/data/R-bench/validation/ad27ffa8d18c3c6f.jpg,woman,orange shirt,wearing,worn by,1,eval,non-spatial,Positive,Is the woman in the image wearing an orange shirt?,399|12|461|552,573|167|195|305
f19fd946cbf61f18.jpg,/root/autodl-tmp/data/R-bench/validation/f19fd946cbf61f18.jpg,woman,earrings,wearing,worn by,1,calib,non-spatial,Positive,Is the woman in the image wearing earrings?,0|61|722|963,542|522|43|41
5dca02aa6f303af0.jpg,/root/autodl-tmp/data/R-bench/validation/5dca02aa6f303af0.jpg,woman,green jersey,wearing,worn by,1,calib,non-spatial,Positive,Is the woman wearing a green jersey?,420|89|205|560,451|164|143|212
f9afa582c14f54d3.jpg,/root/autodl-tmp/data/R-bench/validation/f9afa582c14f54d3.jpg,man,helmet,wearing,worn by,1,eval,non-spatial,Positive,Is the man in the image wearing a helmet?,317|68|287|376,481|68|113|123
2be6ab51b1f3621b.jpg,/root/autodl-tmp/data/R-bench/validation/2be6ab51b1f3621b.jpg,man,helmet,wearing,worn by,1,eval,non-spatial,Positive,Does the man in the image wear a helmet?,230|184|223|584,338|184|115|52
49c4c823aaf4db99.jpg,/root/autodl-tmp/data/R-bench/validation/49c4c823aaf4db99.jpg,goat,bell,wearing,worn by,1,calib,non-spatial,Positive,Is the goat wearing a bell?,166|418|302|425,314|614|55|62
7f50b68075ebd257.jpg,/root/autodl-tmp/data/R-bench/validation/7f50b68075ebd257.jpg,man,jeans,wearing,worn by,1,eval,non-spatial,Positive,Is the man in the image wearing jeans?,318|611|105|152,307|412|133|351
d1b75eb64aeaea5c.jpg,/root/autodl-tmp/data/R-bench/validation/d1b75eb64aeaea5c.jpg,man,red tie,wearing,worn by,1,eval,non-spatial,Positive,Is the man in the image wearing a red tie?,225|92|594|676,461|376|92|392
897b8f010cd0869e.jpg,/root/autodl-tmp/data/R-bench/validation/897b8f010cd0869e.jpg,man,black shirt,wearing,worn by,1,calib,non-spatial,Positive,Is the man in the image wearing a black shirt?,124|0|591|768,168|108|512|360
8b50bca740622ce6.jpg,/root/autodl-tmp/data/R-bench/validation/8b50bca740622ce6.jpg,woman,white dress,wearing,worn by,1,calib,non-spatial,Positive,Is the woman wearing a white dress?,236|322|430|363,236|322|430|363
6f11f23cea22966f.jpg,/root/autodl-tmp/data/R-bench/validation/6f11f23cea22966f.jpg,woman,black hat,wearing,worn by,1,eval,non-spatial,Positive,Is the woman wearing a black hat?,215|15|389|753,256|15|205|108
6732fe471c0e0595.jpg,/root/autodl-tmp/data/R-bench/validation/6732fe471c0e0595.jpg,woman,red dress,wearing,worn by,1,eval,non-spatial,Positive,Is the woman in the image wearing a red dress?,184|20|315|963,184|20|315|963
2bc8d6bf8eb71c21.jpg,/root/autodl-tmp/data/R-bench/validation/2bc8d6bf8eb71c21.jpg,man,suit,wearing,worn by,1,calib,non-spatial,Positive,Is the man in the image wearing a suit?,128|213|520|470,123|61|563|615
edff7663ed66bb73.jpg,/root/autodl-tmp/data/R-bench/validation/edff7663ed66bb73.jpg,woman,red hat,wearing,worn by,1,eval,non-spatial,Positive,Does the woman in the image wear a red hat?,0|7|1014|671,205|0|696|212
0e8aef71cc6618dc.jpg,/root/autodl-tmp/data/R-bench/validation/0e8aef71cc6618dc.jpg,woman,bra,wearing,worn by,1,eval,non-spatial,Positive,Does the woman in the image wear a bra?,246|133|205|850,294|276|136|113
3ecd3b0292520228.jpg,/root/autodl-tmp/data/R-bench/validation/3ecd3b0292520228.jpg,man,fedora hat,wearing,worn by,1,eval,non-spatial,Positive,Does the man in the image wear a fedora hat?,184|41|420|635,758|383|137|122
c54175229271d3f0.jpg,/root/autodl-tmp/data/R-bench/validation/c54175229271d3f0.jpg,woman,tank top,wearing,worn by,1,calib,non-spatial,Positive,Is the woman in the image wearing a tank top?,93|0|825|1024,222|0|603|471
0175f160ca091e7e.jpg,/root/autodl-tmp/data/R-bench/validation/0175f160ca091e7e.jpg,woman,pink dress,wearing,worn by,1,calib,non-spatial,Positive,Is the woman wearing the pink dress?,198|10|307|983,198|143|301|553
a00b61e302334fb0.jpg,/root/autodl-tmp/data/R-bench/validation/a00b61e302334fb0.jpg,teddy bear,purple ribbon,wearing,worn by,1,calib,non-spatial,Opposite,Is the teddy bear wearing a purple ribbon?,583|0|441|600,840|272|184|204
9fc6b9554a142b1a.jpg,/root/autodl-tmp/data/R-bench/validation/9fc6b9554a142b1a.jpg,man,blue hat,wearing,worn by,1,eval,non-spatial,Positive,Does the man in the image wear a blue hat?,369|68|338|506,369|68|92|62
970c887d742f0466.jpg,/root/autodl-tmp/data/R-bench/validation/970c887d742f0466.jpg,baby,white and pink dress,wearing,worn by,1,calib,non-spatial,Positive,Is the baby in the image wearing a white and pink dress?,440|418|410|341,440|418|410|341
8671dfc6ea502960.jpg,/root/autodl-tmp/data/R-bench/validation/8671dfc6ea502960.jpg,woman,scarf,wearing,worn by,1,calib,non-spatial,Positive,Does the woman in the image wear the scarf?,51|0|973|1014,253|179|771|806
41131630abcc1467.jpg,/root/autodl-tmp/data/R-bench/validation/41131630abcc1467.jpg,girl,goggles,wearing,worn by,1,calib,non-spatial,Positive,Is the girl in the image wearing goggles?,236|0|634|647,430|61|215|109
6c3c8be7922066ab.jpg,/root/autodl-tmp/data/R-bench/validation/6c3c8be7922066ab.jpg,man,hat,wearing,worn by,1,calib,non-spatial,Positive,Is the man in the image wearing a hat?,328|95|143|136,348|88|51|41
65ace40ac8556f83.jpg,/root/autodl-tmp/data/R-bench/validation/65ace40ac8556f83.jpg,person,helmet,wearing,worn by,1,eval,non-spatial,Positive,Is the person in the image wearing a helmet?,256|55|420|573,287|55|112|109
86c1bf61c39831f0.jpg,/root/autodl-tmp/data/R-bench/validation/86c1bf61c39831f0.jpg,woman,dress,wearing,worn by,1,eval,non-spatial,Positive,Is the woman in the image wearing a dress?,45|0|517|1024,68|174|412|850
4ed2e09b8eed119a.jpg,/root/autodl-tmp/data/R-bench/validation/4ed2e09b8eed119a.jpg,woman,purple,wearing,worn by,1,eval,non-spatial,Positive,Does the woman in the image wear purple?,614|89|287|594,748|89|81|68
eb99cee1f01b08ff.jpg,/root/autodl-tmp/data/R-bench/validation/eb99cee1f01b08ff.jpg,man,hat,wearing,worn by,1,eval,non-spatial,Positive,Is the man in the image wearing a hat?,389|131|72|238,399|131|52|30
a5255a39b87c5cf4.jpg,/root/autodl-tmp/data/R-bench/validation/a5255a39b87c5cf4.jpg,woman,white jersey,wearing,worn by,1,eval,non-spatial,Opposite,Is the woman in the image wearing a white jersey?,195|55|348|627,256|416|225|266
a122feb61f920f4a.jpg,/root/autodl-tmp/data/R-bench/validation/a122feb61f920f4a.jpg,woman,black bikini,wearing,worn by,1,calib,non-spatial,Opposite,Is the woman in the image wearing a black bikini?,146|195|461|829,215|440|261|410
1b8c4e46421a0a9f.jpg,/root/autodl-tmp/data/R-bench/validation/1b8c4e46421a0a9f.jpg,man,suit,wearing,worn by,1,eval,non-spatial,Positive,Does the man in the image wear a suit?,0|61|677|960,0|594|684|430
c6335522c8e718cb.jpg,/root/autodl-tmp/data/R-bench/validation/c6335522c8e718cb.jpg,children,karate uniforms,wearing,worn by,1,calib,non-spatial,Positive,Are the children wearing karate uniforms?,177|143|476|820,184|266|428|645
0fcb52bc7317ed58.jpg,/root/autodl-tmp/data/R-bench/validation/0fcb52bc7317ed58.jpg,person,skis,wearing,worn by,1,eval,non-spatial,Positive,Is the person in the image wearing skis?,115|440|359|348,115|440|359|359
07ced255ea911d85.jpg,/root/autodl-tmp/data/R-bench/validation/07ced255ea911d85.jpg,woman,studded booties,wearing,worn by,1,calib,non-spatial,Positive,Does the woman wear studded booties?,38|20|730|1004,253|983|77|41
ea2a84f5d29be501.jpg,/root/autodl-tmp/data/R-bench/validation/ea2a84f5d29be501.jpg,man,helmet,wearing,worn by,1,calib,non-spatial,Positive,Is the man in the image wearing a helmet?,14|195|639|829,218|205|231|246
0ca56558107bdae5.jpg,/root/autodl-tmp/data/R-bench/validation/0ca56558107bdae5.jpg,woman,sunglasses,wearing,worn by,1,eval,non-spatial,Positive,Is the woman in the image wearing sunglasses?,0|23|870|745,164|346|430|184
f98e23895593ab01.jpg,/root/autodl-tmp/data/R-bench/validation/f98e23895593ab01.jpg,man,bright scarf,wearing,worn by,1,eval,non-spatial,Positive,Is the man in the image wearing a bright scarf?,16|102|803|922,410|317|180|308
267fb36486a00fcc.jpg,/root/autodl-tmp/data/R-bench/validation/267fb36486a00fcc.jpg,man,tie,wearing,worn by,1,calib,non-spatial,Opposite,Is the man in the image wearing a tie?,184|38|666|730,481|323|92|299
9c14fbd510d0584c.jpg,/root/autodl-tmp/data/R-bench/validation/9c14fbd510d0584c.jpg,woman,orange athletic shirt,wearing,worn by,1,calib,non-spatial,Positive,Is the woman in the image wearing an orange athletic shirt?,68|123|515|901,203|840|339|184
93f12eda23022ec1.jpg,/root/autodl-tmp/data/R-bench/validation/93f12eda23022ec1.jpg,man,swim cap,wearing,worn by,1,calib,non-spatial,Positive,Does the man in the image wear a swim cap?,31|5|983|468,440|0|205|142
2122242cd70556db.jpg,/root/autodl-tmp/data/R-bench/validation/2122242cd70556db.jpg,man,blue shirt,wearing,worn by,1,eval,non-spatial,Positive,Is the man wearing a blue shirt?,407|297|223|727,407|410|230|276
f155d2cee6e021f0.jpg,/root/autodl-tmp/data/R-bench/validation/f155d2cee6e021f0.jpg,man,helmet,wearing,worn by,1,eval,non-spatial,Positive,Is the man in the image wearing a helmet?,215|38|492|385,287|38|133|77
8d4d6659f45bd396.jpg,/root/autodl-tmp/data/R-bench/validation/8d4d6659f45bd396.jpg,woman,headscarf,wearing,worn by,1,calib,non-spatial,Positive,Is the woman in the image wearing a headscarf?,179|51|338|942,276|51|117|215
ed0ec9f73c60f162.jpg,/root/autodl-tmp/data/R-bench/validation/ed0ec9f73c60f162.jpg,man,goggles,wearing,worn by,1,calib,non-spatial,Positive,Does the man in the image wear goggles?,0|41|819|983,238|123|311|92
732d633744e9176c.jpg,/root/autodl-tmp/data/R-bench/validation/732d633744e9176c.jpg,man,goggles,wearing,worn by,1,calib,non-spatial,Positive,Does the man in the image wear goggles?,184|76|461|614,266|152|174|110
1ecab1a4be9ea551.jpg,/root/autodl-tmp/data/R-bench/validation/1ecab1a4be9ea551.jpg,woman,equestrian clothing,wearing,worn by,1,eval,non-spatial,Positive,Is the woman wearing equestrian clothing?,451|55|143|349,205|116|522|500
11b06ea19b8a48d9.jpg,/root/autodl-tmp/data/R-bench/validation/11b06ea19b8a48d9.jpg,man,blue shirt,wearing,worn by,1,eval,non-spatial,Positive,Does the man in the image wear a blue shirt?,389|123|379|553,389|225|379|274
d2d074cdb9224999.jpg,/root/autodl-tmp/data/R-bench/validation/d2d074cdb9224999.jpg,man,jacket,wearing,worn by,1,eval,non-spatial,Positive,Is the man wearing a jacket?,717|14|225|587,799|20|225|205
ee5fc4c50bc988d9.jpg,/root/autodl-tmp/data/R-bench/validation/ee5fc4c50bc988d9.jpg,man,helmet,wearing,worn by,1,eval,non-spatial,Positive,Is the man in the image wearing a helmet?,184|48|297|526,287|48|112|123
90191d5d074c6692.jpg,/root/autodl-tmp/data/R-bench/validation/90191d5d074c6692.jpg,woman,hat,wearing,worn by,1,calib,non-spatial,Positive,Is the woman wearing a hat?,266|138|185|458,307|138|92|73
7edb152ac977cffc.jpg,/root/autodl-tmp/data/R-bench/validation/7edb152ac977cffc.jpg,woman,red sweater,wearing,worn by,1,eval,non-spatial,Positive,Is the woman wearing a red sweater?,113|348|174|334,113|348|174|334
b432735a2d626bc2.jpg,/root/autodl-tmp/data/R-bench/validation/b432735a2d626bc2.jpg,boy,sunglasses,wearing,worn by,1,eval,non-spatial,Opposite,Is the boy in the image wearing sunglasses?,31|328|491|676,31|625|501|204
2af92219df5acff0.jpg,/root/autodl-tmp/data/R-bench/validation/2af92219df5acff0.jpg,man,helmet,wearing,worn by,1,calib,non-spatial,Positive,Is the man in the image wearing a helmet?,512|143|215|397,563|143|113|123
e0cff9ae2c4ccba7.jpg,/root/autodl-tmp/data/R-bench/validation/e0cff9ae2c4ccba7.jpg,man,smile,wearing,worn by,1,eval,non-spatial,Positive,Is there a man wearing a smile in the image?,123|54|133|261,123|54|133|261
e2c55ae7f4b7ddd0.jpg,/root/autodl-tmp/data/R-bench/validation/e2c55ae7f4b7ddd0.jpg,woman,fur on her sleeves,wearing,worn by,1,eval,non-spatial,Positive,Is the woman wearing fur on her sleeves?,0|0|563|768,389|69|195|231
3ecd3b0292520228.jpg,/root/autodl-tmp/data/R-bench/validation/3ecd3b0292520228.jpg,man,black hat,wearing,worn by,1,eval,non-spatial,Opposite,Is the man wearing a black hat in the image?,184|41|420|635,250|33|192|167
596ec3440b5a9f93.jpg,/root/autodl-tmp/data/R-bench/validation/596ec3440b5a9f93.jpg,man,helmet,wearing,worn by,1,eval,non-spatial,Positive,Is the man in the image wearing a helmet?,205|338|341|491,266|338|110|92
0ee147db8a6b3908.jpg,/root/autodl-tmp/data/R-bench/validation/0ee147db8a6b3908.jpg,man,silly hat,wearing,worn by,1,calib,non-spatial,Positive,Is the man wearing a silly hat in the image?,41|82|628|942,232|82|253|194
d32303a62c007868.jpg,/root/autodl-tmp/data/R-bench/validation/d32303a62c007868.jpg,woman,jacket,wearing,worn by,1,eval,non-spatial,Positive,Is the woman wearing a jacket?,123|15|625|755,123|162|543|439
1242ab123b538f53.jpg,/root/autodl-tmp/data/R-bench/validation/1242ab123b538f53.jpg,man,baseball glove,wearing,worn by,1,eval,non-spatial,Positive,Is the man in the image wearing a baseball glove?,348|109|246|574,492|560|61|116
c5a39dd0737e5b4a.jpg,/root/autodl-tmp/data/R-bench/validation/c5a39dd0737e5b4a.jpg,man,hoodies,wearing,worn by,1,calib,non-spatial,Positive,Does the man wear multiple hoodies in the image?,92|38|912|730,307|38|410|285
4b7fec19dc4a59c8.jpg,/root/autodl-tmp/data/R-bench/validation/4b7fec19dc4a59c8.jpg,man,goggles,wearing,worn by,1,calib,non-spatial,Positive,Does the man in the image wear goggles?,123|66|758|436,788|205|82|53
897300fded8443d5.jpg,/root/autodl-tmp/data/R-bench/validation/897300fded8443d5.jpg,man,helmet,wearing,worn by,1,calib,non-spatial,Positive,Is the man in the image wearing a helmet?,133|12|891|564,543|12|184|253
aebbe4f246bcf0ee.jpg,/root/autodl-tmp/data/R-bench/validation/aebbe4f246bcf0ee.jpg,man,yellow tie,wearing,worn by,1,eval,non-spatial,Positive,Does the man in the image wear a yellow tie?,131|154|614|665,315|451|84|368
e4fabe3c9e27d528.jpg,/root/autodl-tmp/data/R-bench/validation/e4fabe3c9e27d528.jpg,person,trousers,wearing,worn by,1,calib,non-spatial,Positive,Is the person in the image wearing black trousers?,0|0|104|187,0|40|98|136
52df5aaa15e6cd70.jpg,/root/autodl-tmp/data/R-bench/validation/52df5aaa15e6cd70.jpg,woman,blue blouse,wearing,worn by,1,calib,non-spatial,Positive,Is the woman wearing a blue blouse?,471|69|389|699,471|69|389|699
07c216b2baad22e7.jpg,/root/autodl-tmp/data/R-bench/validation/07c216b2baad22e7.jpg,woman,dress,wearing,worn by,1,eval,non-spatial,Positive,Does the woman in the image wear the dress?,294|20|259|922,301|174|225|440
a903e7bb7226fc2c.jpg,/root/autodl-tmp/data/R-bench/validation/a903e7bb7226fc2c.jpg,man,silver rings,wearing,worn by,1,eval,non-spatial,Positive,Is the man in the image wearing silver rings?,430|497|62|68,440|497|52|68
479da084bf0d679f.jpg,/root/autodl-tmp/data/R-bench/validation/479da084bf0d679f.jpg,man,kilt,wearing,worn by,1,eval,non-spatial,Positive,Is the man in the image wearing a kilt?,171|522|307|215,116|20|403|984
081b5acdf94c392a.jpg,/root/autodl-tmp/data/R-bench/validation/081b5acdf94c392a.jpg,woman,hat,wearing,worn by,1,calib,non-spatial,Positive,Does the woman in the image wear a hat?,225|41|727|635,266|55|584|314
13b9d8ab697d0893.jpg,/root/autodl-tmp/data/R-bench/validation/13b9d8ab697d0893.jpg,man,tennis clothes,wearing,worn by,1,calib,non-spatial,Positive,Is the man in the image wearing tennis clothes?,369|126|532|660,358|126|543|652
1fe277f5abfc7d74.jpg,/root/autodl-tmp/data/R-bench/validation/1fe277f5abfc7d74.jpg,woman,necklace,wearing,worn by,1,eval,non-spatial,Opposite,Is the woman wearing a necklace in the image?,317|7|707|676,532|458|256|225
87b4844e765307ba.jpg,/root/autodl-tmp/data/R-bench/validation/87b4844e765307ba.jpg,man,blue shirt,wearing,worn by,1,eval,non-spatial,Positive,Is the man in the image wearing a blue shirt?,532|92|103|290,532|135|103|111
d301b7ccedbb6a60.jpg,/root/autodl-tmp/data/R-bench/validation/d301b7ccedbb6a60.jpg,man,green shirt,wearing,worn by,1,eval,non-spatial,Positive,Is the man in the image wearing a green shirt?,235|297|496|532,445|399|235|236
33877ac31b17f815.jpg,/root/autodl-tmp/data/R-bench/validation/33877ac31b17f815.jpg,woman,necklace,wearing,worn by,1,eval,non-spatial,Positive,Does the woman in the image wear a necklace?,38|20|630|1004,276|410|323|614
5149ad60cbacc1f8.jpg,/root/autodl-tmp/data/R-bench/validation/5149ad60cbacc1f8.jpg,woman,black exercise pants,wearing,worn by,1,eval,non-spatial,Positive,Is the woman wearing black exercise pants in the image?,171|20|321|984,233|492|205|450
38136306a3600d6f.jpg,/root/autodl-tmp/data/R-bench/validation/38136306a3600d6f.jpg,man,coat,wearing,worn by,1,eval,non-spatial,Positive,Does the man in the image wear a coat?,0|174|686|850,0|590|684|431
422d4210cdcdb6a5.jpg,/root/autodl-tmp/data/R-bench/validation/422d4210cdcdb6a5.jpg,man,tennis racket,wearing,worn by,1,eval,non-spatial,Positive,Does the man in the image wear a tennis racket?,253|31|362|932,89|338|293|174
8c74211b512b477d.jpg,/root/autodl-tmp/data/R-bench/validation/8c74211b512b477d.jpg,man,hat,wearing,worn by,1,calib,non-spatial,Positive,Is the man in the image wearing a hat?,358|61|605|891,358|61|605|891
0b1fbd3ba02701cd.jpg,/root/autodl-tmp/data/R-bench/validation/0b1fbd3ba02701cd.jpg,woman,traditional dress,wearing,worn by,1,calib,non-spatial,Positive,Does the woman in the image wear a traditional dress?,461|0|430|680,758|211|266|435
c22e29581c0e797e.jpg,/root/autodl-tmp/data/R-bench/validation/c22e29581c0e797e.jpg,person,blue outfit,wearing,worn by,1,eval,non-spatial,Positive,Is the person in the image wearing a blue outfit?,543|164|235|334,584|198|194|191
3fb92e36f73cd84f.jpg,/root/autodl-tmp/data/R-bench/validation/3fb92e36f73cd84f.jpg,woman,dress,wearing,worn by,1,calib,non-spatial,Positive,Does the woman in the image wear a dress?,0|39|688|985,0|31|699|993
5a194770238332d2.jpg,/root/autodl-tmp/data/R-bench/validation/5a194770238332d2.jpg,woman,headdress,wearing,worn by,1,eval,non-spatial,Positive,Is the woman wearing the headdress?,451|292|573|468,41|0|983|760
050e8ca25cd35ba5.jpg,/root/autodl-tmp/data/R-bench/validation/050e8ca25cd35ba5.jpg,man,helmet,wearing,worn by,1,calib,non-spatial,Positive,Is the man in the image wearing a helmet?,113|178|235|240,133|178|82|82
84af25555f7c818b.jpg,/root/autodl-tmp/data/R-bench/validation/84af25555f7c818b.jpg,woman,pink bathing suit,wearing,worn by,1,eval,non-spatial,Positive,Does the woman in the image wear a pink bathing suit?,266|146|389|622,266|338|246|430
437c6697e0af46b6.jpg,/root/autodl-tmp/data/R-bench/validation/437c6697e0af46b6.jpg,man,helmet,wearing,worn by,1,eval,non-spatial,Positive,Is the man in the image wearing a helmet?,195|0|317|546,266|0|133|137
ddba6c84ada96d2b.jpg,/root/autodl-tmp/data/R-bench/validation/ddba6c84ada96d2b.jpg,man,hat,wearing,worn by,1,eval,non-spatial,Positive,Is the man in the image wearing a hat?,256|204|451|477,266|218|185|177
8d4d6659f45bd396.jpg,/root/autodl-tmp/data/R-bench/validation/8d4d6659f45bd396.jpg,woman,backpack,wearing,worn by,1,calib,non-spatial,Positive,Is the woman in the image wearing a backpack?,179|51|338|942,241|174|207|184
3a18c41d6a250c1a.jpg,/root/autodl-tmp/data/R-bench/validation/3a18c41d6a250c1a.jpg,woman,backpack,wearing,worn by,1,eval,non-spatial,Positive,Is the woman wearing a backpack?,328|269|297|499,471|422|215|331
1a00561698778497.jpg,/root/autodl-tmp/data/R-bench/validation/1a00561698778497.jpg,woman,glasses,wearing,worn by,1,eval,non-spatial,Positive,Does the woman in the image wear glasses?,328|137|286|546,420|225|41|41
bde0112066be318e.jpg,/root/autodl-tmp/data/R-bench/validation/bde0112066be318e.jpg,man,sunglasses,wearing,worn by,1,calib,non-spatial,Positive,Is the man wearing sunglasses?,645|200|195|545,727|230|61|23
b22b89073480191e.jpg,/root/autodl-tmp/data/R-bench/validation/b22b89073480191e.jpg,woman,yellow jacket,wearing,worn by,1,eval,non-spatial,Positive,Does the woman in the image wear the yellow jacket?,461|38|276|730,481|169|256|376
2e9721f274303090.jpg,/root/autodl-tmp/data/R-bench/validation/2e9721f274303090.jpg,man,hat,wearing,worn by,1,eval,non-spatial,Positive,Does the man in the image wear a hat?,389|297|151|451,430|297|75|72
446d0255587e7fce.jpg,/root/autodl-tmp/data/R-bench/validation/446d0255587e7fce.jpg,woman,cowboy hat,wearing,worn by,1,calib,non-spatial,Positive,Is the woman wearing a cowboy hat?,553|287|207|461,599|287|123|61
a80531a76936a34a.jpg,/root/autodl-tmp/data/R-bench/validation/a80531a76936a34a.jpg,man,accordion,wearing,worn by,1,eval,non-spatial,Positive,Is the man in the image wearing an accordion?,0|0|676|765,195|115|440|413
3b78e75f33d9b90a.jpg,/root/autodl-tmp/data/R-bench/validation/3b78e75f33d9b90a.jpg,man,helmet,wearing,worn by,1,eval,non-spatial,Positive,Is the man in the image wearing a helmet?,61|191|533|485,461|191|133|144
65e46fc0805f86f1.jpg,/root/autodl-tmp/data/R-bench/validation/65e46fc0805f86f1.jpg,woman,bikini,wearing,worn by,1,eval,non-spatial,Positive,Does the woman in the image wear a bikini?,7|41|725|983,81|256|399|635
98b5f8fbfff0d05d.jpg,/root/autodl-tmp/data/R-bench/validation/98b5f8fbfff0d05d.jpg,man,hat,wearing,worn by,1,eval,non-spatial,Positive,Does the man in the image wear a hat?,276|73|328|658,369|73|194|139
bc6b86f27e8186c2.jpg,/root/autodl-tmp/data/R-bench/validation/bc6b86f27e8186c2.jpg,man,hat,wearing,worn by,1,eval,non-spatial,Positive,Does the man in the image wear a hat?,164|0|860|676,205|0|532|294
e83b2787e1dc695b.jpg,/root/autodl-tmp/data/R-bench/validation/e83b2787e1dc695b.jpg,people,clothes,wearing,worn by,1,calib,non-spatial,Positive,Are the people in the image wearing clothes?,379|249|143|534,256|222|154|561
1050b3c3f36090a3.jpg,/root/autodl-tmp/data/R-bench/validation/1050b3c3f36090a3.jpg,woman,high heels,wearing,worn by,1,eval,non-spatial,Positive,Does the woman wear high heels in the image?,195|0|778|753,509|494|459|274
231a40bf7aa6ddb9.jpg,/root/autodl-tmp/data/R-bench/validation/231a40bf7aa6ddb9.jpg,woman,black dresses,wearing,worn by,1,calib,non-spatial,Positive,Does the woman in the image wear black dresses?,170|287|144|604,321|369|129|317
84ad4ec3892221c7.jpg,/root/autodl-tmp/data/R-bench/validation/84ad4ec3892221c7.jpg,man,glasses,wearing,worn by,1,eval,non-spatial,Positive,Does the man in the image wear glasses?,272|0|635|1024,299|184|445|164
c16a846baefae10f.jpg,/root/autodl-tmp/data/R-bench/validation/c16a846baefae10f.jpg,woman,black clothes,wearing,worn by,1,calib,non-spatial,Positive,Is the woman wearing black clothes?,314|317|55|144,314|307|82|62
6feb315c15e4fe18.jpg,/root/autodl-tmp/data/R-bench/validation/6feb315c15e4fe18.jpg,man,comfortable jeans,wearing,worn by,1,calib,non-spatial,Positive,Does the man in the image wear comfortable jeans?,0|207|82|269,0|338|72|130
018d4a117c1d7e16.jpg,/root/autodl-tmp/data/R-bench/validation/018d4a117c1d7e16.jpg,man,red hat,wearing,worn by,1,eval,non-spatial,Positive,Is the man in the image wearing a red hat?,82|130|563|552,163|133|185|125
8ae3bac7967df4b7.jpg,/root/autodl-tmp/data/R-bench/validation/8ae3bac7967df4b7.jpg,man,military uniform,wearing,worn by,1,eval,non-spatial,Positive,Is the man in the image wearing a military uniform?,8|41|737|983,8|41|737|983
6f11f23cea22966f.jpg,/root/autodl-tmp/data/R-bench/validation/6f11f23cea22966f.jpg,woman,feather boa,wearing,worn by,1,eval,non-spatial,Positive,Does the woman wear a feather boa?,215|15|389|753,225|215|379|553
3be189900a496924.jpg,/root/autodl-tmp/data/R-bench/validation/3be189900a496924.jpg,man,orange riding suit,wearing,worn by,1,calib,non-spatial,Opposite,Is the man in the image wearing an orange riding suit?,451|137|501|546,635|178|307|286
d3f6bc7d12972707.jpg,/root/autodl-tmp/data/R-bench/validation/d3f6bc7d12972707.jpg,man,helmet,wearing,worn by,1,eval,non-spatial,Positive,Is the man in the image wearing a helmet?,553|104|246|391,563|104|103|117
3838d7bebf4a2914.jpg,/root/autodl-tmp/data/R-bench/validation/3838d7bebf4a2914.jpg,man,cap,wearing,worn by,1,calib,non-spatial,Positive,Is the man in the image wearing a cap?,430|55|563|621,748|55|184|129
db2682e944a9915c.jpg,/root/autodl-tmp/data/R-bench/validation/db2682e944a9915c.jpg,man,mask,wearing,worn by,1,eval,non-spatial,Positive,Does the man in the image wear a mask?,215|143|61|76,215|143|61|76
897485e4e7699ab2.jpg,/root/autodl-tmp/data/R-bench/validation/897485e4e7699ab2.jpg,man,grey shirt,wearing,worn by,1,eval,non-spatial,Positive,Is the man in the image wearing a grey shirt?,440|0|584|683,696|0|328|458
75b0b8cd08840f4e.jpg,/root/autodl-tmp/data/R-bench/validation/75b0b8cd08840f4e.jpg,man,boot,wearing,worn by,1,calib,non-spatial,Positive,Is the man in the image wearing a boot?,169|338|376|471,169|338|376|471
3a39040ecd47e0f6.jpg,/root/autodl-tmp/data/R-bench/validation/3a39040ecd47e0f6.jpg,man,orange shirt,wearing,worn by,1,calib,non-spatial,Positive,Is the man wearing an orange shirt?,512|75|502|603,666|170|297|244
adbbe2ecb92408ec.jpg,/root/autodl-tmp/data/R-bench/validation/adbbe2ecb92408ec.jpg,woman,high heels,wearing,worn by,1,calib,non-spatial,Positive,Does the woman in the image wear high heels?,123|0|512|603,337|330|291|270
115150a6ba4eb0ca.jpg,/root/autodl-tmp/data/R-bench/validation/115150a6ba4eb0ca.jpg,man,glasses,wearing,worn by,1,eval,non-spatial,Positive,Does the man in the image wear glasses?,236|69|573|693,399|206|205|68
291f50e909f7872e.jpg,/root/autodl-tmp/data/R-bench/validation/291f50e909f7872e.jpg,man,blue shirt,wearing,worn by,1,calib,non-spatial,Positive,Is the man in the image wearing a blue shirt?,15|72|749|716,15|72|749|716
26d3e6efda2035c0.jpg,/root/autodl-tmp/data/R-bench/validation/26d3e6efda2035c0.jpg,woman,belt,wearing,worn by,1,eval,non-spatial,Positive,Does the woman in the image wear a belt?,72|31|604|993,211|827|341|115
29faa8b48f111791.jpg,/root/autodl-tmp/data/R-bench/validation/29faa8b48f111791.jpg,man,cap,wearing,worn by,1,calib,non-spatial,Positive,Is the man in the image wearing a cap?,92|13|615|630,410|13|153|130
879caa754388ec1b.jpg,/root/autodl-tmp/data/R-bench/validation/879caa754388ec1b.jpg,girl,goggles,wearing,worn by,1,eval,non-spatial,Positive,Is the girl wearing goggles inside the water?,0|23|727|737,430|115|297|185
b15736bdd7914941.jpg,/root/autodl-tmp/data/R-bench/validation/b15736bdd7914941.jpg,woman,necklace,wearing,worn by,1,eval,non-spatial,Positive,Does the woman in the image wear a necklace?,7|61|674|963,272|584|273|204
810a5ed9f3f17d89.jpg,/root/autodl-tmp/data/R-bench/validation/810a5ed9f3f17d89.jpg,woman,glasses,wearing,worn by,1,eval,non-spatial,Positive,Does the woman in the image wear glasses?,338|244|614|731,553|370|195|49
3b2444d13b3b30e1.jpg,/root/autodl-tmp/data/R-bench/validation/3b2444d13b3b30e1.jpg,man,tie,wearing,worn by,1,calib,non-spatial,Positive,Is the man in the image wearing a tie?,61|66|953|728,467|505|87|269
cacc2f4eae5232bf.jpg,/root/autodl-tmp/data/R-bench/validation/cacc2f4eae5232bf.jpg,man,sunglasses,wearing,worn by,1,calib,non-spatial,Positive,Does the man in the image wear sunglasses?,459|93|548|404,860|144|113|86
66f190cca20533ed.jpg,/root/autodl-tmp/data/R-bench/validation/66f190cca20533ed.jpg,man,sun hat,wearing,worn by,1,eval,non-spatial,Positive,Does the man in the image wear a sun hat?,168|60|602|313,168|60|602|313
5502a35f0f5ef825.jpg,/root/autodl-tmp/data/R-bench/validation/5502a35f0f5ef825.jpg,man,jeans,wearing,worn by,1,eval,non-spatial,Positive,Does the man in the image wear jeans?,265|61|354|963,279|676|299|348
51e6ff8c0af98410.jpg,/root/autodl-tmp/data/R-bench/validation/51e6ff8c0af98410.jpg,woman,dangling earrings,wearing,worn by,1,eval,non-spatial,Positive,Does the woman in the image wear dangling earrings?,8|51|755|973,358|471|40|102
42c05e6f790f4ef6.jpg,/root/autodl-tmp/data/R-bench/validation/42c05e6f790f4ef6.jpg,man,purple shirt,wearing,worn by,1,eval,non-spatial,Positive,Is the man in the image wearing a purple shirt?,317|215|297|315,317|215|297|315
0ca56558107bdae5.jpg,/root/autodl-tmp/data/R-bench/validation/0ca56558107bdae5.jpg,woman,hat,wearing,worn by,1,eval,non-spatial,Positive,Does the woman in the image wear a hat?,0|23|870|745,0|23|870|445
4b7fec19dc4a59c8.jpg,/root/autodl-tmp/data/R-bench/validation/4b7fec19dc4a59c8.jpg,man,swim cap,wearing,worn by,1,calib,non-spatial,Positive,Does the man in the image wear a swim cap?,123|66|758|436,666|66|215|152
09e094375efab7fe.jpg,/root/autodl-tmp/data/R-bench/validation/09e094375efab7fe.jpg,woman,head scarf,wearing,worn by,1,calib,non-spatial,Positive,Is the woman wearing a head scarf?,195|15|409|715,317|15|113|131
df051a0847309c44.jpg,/root/autodl-tmp/data/R-bench/validation/df051a0847309c44.jpg,man,black hat,wearing,worn by,1,eval,non-spatial,Positive,Is the man wearing a black hat?,307|7|328|225,307|7|328|225
43ec4aa29ee2b16a.jpg,/root/autodl-tmp/data/R-bench/validation/43ec4aa29ee2b16a.jpg,man,jacket,wearing,worn by,1,eval,non-spatial,Positive,Does the man in the image wear a jacket?,34|51|569|973,41|236|569|696
2635637b838c6355.jpg,/root/autodl-tmp/data/R-bench/validation/2635637b838c6355.jpg,woman,black lace dress,wearing,worn by,1,calib,non-spatial,Positive,Is the woman in the image wearing a black lace dress?,212|10|246|1004,253|174|205|830
6a6018122172653c.jpg,/root/autodl-tmp/data/R-bench/validation/6a6018122172653c.jpg,person,red jacket,wearing,worn by,1,eval,non-spatial,Opposite,Is the person in the image wearing a red jacket?,369|10|338|441,399|31|226|286
a8d7f65b1f6c2b76.jpg,/root/autodl-tmp/data/R-bench/validation/a8d7f65b1f6c2b76.jpg,woman,green,wearing,worn by,1,eval,non-spatial,Positive,Does the woman in the image wear green?,82|51|456|891,361|840|143|102
96454288fb7fe59d.jpg,/root/autodl-tmp/data/R-bench/validation/96454288fb7fe59d.jpg,man,suit,wearing,worn by,1,eval,non-spatial,Positive,Does the man in the image wear a suit?,290|163|480|520,287|314|286|369
1519b2618048f525.jpg,/root/autodl-tmp/data/R-bench/validation/1519b2618048f525.jpg,man,sunglasses,wearing,worn by,1,eval,non-spatial,Positive,Is the man in the image wearing sunglasses?,41|225|840|458,174|328|195|102
673cc9eb412dcb63.jpg,/root/autodl-tmp/data/R-bench/validation/673cc9eb412dcb63.jpg,woman,green hat,wearing,worn by,1,calib,non-spatial,Positive,Is the woman wearing the green hat in the image?,82|7|942|676,317|0|482|335
1250a079d3fbd919.jpg,/root/autodl-tmp/data/R-bench/validation/1250a079d3fbd919.jpg,woman,black shirt,wearing,worn by,1,calib,non-spatial,Opposite,Is the woman wearing a black shirt in the image?,92|0|789|787,92|653|789|134
38136306a3600d6f.jpg,/root/autodl-tmp/data/R-bench/validation/38136306a3600d6f.jpg,man,hat,wearing,worn by,1,eval,non-spatial,Positive,Does the man in the image wear a hat?,0|174|686|850,69|174|507|318
e42ce843c6e48119.jpg,/root/autodl-tmp/data/R-bench/validation/e42ce843c6e48119.jpg,woman,jacket,wearing,worn by,1,eval,non-spatial,Positive,Is the woman wearing the jacket?,338|184|235|581,369|314|204|153
94c53be316c9a02e.jpg,/root/autodl-tmp/data/R-bench/validation/94c53be316c9a02e.jpg,man,black tank top,wearing,worn by,1,calib,non-spatial,Positive,Is the man in the image wearing a black tank top?,146|10|344|635,270|205|147|184
390cce601a67389a.jpg,/root/autodl-tmp/data/R-bench/validation/390cce601a67389a.jpg,woman,swim cap,wearing,worn by,1,eval,non-spatial,Positive,Does the woman in the image wear a swim cap?,0|92|590|860,241|92|349|266
fbde77a07ece0cc0.jpg,/root/autodl-tmp/data/R-bench/validation/fbde77a07ece0cc0.jpg,woman,wedding dress,wearing,worn by,1,calib,non-spatial,Positive,Does the woman in the image wear a wedding dress?,184|157|256|527,184|157|256|527
91beb1e150bee50c.jpg,/root/autodl-tmp/data/R-bench/validation/91beb1e150bee50c.jpg,man,hard hat,wearing,worn by,1,eval,non-spatial,Positive,Does the man in the image wear a hard hat?,10|82|645|735,420|90|235|269
aaf5b5b51d27d3a2.jpg,/root/autodl-tmp/data/R-bench/validation/aaf5b5b51d27d3a2.jpg,person,red shirt,wearing,worn by,1,eval,non-spatial,Positive,Is the person in the image wearing a red shirt?,266|116|226|348,317|170|175|151
ed39ece290eabd5d.jpg,/root/autodl-tmp/data/R-bench/validation/ed39ece290eabd5d.jpg,person,helmet,wearing,worn by,1,eval,non-spatial,Positive,Is the person in the image wearing a helmet?,492|55|122|143,492|55|122|143
7465f120066a02cd.jpg,/root/autodl-tmp/data/R-bench/validation/7465f120066a02cd.jpg,woman,red shoe,wearing,worn by,1,eval,non-spatial,Positive,Does the woman wear a red shoe?,113|0|163|294,102|246|62|48
e8ed4fb8d2ff2258.jpg,/root/autodl-tmp/data/R-bench/validation/e8ed4fb8d2ff2258.jpg,man,fedora,wearing,worn by,1,eval,non-spatial,Positive,Does the man in the image wear a fedora?,256|0|645|671,246|0|655|414
af76f0576cc7dbd4.jpg,/root/autodl-tmp/data/R-bench/validation/af76f0576cc7dbd4.jpg,woman,pink coat,wearing,worn by,1,calib,non-spatial,Positive,Does the woman in the image wear a pink coat?,260|184|165|420,260|215|165|154
561f1cadde8c0725.jpg,/root/autodl-tmp/data/R-bench/validation/561f1cadde8c0725.jpg,woman,sunglasses,wearing,worn by,1,eval,non-spatial,Positive,Does the woman in the image wear sunglasses?,95|20|587|1004,95|328|498|307
81eab2350699a82e.jpg,/root/autodl-tmp/data/R-bench/validation/81eab2350699a82e.jpg,man,tie,wearing,worn by,1,eval,non-spatial,Positive,Does the man in the image wear a tie?,0|31|549|993,215|257|98|356
a02435a31346db04.jpg,/root/autodl-tmp/data/R-bench/validation/a02435a31346db04.jpg,man,top hat,wearing,worn by,1,eval,non-spatial,Positive,Does the man in the image wear a top hat?,215|20|353|1004,330|20|192|216
4c74600e9138e5d8.jpg,/root/autodl-tmp/data/R-bench/validation/4c74600e9138e5d8.jpg,woman,glasses,wearing,worn by,1,calib,non-spatial,Positive,Does the woman in the image wear glasses?,31|0|880|682,379|41|235|157
115bec3d6d7f09f2.jpg,/root/autodl-tmp/data/R-bench/validation/115bec3d6d7f09f2.jpg,woman,shorts,wearing,worn by,1,eval,non-spatial,Positive,Does the woman in the image wear shorts?,440|115|236|522,532|346|113|99
9b1b545868d185b4.jpg,/root/autodl-tmp/data/R-bench/validation/9b1b545868d185b4.jpg,girl,purple dress,wearing,worn by,1,eval,non-spatial,Positive,Is the girl in the image wearing a purple dress?,218|61|348|902,321|410|218|102
5bcc87c13b42e844.jpg,/root/autodl-tmp/data/R-bench/validation/5bcc87c13b42e844.jpg,girl,pink clothing,wearing,worn by,1,eval,non-spatial,Positive,Is the girl in the image wearing pink clothing?,54|102|691|748,54|389|537|461
a2e9e0465112b0e2.jpg,/root/autodl-tmp/data/R-bench/validation/a2e9e0465112b0e2.jpg,man,hat,wearing,worn by,1,eval,non-spatial,Positive,Is the man in the image wearing a hat?,594|123|317|561,584|131|71|115
922f5338ce970728.jpg,/root/autodl-tmp/data/R-bench/validation/922f5338ce970728.jpg,woman,blue scarf,wearing,worn by,1,calib,non-spatial,Positive,Does the woman in the image wear the blue scarf?,338|8|348|368,225|8|748|760
4ee8d73a64ba1853.jpg,/root/autodl-tmp/data/R-bench/validation/4ee8d73a64ba1853.jpg,woman,pink shirt,wearing,worn by,1,calib,non-spatial,Positive,Does the woman in the image wear a pink shirt?,225|84|645|684,225|468|635|300
3e49a1c1b227ea28.jpg,/root/autodl-tmp/data/R-bench/validation/3e49a1c1b227ea28.jpg,person,white top,wearing,worn by,1,eval,non-spatial,Positive,Is the person in the image wearing a white top?,502|261|225|484,512|346|215|215
70f4fa357528a5d3.jpg,/root/autodl-tmp/data/R-bench/validation/70f4fa357528a5d3.jpg,woman,headset,wearing,worn by,1,calib,non-spatial,Positive,Does the woman in the image wear a headset?,399|41|441|635,594|150|82|82
106c8de22ed8d1d4.jpg,/root/autodl-tmp/data/R-bench/validation/106c8de22ed8d1d4.jpg,man,chef's uniform,wearing,worn by,1,eval,non-spatial,Positive,Is the man in the image wearing a chef's uniform?,143|133|465|717,143|133|458|717
227d9e3550c9ec57.jpg,/root/autodl-tmp/data/R-bench/validation/227d9e3550c9ec57.jpg,woman,purse,wearing,worn by,1,eval,non-spatial,Positive,Does the woman in the image wear a purse?,100|20|576|1004,92|369|446|655
9c39a9f507ee1787.jpg,/root/autodl-tmp/data/R-bench/validation/9c39a9f507ee1787.jpg,woman,high heels,wearing,worn by,1,eval,non-spatial,Positive,Is the woman wearing the high heels?,20|7|912|606,225|177|707|436
60854ae38aa4b07c.jpg,/root/autodl-tmp/data/R-bench/validation/60854ae38aa4b07c.jpg,woman,red high heels,wearing,worn by,1,eval,non-spatial,Positive,Is the woman wearing the red high heels?,225|0|799|683,225|109|676|567
20b92c77c1b03b11.jpg,/root/autodl-tmp/data/R-bench/validation/20b92c77c1b03b11.jpg,woman,floral dress,wearing,worn by,1,eval,non-spatial,Positive,Does the woman in the image wear a floral dress?,7|0|664|1024,47|481|617|543
d7c4f4dcc1207ef1.jpg,/root/autodl-tmp/data/R-bench/validation/d7c4f4dcc1207ef1.jpg,man,soccer ball,wearing,worn by,1,eval,non-spatial,Opposite,Is the man wearing a blue and black jersey kicking a soccer ball?,246|143|174|375,358|491|62|55
b5be42aef68ebf08.jpg,/root/autodl-tmp/data/R-bench/validation/b5be42aef68ebf08.jpg,man,hat,wearing,worn by,1,eval,non-spatial,Positive,Is the man in the image wearing a hat?,0|72|819|952,172|72|369|266
8105247aae5f048c.jpg,/root/autodl-tmp/data/R-bench/validation/8105247aae5f048c.jpg,man,gloves,wearing,worn by,1,eval,non-spatial,Positive,Does the man in the image wear gloves?,0|0|1024|569,31|6|542|563
a96f938d1ed1fdc5.jpg,/root/autodl-tmp/data/R-bench/validation/a96f938d1ed1fdc5.jpg,man,shorts,wearing,worn by,1,eval,non-spatial,Positive,Does the man in the image wear shorts?,164|133|382|891,210|609|222|167
68624a5135fb2f39.jpg,/root/autodl-tmp/data/R-bench/validation/68624a5135fb2f39.jpg,man,red tie,wearing,worn by,1,calib,non-spatial,Positive,Is the man in the image wearing a red tie?,0|55|481|857,328|429|82|364
15e2134bf1363429.jpg,/root/autodl-tmp/data/R-bench/validation/15e2134bf1363429.jpg,person,jeans,wearing,worn by,1,calib,non-spatial,Positive,Is the person in the image wearing jeans?,430|232|143|451,451|471|122|212
4caa7f161916628e.jpg,/root/autodl-tmp/data/R-bench/validation/4caa7f161916628e.jpg,man,brown sweater,wearing,worn by,1,eval,non-spatial,Positive,Is the man wearing a brown sweater?,338|123|686|645,338|330|399|438
8adaad8fefce4d9b.jpg,/root/autodl-tmp/data/R-bench/validation/8adaad8fefce4d9b.jpg,man,yellow tie,wearing,worn by,1,eval,non-spatial,Positive,Is the man in the image wearing a yellow tie?,512|41|471|644,532|377|113|301
76f8fdd48b7ff734.jpg,/root/autodl-tmp/data/R-bench/validation/76f8fdd48b7ff734.jpg,man,blue shirt,wearing,worn by,1,calib,non-spatial,Positive,Is the man in the image wearing a blue shirt?,133|174|471|676,133|246|307|348
1e9c75745b953123.jpg,/root/autodl-tmp/data/R-bench/validation/1e9c75745b953123.jpg,man,orange hat,wearing,worn by,1,calib,non-spatial,Opposite,Is the man wearing an orange hat in the image?,82|61|932|707,133|61|399|246
f7f83ef0ae3406b2.jpg,/root/autodl-tmp/data/R-bench/validation/f7f83ef0ae3406b2.jpg,woman,bikini,wearing,worn by,1,eval,non-spatial,Positive,Is the woman in the image wearing a bikini?,247|92|346|860,346|246|188|327
fa5e9d6dc2185614.jpg,/root/autodl-tmp/data/R-bench/validation/fa5e9d6dc2185614.jpg,woman,skirt,wearing,worn by,1,calib,non-spatial,Positive,Is the woman wearing a skirt?,389|169|318|538,440|407|144|146
21bf3a99e1062d37.jpg,/root/autodl-tmp/data/R-bench/validation/21bf3a99e1062d37.jpg,man,cowboy hat,wearing,worn by,1,eval,non-spatial,Positive,Does the man in the image wear a cowboy hat?,0|123|745|901,69|123|676|399
9bed0e9513710c7b.jpg,/root/autodl-tmp/data/R-bench/validation/9bed0e9513710c7b.jpg,man,suit,wearing,worn by,1,calib,non-spatial,Positive,Does the man in the image wear a suit?,0|34|952|647,10|334|778|347
f9bbc488119907a5.jpg,/root/autodl-tmp/data/R-bench/validation/f9bbc488119907a5.jpg,man,helmet,wearing,worn by,1,calib,non-spatial,Positive,Is the man in the image wearing a helmet?,297|197|287|332,399|197|123|156
5635c9b530f89131.jpg,/root/autodl-tmp/data/R-bench/validation/5635c9b530f89131.jpg,man,flower,wearing,worn by,1,eval,non-spatial,Positive,Does the man in the image wear a flower?,34|41|512|973,403|573|109|226
561f1cadde8c0725.jpg,/root/autodl-tmp/data/R-bench/validation/561f1cadde8c0725.jpg,woman,sunglasses,wearing,worn by,1,eval,non-spatial,Opposite,Does the woman wear the sunglasses in the image?,95|20|587|1004,102|328|485|307
cfe604ed92fd4229.jpg,/root/autodl-tmp/data/R-bench/validation/cfe604ed92fd4229.jpg,man,suit,wearing,worn by,1,calib,non-spatial,Positive,Is the man in the image wearing a suit?,276|28|748|673,276|28|748|673
711fbfa40b208b59.jpg,/root/autodl-tmp/data/R-bench/validation/711fbfa40b208b59.jpg,man,camouflage clothing,wearing,worn by,1,eval,non-spatial,Positive,Is the man in the image wearing camouflage clothing?,72|84|583|684,72|238|430|530
ae3dd169da01729f.jpg,/root/autodl-tmp/data/R-bench/validation/ae3dd169da01729f.jpg,man,glasses,wearing,worn by,1,calib,non-spatial,Positive,Does the man in the image wear glasses?,27|133|608|891,266|225|144|62
4925ad38f1167993.jpg,/root/autodl-tmp/data/R-bench/validation/4925ad38f1167993.jpg,man,military uniform,wearing,worn by,1,eval,non-spatial,Positive,Is the man in the image wearing military uniform?,20|20|195|600,20|20|195|600
09625dc24eb205b4.jpg,/root/autodl-tmp/data/R-bench/validation/09625dc24eb205b4.jpg,man,shirt,wearing,worn by,1,eval,non-spatial,Positive,Is the man in the image wearing a blue and white shirt?,389|205|502|382,389|205|502|382
61362bfc3e9f61c1.jpg,/root/autodl-tmp/data/R-bench/validation/61362bfc3e9f61c1.jpg,woman,black,wearing,worn by,1,eval,non-spatial,Positive,Is the woman wearing black in the image?,338|246|102|353,338|292|102|169
383ffb16d582355d.jpg,/root/autodl-tmp/data/R-bench/validation/383ffb16d582355d.jpg,man,glasses,wearing,worn by,1,eval,non-spatial,Positive,Does the man in the image wear glasses?,0|27|481|659,92|123|225|76
cef4977e5f34377b.jpg,/root/autodl-tmp/data/R-bench/validation/cef4977e5f34377b.jpg,man,hat,wearing,worn by,1,eval,non-spatial,Positive,Is the man in the image wearing a hat?,184|280|246|328,184|280|246|328
8823286afacc9898.jpg,/root/autodl-tmp/data/R-bench/validation/8823286afacc9898.jpg,woman,sunglasses,wearing,worn by,1,eval,non-spatial,Opposite,Is the woman in the image wearing sunglasses?,358|269|226|276,399|307|52|23
dca4384cbb60e052.jpg,/root/autodl-tmp/data/R-bench/validation/dca4384cbb60e052.jpg,man,flower,wearing,worn by,1,calib,non-spatial,Positive,Does the man in the image wear a flower?,14|174|666|850,401|481|116|185
e0d9b46ea2950a9d.jpg,/root/autodl-tmp/data/R-bench/validation/e0d9b46ea2950a9d.jpg,man,jacket,wearing,worn by,1,eval,non-spatial,Positive,Is the man in the image wearing a jacket?,41|10|421|707,27|133|401|277
ecc5148293fb7014.jpg,/root/autodl-tmp/data/R-bench/validation/ecc5148293fb7014.jpg,man,fancy clothes,wearing,worn by,1,calib,non-spatial,Positive,Is the man in the image wearing fancy clothes?,0|14|143|532,0|14|143|532
fcc7a64a32ff820c.jpg,/root/autodl-tmp/data/R-bench/validation/fcc7a64a32ff820c.jpg,person,red tights,wearing,worn by,1,eval,non-spatial,Positive,Is the person in the image wearing red tights?,164|215|358|573,358|573|113|215
d5a1e51d937f330f.jpg,/root/autodl-tmp/data/R-bench/validation/d5a1e51d937f330f.jpg,man,helmet,wearing,worn by,1,calib,non-spatial,Opposite,Is the man in the image wearing a helmet?,195|0|399|516,236|7|143|136
56136a5dd78b5454.jpg,/root/autodl-tmp/data/R-bench/validation/56136a5dd78b5454.jpg,man,helmet,wearing,worn by,1,eval,non-spatial,Positive,Is the man wearing a helmet?,328|96|409|589,430|96|123|103
84930606ad9bc457.jpg,/root/autodl-tmp/data/R-bench/validation/84930606ad9bc457.jpg,woman,white dress,wearing,worn by,1,eval,non-spatial,Positive,Is the woman in the image wearing a white dress?,223|164|368|686,269|379|261|471
b2e355c7a82ce546.jpg,/root/autodl-tmp/data/R-bench/validation/b2e355c7a82ce546.jpg,woman,green shirt,wearing,worn by,1,eval,non-spatial,Positive,Is the woman in the image wearing a green shirt?,246|159|624|677,246|159|624|677
cae06c543974920a.jpg,/root/autodl-tmp/data/R-bench/validation/cae06c543974920a.jpg,jockey,gray jacket,wearing,worn by,1,eval,non-spatial,Positive,Is the jockey in the image wearing a gray jacket?,420|20|440|799,451|100|409|340
4d55c519a24906d3.jpg,/root/autodl-tmp/data/R-bench/validation/4d55c519a24906d3.jpg,man,cowboy hat,wearing,worn by,1,eval,non-spatial,Positive,Is the man wearing a cowboy hat?,410|61|594|451,819|61|154|121
508252750223d78f.jpg,/root/autodl-tmp/data/R-bench/validation/508252750223d78f.jpg,woman,bowtie,wearing,worn by,1,eval,non-spatial,Positive,Is the woman in the image wearing a bowtie?,54|174|576|778,415|399|107|72
cecebfac91ae2c38.jpg,/root/autodl-tmp/data/R-bench/validation/cecebfac91ae2c38.jpg,man,hat,wearing,worn by,1,eval,non-spatial,Positive,Is the man wearing a hat?,31|54|501|414,31|54|501|414
8302f7352b501bc4.jpg,/root/autodl-tmp/data/R-bench/validation/8302f7352b501bc4.jpg,woman,red dress,wearing,worn by,1,eval,non-spatial,Positive,Does the woman in the image wear the red dress?,297|55|481|834,430|202|215|329
6a6881aefff9ad58.jpg,/root/autodl-tmp/data/R-bench/validation/6a6881aefff9ad58.jpg,man,glasses,wearing,worn by,1,eval,non-spatial,Positive,Does the man in the image wear glasses?,276|41|492|505,358|150|205|89
218a7e0c84466325.jpg,/root/autodl-tmp/data/R-bench/validation/218a7e0c84466325.jpg,people,helmets,wearing,worn by,1,eval,non-spatial,Positive,Are the people in the image wearing helmets?,492|253|51|41,492|253|51|41
74f60e61ddeb2346.jpg,/root/autodl-tmp/data/R-bench/validation/74f60e61ddeb2346.jpg,woman,silver swim cap,wearing,worn by,1,eval,non-spatial,Positive,Is the woman in the image wearing a silver swim cap?,0|136|1024|468,297|306|184|149
fc9221e13d8ebee1.jpg,/root/autodl-tmp/data/R-bench/validation/fc9221e13d8ebee1.jpg,woman,black skirt,wearing,worn by,1,calib,non-spatial,Positive,Is the woman in the image wearing a black skirt?,451|150|204|437,512|314|113|122
894e4bc127342011.jpg,/root/autodl-tmp/data/R-bench/validation/894e4bc127342011.jpg,man,glasses,wearing,worn by,1,calib,non-spatial,Positive,Is the man in the image wearing glasses?,72|0|952|1024,410|0|307|133
8990927c8bbdf344.jpg,/root/autodl-tmp/data/R-bench/validation/8990927c8bbdf344.jpg,man,ponytail,wearing,worn by,1,calib,non-spatial,Positive,Does the man in the image wear a ponytail?,0|0|408|983,0|154|95|143
438f461a5f6d8e7e.jpg,/root/autodl-tmp/data/R-bench/validation/438f461a5f6d8e7e.jpg,man,race car,wearing,worn by,1,eval,non-spatial,Positive,Is the man wearing a red helmet driving the race car?,451|193|71|73,154|100|696|338
aa6c7c9bf1188b05.jpg,/root/autodl-tmp/data/R-bench/validation/aa6c7c9bf1188b05.jpg,man,swim cap,wearing,worn by,1,eval,non-spatial,Positive,Does the man in the image wear a swim cap?,123|41|471|983,246|41|123|113
41610b3b53176620.jpg,/root/autodl-tmp/data/R-bench/validation/41610b3b53176620.jpg,woman,green shirt,wearing,worn by,1,calib,non-spatial,Positive,Does the woman in the image wear a green shirt?,389|14|574|669,389|382|563|301
00575b9132bb3746.jpg,/root/autodl-tmp/data/R-bench/validation/00575b9132bb3746.jpg,man,helmet,wearing,worn by,1,eval,non-spatial,Positive,Is the man in the image wearing a helmet?,379|34|553|328,379|34|133|150
e653bcd0d994c49c.jpg,/root/autodl-tmp/data/R-bench/validation/e653bcd0d994c49c.jpg,man,hat,wearing,worn by,1,calib,non-spatial,Positive,Is the man in the image wearing a hat?,20|215|564|484,461|215|112|108
79585e8be9df5c22.jpg,/root/autodl-tmp/data/R-bench/validation/79585e8be9df5c22.jpg,man with the camera,headphones,wearing,worn by,1,eval,non-spatial,Opposite,Is the man with the camera wearing headphones?,113|453|419|315,164|453|225|215
bf671231fd9e7070.jpg,/root/autodl-tmp/data/R-bench/validation/bf671231fd9e7070.jpg,man,glasses,wearing,worn by,1,eval,non-spatial,Positive,Is the man in the image wearing glasses?,102|0|580|1024,164|41|136|154
4f3ea0b2bc75000c.jpg,/root/autodl-tmp/data/R-bench/validation/4f3ea0b2bc75000c.jpg,man,roller skates,wearing,worn by,1,eval,non-spatial,Positive,Is the man in the image wearing roller skates?,317|108|369|506,542|502|77|100
cf2d9403b6aabe42.jpg,/root/autodl-tmp/data/R-bench/validation/cf2d9403b6aabe42.jpg,man,red strap,wearing,worn by,1,calib,non-spatial,Positive,Does the man in the image wear a red strap?,358|0|666|681,399|232|451|449
c0dea6f5a9da743e.jpg,/root/autodl-tmp/data/R-bench/validation/c0dea6f5a9da743e.jpg,woman,blue shirt,wearing,worn by,1,calib,non-spatial,Positive,Does the woman in the image wear a blue shirt?,410|269|256|499,420|376|133|223
f19ecb261dd1a702.jpg,/root/autodl-tmp/data/R-bench/validation/f19ecb261dd1a702.jpg,man,blue tent,wearing,worn by,1,eval,non-spatial,Positive,Is the man wearing shorts standing outside by a blue tent?,839|584|143|317,31|297|931|625
3fd61b93eb10b236.jpg,/root/autodl-tmp/data/R-bench/validation/3fd61b93eb10b236.jpg,person,glasses,wearing,worn by,1,eval,non-spatial,Positive,Is the person in the image wearing glasses?,410|0|614|768,758|8|266|123
0f5c46b60af6a324.jpg,/root/autodl-tmp/data/R-bench/validation/0f5c46b60af6a324.jpg,girl,sandals,wearing,worn by,1,eval,non-spatial,Positive,Is the girl in the image wearing sandals?,72|8|778|584,123|500|184|92
1fe277f5abfc7d74.jpg,/root/autodl-tmp/data/R-bench/validation/1fe277f5abfc7d74.jpg,woman,tiara,wearing,worn by,1,eval,non-spatial,Positive,Does the woman in the image wear a tiara?,317|7|707|676,379|20|307|233
ae4580cd106bb09e.jpg,/root/autodl-tmp/data/R-bench/validation/ae4580cd106bb09e.jpg,woman,black,wearing,worn by,1,eval,non-spatial,Positive,Is the woman wearing black?,604|161|184|208,604|223|123|146
d00e6b4237dc5111.jpg,/root/autodl-tmp/data/R-bench/validation/d00e6b4237dc5111.jpg,woman,black vest,wearing,worn by,1,calib,non-spatial,Positive,Is the woman in the image wearing a black vest?,451|77|440|691,614|215|267|407
8bd8604e0da78098.jpg,/root/autodl-tmp/data/R-bench/validation/8bd8604e0da78098.jpg,woman,yellow top,wearing,worn by,1,eval,non-spatial,Opposite,Is the woman in the image wearing a yellow top?,246|31|414|973,376|195|177|327
2c209664cc9be9e6.jpg,/root/autodl-tmp/data/R-bench/validation/2c209664cc9be9e6.jpg,man,protective helmet,wearing,worn by,1,eval,non-spatial,Positive,Is the man in the image wearing a protective helmet?,468|102|185|635,507|102|92|82
561fe7f628410a18.jpg,/root/autodl-tmp/data/R-bench/validation/561fe7f628410a18.jpg,woman,black shirt,wearing,worn by,1,calib,non-spatial,Positive,Is the woman in the image wearing a black shirt?,199|20|391|1004,221|225|369|369
2117bc938d9d9ea4.jpg,/root/autodl-tmp/data/R-bench/validation/2117bc938d9d9ea4.jpg,person,microphone,wearing,worn by,1,eval,non-spatial,Positive,Is the person wearing headphones speaking into the microphone?,348|415|440|353,236|353|194|146
d7311f959251527d.jpg,/root/autodl-tmp/data/R-bench/validation/d7311f959251527d.jpg,person,roller skates,wearing,worn by,1,calib,non-spatial,Positive,Is the person in the image wearing roller skates?,410|0|378|544,614|289|164|255
6e8bd110b49ef26b.jpg,/root/autodl-tmp/data/R-bench/validation/6e8bd110b49ef26b.jpg,woman,visor,wearing,worn by,1,eval,non-spatial,Positive,Is the woman wearing a visor?,338|108|246|529,410|108|112|61
3a445d61763c1234.jpg,/root/autodl-tmp/data/R-bench/validation/3a445d61763c1234.jpg,man,glasses,wearing,worn by,1,eval,non-spatial,Positive,Is the man in the image wearing glasses?,154|54|870|620,543|252|368|129
70f4fa357528a5d3.jpg,/root/autodl-tmp/data/R-bench/validation/70f4fa357528a5d3.jpg,woman,microphone,wearing,worn by,1,calib,non-spatial,Positive,Is the woman in the image wearing a microphone?,399|41|441|642,594|212|20|20
73dee0f201062631.jpg,/root/autodl-tmp/data/R-bench/validation/73dee0f201062631.jpg,man,glasses,wearing,worn by,1,eval,non-spatial,Positive,Does the man in the image wear glasses?,154|48|409|632,399|204|164|61
ca3ef34d7304dd6c.jpg,/root/autodl-tmp/data/R-bench/validation/ca3ef34d7304dd6c.jpg,woman,green heels,wearing,worn by,1,eval,non-spatial,Random,Does the woman in the image wear green heels?,192|175|248|707,191|809|55|82
63e2c41f873864a3.jpg,/root/autodl-tmp/data/R-bench/validation/63e2c41f873864a3.jpg,girl,dress,wearing,worn by,1,calib,non-spatial,Positive,Is the girl in the image wearing a dress?,305|206|181|453,307|205|185|451
3f4d12195722201c.jpg,/root/autodl-tmp/data/R-bench/validation/3f4d12195722201c.jpg,man,glasses,wearing,worn by,1,calib,non-spatial,Positive,Is the man in the image wearing glasses?,0|0|420|681,123|20|82|130
a6a954a213816783.jpg,/root/autodl-tmp/data/R-bench/validation/a6a954a213816783.jpg,woman,miniskirt,wearing,worn by,1,eval,non-spatial,Positive,Does the woman in the image wear a miniskirt?,317|82|285|840,339|355|173|181
7a3df8b7ff0fa4b4.jpg,/root/autodl-tmp/data/R-bench/validation/7a3df8b7ff0fa4b4.jpg,woman,dress,wearing,worn by,1,calib,non-spatial,Positive,Does the woman in the image wear the dress?,242|201|418|823,243|205|417|819
429a17e931a48e84.jpg,/root/autodl-tmp/data/R-bench/validation/429a17e931a48e84.jpg,girl,orange dress,wearing,worn by,1,calib,non-spatial,Positive,Is the girl wearing an orange dress?,0|0|410|533,0|0|410|533
a8c01f09da2657bd.jpg,/root/autodl-tmp/data/R-bench/validation/a8c01f09da2657bd.jpg,man,helmet,wearing,worn by,1,calib,non-spatial,Positive,Does the man in the image wear a helmet?,205|137|502|327,451|137|133|129
ea1d27e168a16bcd.jpg,/root/autodl-tmp/data/R-bench/validation/ea1d27e168a16bcd.jpg,woman,hat,wearing,worn by,1,eval,non-spatial,Positive,Is the woman in the image wearing a hat?,10|153|1014|859,215|153|614|338
21d49b0df09b3757.jpg,/root/autodl-tmp/data/R-bench/validation/21d49b0df09b3757.jpg,man,glasses,wearing,worn by,1,eval,non-spatial,Positive,Does the man in the image wear glasses?,130|123|429|901,259|184|109|41
ca3ef34d7304dd6c.jpg,/root/autodl-tmp/data/R-bench/validation/ca3ef34d7304dd6c.jpg,woman,miniskirt,wearing,worn by,1,eval,non-spatial,Positive,Does the woman in the image wear a miniskirt?,192|175|248|707,269|415|150|198
9a716890c5e81744.jpg,/root/autodl-tmp/data/R-bench/validation/9a716890c5e81744.jpg,man,suit,wearing,worn by,1,eval,non-spatial,Positive,Is the man wearing a suit?,245|171|187|458,245|171|187|458
1de38c170bce1b3c.jpg,/root/autodl-tmp/data/R-bench/validation/1de38c170bce1b3c.jpg,man,suit,wearing,worn by,1,eval,non-spatial,Positive,Does the man in the image wear a suit?,361|327|364|524,361|327|364|524
ed2fcee42f94162d.jpg,/root/autodl-tmp/data/R-bench/validation/ed2fcee42f94162d.jpg,man,helmet,wearing,worn by,1,calib,non-spatial,Positive,Is the man in the image wearing a helmet?,70|174|435|236,78|205|85|92
1bd0c9a68b41d02c.jpg,/root/autodl-tmp/data/R-bench/validation/1bd0c9a68b41d02c.jpg,man,swim cap,wearing,worn by,1,calib,non-spatial,Positive,Does the man in the image wear a swim cap?,205|34|420|496,369|34|163|136
cb3bf3a4c2945191.jpg,/root/autodl-tmp/data/R-bench/validation/cb3bf3a4c2945191.jpg,man,helmet,wearing,worn by,1,eval,non-spatial,Positive,Is the man wearing a helmet?,707|25|204|597,737|25|113|73
3728914be4a6f601.jpg,/root/autodl-tmp/data/R-bench/validation/3728914be4a6f601.jpg,person,helmet,wearing,worn by,1,eval,non-spatial,Positive,Is the person in the image wearing a helmet?,399|245|195|183,471|245|61|75
125fd09ae6bccf6a.jpg,/root/autodl-tmp/data/R-bench/validation/125fd09ae6bccf6a.jpg,woman,yellow swim cap,wearing,worn by,1,calib,non-spatial,Positive,Does the woman in the image wear a yellow swim cap?,143|92|154|123,143|92|154|123
6022a450df278025.jpg,/root/autodl-tmp/data/R-bench/validation/6022a450df278025.jpg,person,helmet,wearing,worn by,1,calib,non-spatial,Positive,Is the person in the image wearing a helmet?,369|75|430|608,461|75|133|116
d93e3709b373b9eb.jpg,/root/autodl-tmp/data/R-bench/validation/d93e3709b373b9eb.jpg,dog,sunglasses,wearing,worn by,1,calib,non-spatial,Positive,Is the dog wearing sunglasses?,38|51|779|932,221|317|298|113
03b9130b70a5adcf.jpg,/root/autodl-tmp/data/R-bench/validation/03b9130b70a5adcf.jpg,woman,bra,wearing,worn by,1,eval,non-spatial,Positive,Does the woman in the image wear a bra?,143|51|506|973,260|389|116|103
8618ec6384468b52.jpg,/root/autodl-tmp/data/R-bench/validation/8618ec6384468b52.jpg,man,helmet,wearing,worn by,1,eval,non-spatial,Positive,Is the man in the image wearing a helmet?,451|246|256|130,451|246|61|75
48abd1db27d7de96.jpg,/root/autodl-tmp/data/R-bench/validation/48abd1db27d7de96.jpg,woman,swimsuit,wearing,worn by,1,eval,non-spatial,Positive,Is the woman wearing a swimsuit?,250|25|169|979,267|311|138|322
23a41085bee808f6.jpg,/root/autodl-tmp/data/R-bench/validation/23a41085bee808f6.jpg,woman in black leggings,necklace,wearing,worn by,1,eval,non-spatial,Positive,Is the woman in black leggings wearing a necklace?,20|0|855|973,600|10|118|113
a6a954a213816783.jpg,/root/autodl-tmp/data/R-bench/validation/a6a954a213816783.jpg,woman,black miniskirt,wearing,worn by,1,eval,non-spatial,Opposite,Does the woman in the image wear the black miniskirt in the image?,317|82|285|840,342|358|179|185
3a18c41d6a250c1a.jpg,/root/autodl-tmp/data/R-bench/validation/3a18c41d6a250c1a.jpg,woman,glasses,wearing,worn by,1,eval,non-spatial,Random,Does the woman wear glasses?,328|269|286|499,451|330|92|39
c307c0f31c862a17.jpg,/root/autodl-tmp/data/R-bench/validation/c307c0f31c862a17.jpg,man,helmet,wearing,worn by,1,calib,non-spatial,Positive,Is the man in the image wearing a helmet?,481|123|82|77,297|200|471|292
8f0145255b05f727.jpg,/root/autodl-tmp/data/R-bench/validation/8f0145255b05f727.jpg,woman,blue dress,wearing,worn by,1,calib,non-spatial,Positive,Is the woman in the image wearing a blue dress?,73|72|595|870,334|369|189|460
93f12eda23022ec1.jpg,/root/autodl-tmp/data/R-bench/validation/93f12eda23022ec1.jpg,swimmer,goggles,wearing,worn by,1,calib,non-spatial,Positive,Is the swimmer in the image wearing goggles?,31|5|993|468,440|126|123|58
06a4b34d1e9c7599.jpg,/root/autodl-tmp/data/R-bench/validation/06a4b34d1e9c7599.jpg,man,watch,wearing,worn by,1,calib,non-spatial,Positive,Does the man in the image wear the watch?,0|210|1024|702,348|210|604|702
1e31049b92896373.jpg,/root/autodl-tmp/data/R-bench/validation/1e31049b92896373.jpg,man,red shirt,wearing,worn by,1,calib,non-spatial,Positive,Is the man in the image wearing a red shirt?,133|328|154|294,133|342|154|129
7465f120066a02cd.jpg,/root/autodl-tmp/data/R-bench/validation/7465f120066a02cd.jpg,woman,green shirt,wearing,worn by,1,eval,non-spatial,Positive,Is the woman wearing a green shirt?,113|0|163|294,174|14|72|109
a5d472f1030b942f.jpg,/root/autodl-tmp/data/R-bench/validation/a5d472f1030b942f.jpg,woman,blazer,wearing,worn by,1,eval,non-spatial,Positive,Is the woman in the image wearing a blazer?,154|38|737|730,164|468|727|300
d60af2913ab8e98c.jpg,/root/autodl-tmp/data/R-bench/validation/d60af2913ab8e98c.jpg,woman,bikini,wearing,worn by,1,eval,non-spatial,Positive,Is the woman in the image wearing a bikini?,82|20|499|1004,157|809|397|195
67e89bcc0dc88204.jpg,/root/autodl-tmp/data/R-bench/validation/67e89bcc0dc88204.jpg,woman,headdress,wearing,worn by,1,eval,non-spatial,Positive,Does the woman in the image wear a headdress?,0|95|952|585,164|95|420|408
fa2a71fdd3a34387.jpg,/root/autodl-tmp/data/R-bench/validation/fa2a71fdd3a34387.jpg,person,plaid shirt,wearing,worn by,1,calib,non-spatial,Positive,Is the person in the image wearing a plaid shirt?,41|0|584|682,82|0|543|218
1f7c30f0c24fda91.jpg,/root/autodl-tmp/data/R-bench/validation/1f7c30f0c24fda91.jpg,man,yellow sweater,wearing,worn by,1,eval,non-spatial,Positive,Is the man in the image wearing a yellow sweater?,164|68|573|614,307|205|574|477
f856eeb4589e190f.jpg,/root/autodl-tmp/data/R-bench/validation/f856eeb4589e190f.jpg,skater,goggles,wearing,worn by,1,calib,non-spatial,Positive,Is the skater wearing goggles in the image?,61|69|840|657,625|116|112|85
3e7f47c92b313f1f.jpg,/root/autodl-tmp/data/R-bench/validation/3e7f47c92b313f1f.jpg,man,hat,wearing,worn by,1,calib,non-spatial,Positive,Does the man in the image wear a hat?,164|0|860|768,492|0|450|230
2fae1af41b918fef.jpg,/root/autodl-tmp/data/R-bench/validation/2fae1af41b918fef.jpg,man,tie,wearing,worn by,1,eval,non-spatial,Positive,Does the man in the image wear a tie?,110|61|576|963,336|410|96|389
0b424bab5710e452.jpg,/root/autodl-tmp/data/R-bench/validation/0b424bab5710e452.jpg,man,hat,wearing,worn by,1,calib,non-spatial,Positive,Does the man in the image wear a hat?,358|269|103|246,399|269|62|31
f96805120c622954.jpg,/root/autodl-tmp/data/R-bench/validation/f96805120c622954.jpg,man,cast,wearing,worn by,1,calib,non-spatial,Opposite,Is the man in the image wearing a cast?,0|7|584|676,461|314|123|226
69788246df023ddf.jpg,/root/autodl-tmp/data/R-bench/validation/69788246df023ddf.jpg,man,hat,wearing,worn by,1,eval,non-spatial,Positive,Does the man in the image wear a hat?,72|0|594|491,113|0|553|221
9265227e8b79f7b5.jpg,/root/autodl-tmp/data/R-bench/validation/9265227e8b79f7b5.jpg,man,hat,wearing,worn by,1,eval,non-spatial,Positive,Does the man in the image wear a hat?,422|266|192|369,476|266|85|72
75ed7924c47f984d.jpg,/root/autodl-tmp/data/R-bench/validation/75ed7924c47f984d.jpg,man,sunglasses,wearing,worn by,1,calib,non-spatial,Opposite,Does the man in the image wear sunglasses?,15|8|715|760,108|307|384|154
b15736bdd7914941.jpg,/root/autodl-tmp/data/R-bench/validation/b15736bdd7914941.jpg,woman,wedding dress,wearing,worn by,1,eval,non-spatial,Positive,Does the woman in the image wear the wedding dress?,7|72|674|952,7|748|674|276
91c4e85dd0511f1d.jpg,/root/autodl-tmp/data/R-bench/validation/91c4e85dd0511f1d.jpg,man,hat,wearing,worn by,1,eval,non-spatial,Positive,Does the man in the image wear a hat?,41|195|614|829,218|195|239|163
5278129f90393f7b.jpg,/root/autodl-tmp/data/R-bench/validation/5278129f90393f7b.jpg,person,sandals,wearing,worn by,1,eval,non-spatial,Positive,Does the person in the image wear sandals?,117|0|434|1014,233|717|162|297
7ca21ac836ba67c6.jpg,/root/autodl-tmp/data/R-bench/validation/7ca21ac836ba67c6.jpg,man,helmet,wearing,worn by,1,calib,non-spatial,Opposite,Is the man in the image wearing a helmet?,379|34|266|259,379|27|82|103
2c08e140e00f5fdc.jpg,/root/autodl-tmp/data/R-bench/validation/2c08e140e00f5fdc.jpg,man,helmet,wearing,worn by,1,eval,non-spatial,Positive,Does the man in the image wear a helmet?,594|127|246|494,655|127|93|64
0b8a351a260bc898.jpg,/root/autodl-tmp/data/R-bench/validation/0b8a351a260bc898.jpg,woman,tights,wearing,worn by,1,eval,non-spatial,Positive,Does the woman in the image wear pink and black tights?,146|0|622|922,146|0|622|922
62f5b3b114f74ea8.jpg,/root/autodl-tmp/data/R-bench/validation/62f5b3b114f74ea8.jpg,woman,scarf,wearing,worn by,1,calib,non-spatial,Positive,Is the woman in the image wearing a scarf?,502|126|306|642,594|215|215|353
6f722f46dd08b8d8.jpg,/root/autodl-tmp/data/R-bench/validation/6f722f46dd08b8d8.jpg,man,helmet,wearing,worn by,1,eval,non-spatial,Positive,Does the man in the image wear a helmet?,20|297|574|727,198|297|219|143
8409089d99c0ffa2.jpg,/root/autodl-tmp/data/R-bench/validation/8409089d99c0ffa2.jpg,man,helmet,wearing,worn by,1,calib,non-spatial,Positive,Is the man in the image wearing a helmet?,317|92|369|676,420|92|123|123
d3ecef711821a6dc.jpg,/root/autodl-tmp/data/R-bench/validation/d3ecef711821a6dc.jpg,man,hat,wearing,worn by,1,calib,non-spatial,Positive,Does the man in the image wear a hat?,0|16|911|803,246|16|327|164
9d7c3742f1cb9cf3.jpg,/root/autodl-tmp/data/R-bench/validation/9d7c3742f1cb9cf3.jpg,woman,bikini,wearing,worn by,1,calib,non-spatial,Positive,Is the woman in the image wearing a bikini?,37|195|497|696,95|328|212|297
0013ea2087020901.jpg,/root/autodl-tmp/data/R-bench/validation/0013ea2087020901.jpg,child,diaper,wearing,worn by,1,eval,non-spatial,Positive,Is the child wearing a diaper?,227|154|278|665,300|553|132|41
c7e5f40a0f905e5b.jpg,/root/autodl-tmp/data/R-bench/validation/c7e5f40a0f905e5b.jpg,woman,maroon and white shirt,wearing,worn by,1,eval,non-spatial,Positive,Is the woman in the image wearing a maroon and white shirt?,157|246|376|686,266|430|116|205
7c7db17e4e5ddd66.jpg,/root/autodl-tmp/data/R-bench/validation/7c7db17e4e5ddd66.jpg,person,helmet,wearing,worn by,1,calib,non-spatial,Positive,Is the person in the image wearing a helmet?,205|170|235|232,307|170|72|89
d2d5e5cc2b420898.jpg,/root/autodl-tmp/data/R-bench/validation/d2d5e5cc2b420898.jpg,man,helmet,wearing,worn by,1,eval,non-spatial,Positive,Is the man in the image wearing a helmet?,276|72|231|778,292|72|161|164
5e87eaf2ecc31207.jpg,/root/autodl-tmp/data/R-bench/validation/5e87eaf2ecc31207.jpg,woman,hat,wearing,worn by,1,eval,non-spatial,Positive,Is the woman in the image wearing a hat?,31|131|205|468,82|131|72|107
b87e0053938bbad6.jpg,/root/autodl-tmp/data/R-bench/validation/b87e0053938bbad6.jpg,woman,camera,wearing,worn by,1,eval,non-spatial,Positive,Is the woman wearing the camera on her head?,0|0|863|1024,95|328|500|358
1cd308dd54d1fd90.jpg,/root/autodl-tmp/data/R-bench/validation/1cd308dd54d1fd90.jpg,man,glasses,wearing,worn by,1,eval,non-spatial,Positive,Does the man in the image wear glasses?,54|51|714|973,138|195|231|184
4ad6955cadc6eafa.jpg,/root/autodl-tmp/data/R-bench/validation/4ad6955cadc6eafa.jpg,woman,skirt,wearing,worn by,1,eval,non-spatial,Positive,Does the woman in the image wear a skirt?,220|187|312|801,232|573|306|185
3b7e3f16aae9787d.jpg,/root/autodl-tmp/data/R-bench/validation/3b7e3f16aae9787d.jpg,woman,black leather jacket,wearing,worn by,1,calib,non-spatial,Positive,Does the woman in the image wear a black leather jacket?,0|0|855|1024,305|266|427|615
491b8785879a5af3.jpg,/root/autodl-tmp/data/R-bench/validation/491b8785879a5af3.jpg,person behind the desk,uniform,wearing,worn by,1,eval,non-spatial,Positive,Is the person behind the desk wearing a uniform?,754|349|117|95,655|321|103|321
124d86a6d3953a13.jpg,/root/autodl-tmp/data/R-bench/validation/124d86a6d3953a13.jpg,man,glasses,wearing,worn by,1,eval,non-spatial,Positive,Is the man wearing glasses?,635|292|205|207,686|338|72|31
6c8dafac9ee9d86e.jpg,/root/autodl-tmp/data/R-bench/validation/6c8dafac9ee9d86e.jpg,man,red shirt,wearing,worn by,1,eval,non-spatial,Positive,Is the man wearing a red shirt?,297|41|420|340,297|41|420|340
07ced255ea911d85.jpg,/root/autodl-tmp/data/R-bench/validation/07ced255ea911d85.jpg,woman,red top,wearing,worn by,1,calib,non-spatial,Positive,Does the woman in the image wear a red top?,38|20|730|1004,438|328|292|368
85c499f10d7a6ae3.jpg,/root/autodl-tmp/data/R-bench/validation/85c499f10d7a6ae3.jpg,man,hat,wearing,worn by,1,eval,non-spatial,Opposite,Is the man in the image wearing a hat?,82|102|430|768,260|102|136|103
b29c5fb9bf8b4cf7.jpg,/root/autodl-tmp/data/R-bench/validation/b29c5fb9bf8b4cf7.jpg,woman,hat,wearing,worn by,1,calib,non-spatial,Positive,Does the woman in the image wear a hat?,310|10|293|144,310|10|293|144
c5a39dd0737e5b4a.jpg,/root/autodl-tmp/data/R-bench/validation/c5a39dd0737e5b4a.jpg,man,scarf,wearing,worn by,1,calib,non-spatial,Positive,Does the man in the image wear a scarf?,92|38|901|722,297|276|471|200
5e77e54ee62483fe.jpg,/root/autodl-tmp/data/R-bench/validation/5e77e54ee62483fe.jpg,woman,bikini,wearing,worn by,1,eval,non-spatial,Positive,Does the woman in the image wear a bikini?,70|82|551|942,133|266|446|338
ece322ca4786d582.jpg,/root/autodl-tmp/data/R-bench/validation/ece322ca4786d582.jpg,man,blue shirt,wearing,worn by,1,eval,non-spatial,Positive,Does the man in the image wear a blue shirt?,328|169|235|599,328|269|174|307
9e11f75d740f84fe.jpg,/root/autodl-tmp/data/R-bench/validation/9e11f75d740f84fe.jpg,man,helmet,wearing,worn by,1,eval,non-spatial,Positive,Does the man in the image wear a helmet?,276|54|338|499,440|54|92|54
424e586e378cac34.jpg,/root/autodl-tmp/data/R-bench/validation/424e586e378cac34.jpg,woman,jeans,wearing,worn by,1,eval,non-spatial,Positive,Does the woman in the image wear jeans?,124|178|311|787,148|468|258|397
758cb6bee81ec9f8.jpg,/root/autodl-tmp/data/R-bench/validation/758cb6bee81ec9f8.jpg,man,blue shirt,wearing,worn by,1,eval,non-spatial,Positive,Is the man wearing a blue shirt?,164|207|153|553,184|284|133|192
a2ead0b3c35a18bd.jpg,/root/autodl-tmp/data/R-bench/validation/a2ead0b3c35a18bd.jpg,woman,black shirt,wearing,worn by,1,calib,non-spatial,Opposite,Is the woman in the image wearing a black shirt?,481|376|195|392,492|461|184|307
c7a79f9e87286930.jpg,/root/autodl-tmp/data/R-bench/validation/c7a79f9e87286930.jpg,woman,red headband,wearing,worn by,1,eval,non-spatial,Positive,Does the woman in the image wear a red headband?,192|20|86|62,192|20|86|62
9d94d83310780c6f.jpg,/root/autodl-tmp/data/R-bench/validation/9d94d83310780c6f.jpg,woman,pink top,wearing,worn by,1,eval,non-spatial,Positive,Is the woman in the image wearing a pink top?,389|130|318|546,399|369|277|191
4a55f408ddfb54e5.jpg,/root/autodl-tmp/data/R-bench/validation/4a55f408ddfb54e5.jpg,woman,pink goggles,wearing,worn by,1,eval,non-spatial,Positive,Is the woman wearing pink goggles in the image?,0|0|911|315,276|23|287|192
ecc1b92e865ed769.jpg,/root/autodl-tmp/data/R-bench/validation/ecc1b92e865ed769.jpg,man,two large fish,holding,held by,1,calib,non-spatial,Positive,Is the man in the image holding two large fish?,420|31|256|629,543|384|102|369
81eab2350699a82e.jpg,/root/autodl-tmp/data/R-bench/validation/81eab2350699a82e.jpg,man,glasses,holding,held by,0,eval,non-spatial,Opposite,Is the man in the image holding his glasses?,0|31|549|993,0|31|549|993
b085f6708ee5a803.jpg,/root/autodl-tmp/data/R-bench/validation/b085f6708ee5a803.jpg,man,paintball gun,holding,held by,1,eval,non-spatial,Positive,Is the man holding a paintball gun?,246|36|532|570,20|48|420|231
e5e3f9f035499de1.jpg,/root/autodl-tmp/data/R-bench/validation/e5e3f9f035499de1.jpg,mouse,metal rod,holding,held by,0,calib,non-spatial,Opposite,Is the mouse holding a metal rod?,10|0|1004|587,0|416|1024|61
3ab64d8f62ae62b8.jpg,/root/autodl-tmp/data/R-bench/validation/3ab64d8f62ae62b8.jpg,man,gun,holding,held by,1,calib,non-spatial,Positive,Is the man in the image holding a gun?,246|0|645|573,256|206|717|356
1109ae1bfb4efe78.jpg,/root/autodl-tmp/data/R-bench/validation/1109ae1bfb4efe78.jpg,woman,briefcase,holding,held by,0,calib,non-spatial,Positive,Is the woman in the image holding a briefcase?,440|392|297|353,716|573|188|163
409f7b5ca2a458c6.jpg,/root/autodl-tmp/data/R-bench/validation/409f7b5ca2a458c6.jpg,man,ball,holding,held by,1,eval,non-spatial,Positive,Is the man in the image holding a ball?,287|82|563|587,748|20|153|158
d6b8b01e4ce6950a.jpg,/root/autodl-tmp/data/R-bench/validation/d6b8b01e4ce6950a.jpg,person,snowboard,holding,held by,0,calib,non-spatial,Opposite,Is the person in the image holding a snowboard?,563|115|451|645,41|108|102|384
2bb371dc7d9c1509.jpg,/root/autodl-tmp/data/R-bench/validation/2bb371dc7d9c1509.jpg,person,baby,holding,held by,1,eval,non-spatial,Opposite,Is the person holding the baby?,0|61|468|707,192|471|430|553
e42ce843c6e48119.jpg,/root/autodl-tmp/data/R-bench/validation/e42ce843c6e48119.jpg,woman,handbag,holding,held by,0,eval,non-spatial,Opposite,Is the woman holding the handbag?,338|184|235|581,338|314|154|252
6e012cc0602d3dc1.jpg,/root/autodl-tmp/data/R-bench/validation/6e012cc0602d3dc1.jpg,man,pen,holding,held by,1,calib,non-spatial,Opposite,Is the man holding a pen?,0|410|699|614,561|604|153|318
b127ae8c8113f431.jpg,/root/autodl-tmp/data/R-bench/validation/b127ae8c8113f431.jpg,person,mirror,holding,held by,0,eval,non-spatial,Positive,Is the person in the image holding a mirror?,384|420|69|92,253|0|338|522
a903e7bb7226fc2c.jpg,/root/autodl-tmp/data/R-bench/validation/a903e7bb7226fc2c.jpg,man,big camera,holding,held by,1,eval,non-spatial,Opposite,Is the man in the image holding a big camera?,0|75|870|606,358|204|277|280
c7803107deac5ad4.jpg,/root/autodl-tmp/data/R-bench/validation/c7803107deac5ad4.jpg,person,plate of food,holding,held by,0,calib,non-spatial,Positive,Does the person in the image hold a plate of food?,574|219|444|547,0|230|819|530
9bed0e9513710c7b.jpg,/root/autodl-tmp/data/R-bench/validation/9bed0e9513710c7b.jpg,man,saxophone,holding,held by,1,calib,non-spatial,Opposite,Is the man in the image holding the saxophone?,0|34|952|647,311|123|619|558
4dea4e5cd46ba41d.jpg,/root/autodl-tmp/data/R-bench/validation/4dea4e5cd46ba41d.jpg,beekeeper,honeycomb,holding,held by,0,calib,non-spatial,Opposite,Is the beekeeper in the image holding a honeycomb?,471|190|492|386,133|190|379|386
1de38c170bce1b3c.jpg,/root/autodl-tmp/data/R-bench/validation/1de38c170bce1b3c.jpg,man and woman,hands,holding,held by,1,eval,non-spatial,Positive,Are the man and woman in the image holding hands?,342|502|51|41,342|502|51|41
3b67f952f62a6389.jpg,/root/autodl-tmp/data/R-bench/validation/3b67f952f62a6389.jpg,person,violin,holding,held by,0,calib,non-spatial,Opposite,Is the person in the image holding the violin?,0|108|829|660,297|338|655|230
81b9fa22daadac52.jpg,/root/autodl-tmp/data/R-bench/validation/81b9fa22daadac52.jpg,man,drink,holding,held by,1,eval,non-spatial,Positive,Is the man in the image holding a drink?,307|200|246|530,338|315|41|69
82e651da7cf386ae.jpg,/root/autodl-tmp/data/R-bench/validation/82e651da7cf386ae.jpg,person,musical instrument,holding,held by,0,calib,non-spatial,Positive,Is the person in the image holding a musical instrument?,676|7|246|396,0|382|707|301
a65def4ef8c48960.jpg,/root/autodl-tmp/data/R-bench/validation/a65def4ef8c48960.jpg,man,violin,holding,held by,1,calib,non-spatial,Opposite,Is the man in the image holding the violin?,41|7|881|676,389|301|553|382
8cf429a0d52fdb0e.jpg,/root/autodl-tmp/data/R-bench/validation/8cf429a0d52fdb0e.jpg,man,ladder,holding,held by,0,calib,non-spatial,Positive,Is the man in the image holding the ladder?,438|20|138|369,384|0|269|1024
2e9721f274303090.jpg,/root/autodl-tmp/data/R-bench/validation/2e9721f274303090.jpg,person,bag,holding,held by,1,eval,non-spatial,Positive,Is the person in the image holding a bag?,389|297|151|451,485|532|82|144
c43d8e515688b759.jpg,/root/autodl-tmp/data/R-bench/validation/c43d8e515688b759.jpg,man,camera,holding,held by,0,eval,non-spatial,Opposite,Is the man in the image holding a camera?,348|342|154|334,430|355|72|96
894ea4d95293e3ac.jpg,/root/autodl-tmp/data/R-bench/validation/894ea4d95293e3ac.jpg,woman,baby,holding,held by,1,calib,non-spatial,Positive,Is the woman in the image holding the baby?,645|259|287|362,758|341|112|157
34da64f7fecdfa2a.jpg,/root/autodl-tmp/data/R-bench/validation/34da64f7fecdfa2a.jpg,people,dogs,holding,held by,0,calib,non-spatial,Opposite,Are the people in the image holding leashes for the dogs?,0|109|358|506,256|260|420|300
60f414af039ebc6e.jpg,/root/autodl-tmp/data/R-bench/validation/60f414af039ebc6e.jpg,person,fishing rod,holding,held by,1,calib,non-spatial,Positive,Is the person holding a fishing rod?,0|0|676|768,430|407|594|192
f6fec6257ff0adca.jpg,/root/autodl-tmp/data/R-bench/validation/f6fec6257ff0adca.jpg,easter bunny toy,colorful egg,holding,held by,0,eval,non-spatial,Opposite,Is the Easter bunny toy holding a colorful egg?,92|0|645|993,215|307|338|481
51e462fdaa1bbd48.jpg,/root/autodl-tmp/data/R-bench/validation/51e462fdaa1bbd48.jpg,man,baseball glove,holding,held by,1,calib,non-spatial,Positive,Is the man in the image holding a baseball glove?,453|322|64|70,440|54|246|706
b7a27e5c85498f67.jpg,/root/autodl-tmp/data/R-bench/validation/b7a27e5c85498f67.jpg,person,bowling ball,holding,held by,0,calib,non-spatial,Positive,Is the person in the image holding a bowling ball?,369|223|204|437,225|492|92|69
9d94d83310780c6f.jpg,/root/autodl-tmp/data/R-bench/validation/9d94d83310780c6f.jpg,woman,racket,holding,held by,1,eval,non-spatial,Positive,Is the woman in the image holding a racket?,389|130|318|546,553|0|89|171
0fe12f551f900aca.jpg,/root/autodl-tmp/data/R-bench/validation/0fe12f551f900aca.jpg,medical professionals,medical tools,holding,held by,0,eval,non-spatial,Opposite,Are the medical professionals holding medical tools in the image?,0|93|532|573,297|453|440|86
a2ead0b3c35a18bd.jpg,/root/autodl-tmp/data/R-bench/validation/a2ead0b3c35a18bd.jpg,man,microphone,holding,held by,1,calib,non-spatial,Positive,Is the man in the image holding a microphone?,481|376|195|392,543|422|41|70
b053b1f12641af60.jpg,/root/autodl-tmp/data/R-bench/validation/b053b1f12641af60.jpg,woman,wine glass,holding,held by,0,calib,non-spatial,Positive,Is the woman in the image holding a wine glass?,856|194|168|326,858|600|105|115
c7a6a5f2a8f674ce.jpg,/root/autodl-tmp/data/R-bench/validation/c7a6a5f2a8f674ce.jpg,man,rugby ball,holding,held by,1,eval,non-spatial,Positive,Is the man in the image holding a rugby ball?,512|136|379|544,522|374|164|102
c149c16556ee5d81.jpg,/root/autodl-tmp/data/R-bench/validation/c149c16556ee5d81.jpg,person,wok,holding,held by,0,eval,non-spatial,Positive,Is the person holding the wok?,0|133|190|891,624|239|134|289
75af61ac171379a9.jpg,/root/autodl-tmp/data/R-bench/validation/75af61ac171379a9.jpg,man,paddle,holding,held by,1,calib,non-spatial,Positive,Is the man in the image holding a paddle?,238|0|346|860,323|0|253|686
2c209664cc9be9e6.jpg,/root/autodl-tmp/data/R-bench/validation/2c209664cc9be9e6.jpg,man,woman,holding,held by,0,eval,non-spatial,Random,Is the man in the image holding the woman?,468|102|185|635,154|236|299|512
651488dd9316c839.jpg,/root/autodl-tmp/data/R-bench/validation/651488dd9316c839.jpg,boy,weapon,holding,held by,1,calib,non-spatial,Positive,Is the boy holding a weapon?,358|102|379|580,123|7|399|491
3244bcda9de87cdf.jpg,/root/autodl-tmp/data/R-bench/validation/3244bcda9de87cdf.jpg,large toy box,cardboard house,holding,held by,0,eval,non-spatial,Opposite,Is the large toy box holding up the cardboard house?,215|108|778|545,215|108|778|545
a5b2ac4f2041db39.jpg,/root/autodl-tmp/data/R-bench/validation/a5b2ac4f2041db39.jpg,person,three-wheeled vehicle,holding,held by,1,eval,non-spatial,Positive,Is the person in the image holding onto a three-wheeled vehicle?,317|0|533|346,51|169|860|399
118cd0d11952fb69.jpg,/root/autodl-tmp/data/R-bench/validation/118cd0d11952fb69.jpg,man,guitar,holding,held by,0,calib,non-spatial,Positive,Is the man in the image holding a guitar?,430|174|277|676,207|0|553|1024
086224b8c3266d3e.jpg,/root/autodl-tmp/data/R-bench/validation/086224b8c3266d3e.jpg,person,wok,holding,held by,1,eval,non-spatial,Positive,Is the person holding the wok?,0|0|420|360,0|0|942|762
66147ef0d4be0638.jpg,/root/autodl-tmp/data/R-bench/validation/66147ef0d4be0638.jpg,man,model boat,holding,held by,0,eval,non-spatial,Positive,Is the man in the image holding a model boat?,123|100|153|207,236|138|471|384
96dd97e7202ab34e.jpg,/root/autodl-tmp/data/R-bench/validation/96dd97e7202ab34e.jpg,man,little girl,holding,held by,1,eval,non-spatial,Positive,Is the man holding a little girl beside the truck?,850|184|133|361,850|154|133|230
84af25555f7c818b.jpg,/root/autodl-tmp/data/R-bench/validation/84af25555f7c818b.jpg,person,side of the boat,holding,held by,0,eval,non-spatial,Opposite,Is the person in the image holding onto the side of the boat?,522|430|502|338,522|430|502|338
0430797dd00cd443.jpg,/root/autodl-tmp/data/R-bench/validation/0430797dd00cd443.jpg,person,bowling ball,holding,held by,1,calib,non-spatial,Positive,Is the person in the image holding a bowling ball?,573|323|144|368,696|430|62|69
af7c6395e7fdbeb5.jpg,/root/autodl-tmp/data/R-bench/validation/af7c6395e7fdbeb5.jpg,man,drink,holding,held by,0,eval,non-spatial,Opposite,Is the man in the distance holding a drink?,686|0|338|584,389|351|303|381
e7e921cb531a874a.jpg,/root/autodl-tmp/data/R-bench/validation/e7e921cb531a874a.jpg,person,rifle,holding,held by,1,calib,non-spatial,Positive,Does the person in the image hold a rifle?,758|10|194|454,696|50|154|61
bce4712aedb6eb6b.jpg,/root/autodl-tmp/data/R-bench/validation/bce4712aedb6eb6b.jpg,person,fish,holding,held by,0,calib,non-spatial,Positive,Is the person in the image holding a fish?,10|568|164|200,338|253|348|492
1a08289e9fcda126.jpg,/root/autodl-tmp/data/R-bench/validation/1a08289e9fcda126.jpg,man,mobile phone,holding,held by,1,eval,non-spatial,Positive,Is the man in the image holding a mobile phone?,0|100|1024|660,371|0|568|768
8adaad8fefce4d9b.jpg,/root/autodl-tmp/data/R-bench/validation/8adaad8fefce4d9b.jpg,man,microphone,holding,held by,0,eval,non-spatial,Opposite,Is the man in the image holding a microphone?,512|41|471|644,113|295|522|390
f24ca937211d91af.jpg,/root/autodl-tmp/data/R-bench/validation/f24ca937211d91af.jpg,person,hamburger,holding,held by,1,eval,non-spatial,Positive,Is the person holding the hamburger?,192|676|576|348,229|512|229|205
148aa1f69209814f.jpg,/root/autodl-tmp/data/R-bench/validation/148aa1f69209814f.jpg,man,soccer ball,holding,held by,0,eval,non-spatial,Opposite,Is the man in the image holding a soccer ball?,195|56|378|564,328|514|92|98
bb1eb0727b1b8d8e.jpg,/root/autodl-tmp/data/R-bench/validation/bb1eb0727b1b8d8e.jpg,man,guitar,holding,held by,1,eval,non-spatial,Positive,Is the man in the image holding a guitar?,461|153|471|651,471|458|553|209
c4d079292d390271.jpg,/root/autodl-tmp/data/R-bench/validation/c4d079292d390271.jpg,person,skateboard,holding,held by,0,calib,non-spatial,Positive,Is the person in the image holding a skateboard?,369|399|253|359,365|462|96|44
f15a6e4c696003f7.jpg,/root/autodl-tmp/data/R-bench/validation/f15a6e4c696003f7.jpg,person,dog,holding,held by,1,eval,non-spatial,Positive,Is the person in the image holding a dog?,604|108|338|514,727|230|102|169
22a5848e375335e3.jpg,/root/autodl-tmp/data/R-bench/validation/22a5848e375335e3.jpg,clown statue,hands,holding,held by,0,calib,non-spatial,Opposite,Is the clown statue holding its hands together?,502|297|71|133,502|297|71|133
1a00561698778497.jpg,/root/autodl-tmp/data/R-bench/validation/1a00561698778497.jpg,person,book,holding,held by,1,eval,non-spatial,Opposite,Is the person in the image holding a book?,328|137|286|546,266|273|154|116
30a50c305d4fcd41.jpg,/root/autodl-tmp/data/R-bench/validation/30a50c305d4fcd41.jpg,woman,musical note chart,holding,held by,0,eval,non-spatial,Opposite,Is the woman holding a musical note chart?,0|21|553|665,522|0|441|350
71631731c0d63e45.jpg,/root/autodl-tmp/data/R-bench/validation/71631731c0d63e45.jpg,person,mobile phone,holding,held by,1,calib,non-spatial,Opposite,Is the person in the image holding the mobile phone?,161|0|553|1014,570|174|97|176
f56ca856f3594aef.jpg,/root/autodl-tmp/data/R-bench/validation/f56ca856f3594aef.jpg,man,cup,holding,held by,0,eval,non-spatial,Opposite,Is the man in the image holding a cup?,380|246|124|112,380|246|124|112
bde0112066be318e.jpg,/root/autodl-tmp/data/R-bench/validation/bde0112066be318e.jpg,man,black vehicle,holding,held by,1,calib,non-spatial,Positive,Is the man holding the door handle of the black vehicle?,645|200|195|545,0|207|870|561
200907829e4fbe95.jpg,/root/autodl-tmp/data/R-bench/validation/200907829e4fbe95.jpg,person,microphone,holding,held by,0,eval,non-spatial,Opposite,Is the person in the image holding the microphone?,72|27|501|649,410|157|153|48
809d426b0ed06d55.jpg,/root/autodl-tmp/data/R-bench/validation/809d426b0ed06d55.jpg,man,american flag,holding,held by,1,eval,non-spatial,Positive,Is the man in the image holding the American flag?,122|20|483|1004,0|0|218|1024
021fffa3d66f9b77.jpg,/root/autodl-tmp/data/R-bench/validation/021fffa3d66f9b77.jpg,two men,woman,holding,held by,0,eval,non-spatial,Opposite,Are the two men in suits holding hands with the woman?,614|55|287|608,233|47|444|637
ecbfd9984a9c4f94.jpg,/root/autodl-tmp/data/R-bench/validation/ecbfd9984a9c4f94.jpg,person,handlebar,holding,held by,1,calib,non-spatial,Opposite,Is the person in the image holding onto a handlebar?,440|155|154|364,0|286|543|186
ccbbb3175f571466.jpg,/root/autodl-tmp/data/R-bench/validation/ccbbb3175f571466.jpg,man,glass of wine,holding,held by,0,calib,non-spatial,Opposite,Is the man in the image holding a glass of wine?,297|84|481|477,143|461|123|261
e39c966fed9f14ac.jpg,/root/autodl-tmp/data/R-bench/validation/e39c966fed9f14ac.jpg,man,child,holding,held by,1,calib,non-spatial,Positive,Is the man holding the child in the image?,195|262|112|221,113|214|194|276
9ddd7110b59880c8.jpg,/root/autodl-tmp/data/R-bench/validation/9ddd7110b59880c8.jpg,cup,coffee,holding,held by,1,calib,non-spatial,Positive,Is the cup holding coffee?,174|15|717|515,246|84|450|146
76b42cf5f4f5200e.jpg,/root/autodl-tmp/data/R-bench/validation/76b42cf5f4f5200e.jpg,man,rifle,holding,held by,1,eval,non-spatial,Positive,Is the man in the image holding a rifle?,215|41|361|870,169|492|545|143
117142f3ff2f20d1.jpg,/root/autodl-tmp/data/R-bench/validation/117142f3ff2f20d1.jpg,man,camera,holding,held by,1,calib,non-spatial,Opposite,Is the man in the image holding a camera?,236|108|307|552,399|215|62|46
731173d27e06b210.jpg,/root/autodl-tmp/data/R-bench/validation/731173d27e06b210.jpg,man,book,holding,held by,1,calib,non-spatial,Positive,Is the man in the image holding a book?,266|154|307|583,477|307|178|103
116557a2d9bc5e70.jpg,/root/autodl-tmp/data/R-bench/validation/116557a2d9bc5e70.jpg,man,tennis racket,holding,held by,1,eval,non-spatial,Positive,Is the man in the image holding a tennis racket?,205|55|522|621,584|287|409|246
45a98c6eb828a0c9.jpg,/root/autodl-tmp/data/R-bench/validation/45a98c6eb828a0c9.jpg,person,microphone,holding,held by,1,calib,non-spatial,Positive,Does the person in the image hold a microphone?,174|223|318|468,133|315|133|69
c3cfa71fc24e8110.jpg,/root/autodl-tmp/data/R-bench/validation/c3cfa71fc24e8110.jpg,child,baseball bat,holding,held by,1,calib,non-spatial,Positive,Is the child holding a baseball bat?,102|307|465|717,171|154|116|358
92f8153301227be5.jpg,/root/autodl-tmp/data/R-bench/validation/92f8153301227be5.jpg,man,baseball bat,holding,held by,1,eval,non-spatial,Positive,Is the man in the image holding a baseball bat?,53|0|609|1024,322|106|343|259
54b7a0bc0d489fe8.jpg,/root/autodl-tmp/data/R-bench/validation/54b7a0bc0d489fe8.jpg,woman,red purse,holding,held by,1,eval,non-spatial,Opposite,Is the woman in the image holding a red purse?,184|154|310|870,445|748|70|225
09c0e499d462dabc.jpg,/root/autodl-tmp/data/R-bench/validation/09c0e499d462dabc.jpg,person,baby,holding,held by,1,eval,non-spatial,Positive,Does the person in the image hold the baby with a smile?,0|399|388|625,68|113|565|850
e7d0dde7b8712e83.jpg,/root/autodl-tmp/data/R-bench/validation/e7d0dde7b8712e83.jpg,person,sandwich,holding,held by,1,calib,non-spatial,Positive,Is the person holding the sandwich?,330|133|438|891,0|157|768|867
141419f93246899e.jpg,/root/autodl-tmp/data/R-bench/validation/141419f93246899e.jpg,woman,beverage,holding,held by,1,eval,non-spatial,Opposite,Is the woman holding a beverage in the image?,492|260|225|423,594|355|31|48
5076fe95c0ea798d.jpg,/root/autodl-tmp/data/R-bench/validation/5076fe95c0ea798d.jpg,person,hamburger,holding,held by,1,eval,non-spatial,Positive,Is the person in the image holding a hamburger?,0|82|973|922,133|92|840|840
b976627ae8163b64.jpg,/root/autodl-tmp/data/R-bench/validation/b976627ae8163b64.jpg,person,paddle,holding,held by,1,calib,non-spatial,Positive,Does the person in the image hold a paddle?,75|369|361|307,0|102|545|666
175ef697cb84c875.jpg,/root/autodl-tmp/data/R-bench/validation/175ef697cb84c875.jpg,man,paddle,holding,held by,1,eval,non-spatial,Positive,Is the man in the image holding a paddle?,440|294|82|136,297|294|317|157
30f0848269103d1f.jpg,/root/autodl-tmp/data/R-bench/validation/30f0848269103d1f.jpg,person,bottle of nail polish,holding,held by,1,eval,non-spatial,Positive,Is the person in the image holding a bottle of nail polish?,82|23|256|353,82|23|256|353
3fd61b93eb10b236.jpg,/root/autodl-tmp/data/R-bench/validation/3fd61b93eb10b236.jpg,person,camera,holding,held by,1,eval,non-spatial,Opposite,Is the person in the image holding a camera?,410|0|614|768,0|0|778|568
3ec2b4d262e2ac4c.jpg,/root/autodl-tmp/data/R-bench/validation/3ec2b4d262e2ac4c.jpg,boy,drumstick,holding,held by,1,eval,non-spatial,Positive,Is the boy holding the drumstick?,314|194|161|200,225|328|297|71
90f42332062eab57.jpg,/root/autodl-tmp/data/R-bench/validation/90f42332062eab57.jpg,boy,saw,holding,held by,1,eval,non-spatial,Positive,Is the boy holding the saw?,174|27|236|466,225|226|451|116
97b57bf58e7b224d.jpg,/root/autodl-tmp/data/R-bench/validation/97b57bf58e7b224d.jpg,boy,arrows,holding,held by,1,eval,non-spatial,Opposite,Is the boy holding arrows?,154|330|133|324,92|463|246|112
25f64e9aca8971ea.jpg,/root/autodl-tmp/data/R-bench/validation/25f64e9aca8971ea.jpg,man,umbrella,holding,held by,1,calib,non-spatial,Positive,Is the man in the image holding an umbrella?,338|307|563|715,20|0|707|644
6f2f0cf8a9076421.jpg,/root/autodl-tmp/data/R-bench/validation/6f2f0cf8a9076421.jpg,boy,penguin,holding,held by,1,calib,non-spatial,Positive,Is the boy in the image holding onto a penguin?,169|41|307|604,292|307|253|492
eb57c0aece83cc1a.jpg,/root/autodl-tmp/data/R-bench/validation/eb57c0aece83cc1a.jpg,boy,flag,holding,held by,1,calib,non-spatial,Positive,Is the boy holding a flag in the image?,459|502|311|522,180|0|573|543
c0dea6f5a9da743e.jpg,/root/autodl-tmp/data/R-bench/validation/c0dea6f5a9da743e.jpg,person,book,holding,held by,1,calib,non-spatial,Opposite,Is the person in the image holding a book?,410|269|256|499,645|376|31|31
b29dbe546b191404.jpg,/root/autodl-tmp/data/R-bench/validation/b29dbe546b191404.jpg,person,orange ball,holding,held by,1,calib,non-spatial,Positive,Does the person in the image hold an orange ball?,113|205|911|199,10|205|154|158
ed0147f94eaf2efd.jpg,/root/autodl-tmp/data/R-bench/validation/ed0147f94eaf2efd.jpg,man,putter,holding,held by,1,eval,non-spatial,Positive,Is the man in the image holding a putter?,72|14|450|649,420|130|123|410
e56b89906a82c334.jpg,/root/autodl-tmp/data/R-bench/validation/e56b89906a82c334.jpg,woman in the center,drink,holding,held by,1,calib,non-spatial,Positive,Is the woman in the center holding a drink?,184|444|123|130,184|444|123|130
a26b2c00a79d2c0d.jpg,/root/autodl-tmp/data/R-bench/validation/a26b2c00a79d2c0d.jpg,man,drumsticks,holding,held by,1,eval,non-spatial,Positive,Is the man in the image holding drumsticks?,492|23|399|564,655|423|41|152
c16a846baefae10f.jpg,/root/autodl-tmp/data/R-bench/validation/c16a846baefae10f.jpg,woman,umbrella,holding,held by,1,calib,non-spatial,Positive,Is the woman holding an umbrella?,314|317|55|144,314|307|82|62
86964f4fbe40ae5a.jpg,/root/autodl-tmp/data/R-bench/validation/86964f4fbe40ae5a.jpg,man,pool stick,holding,held by,1,calib,non-spatial,Positive,Is the man in the image holding a pool stick?,471|253|215|185,451|392|92|46
cbdfc5549fd06095.jpg,/root/autodl-tmp/data/R-bench/validation/cbdfc5549fd06095.jpg,man,basketball,holding,held by,1,eval,non-spatial,Positive,Does the man in the image hold the basketball?,205|61|303|963,271|51|123|123
f98a01e056b70647.jpg,/root/autodl-tmp/data/R-bench/validation/f98a01e056b70647.jpg,man,reins,holding,held by,1,eval,non-spatial,Positive,Is the man in the image holding the reins?,266|230|133|246,348|330|246|62
34e6e3ad05e112b7.jpg,/root/autodl-tmp/data/R-bench/validation/34e6e3ad05e112b7.jpg,person,rabbit,holding,held by,1,eval,non-spatial,Positive,Is the person holding the rabbit?,625|0|399|778,51|10|871|942
7c8a5253847619a5.jpg,/root/autodl-tmp/data/R-bench/validation/7c8a5253847619a5.jpg,person,gun,holding,held by,1,eval,non-spatial,Opposite,Is the person in the image holding a gun?,10|46|1004|704,358|54|512|298
467660b9511d6404.jpg,/root/autodl-tmp/data/R-bench/validation/467660b9511d6404.jpg,man,fish,holding,held by,1,calib,non-spatial,Positive,Is the man holding the fish?,102|61|362|840,348|307|137|522
9f862b6373ba22da.jpg,/root/autodl-tmp/data/R-bench/validation/9f862b6373ba22da.jpg,koala,two branches,holding,held by,1,eval,non-spatial,Positive,Is the koala holding onto two branches?,121|41|815|642,696|7|328|676
36233c5bd75baeac.jpg,/root/autodl-tmp/data/R-bench/validation/36233c5bd75baeac.jpg,toy fisherman,toy fish,holding,held by,1,eval,non-spatial,Positive,Is the toy fisherman holding a toy fish?,455|124|131|325,455|124|131|325
d32303a62c007868.jpg,/root/autodl-tmp/data/R-bench/validation/d32303a62c007868.jpg,woman,plastic bag,holding,held by,1,eval,non-spatial,Opposite,Is the woman holding a plastic bag?,123|15|625|755,358|354|236|300
738e234e59615c71.jpg,/root/autodl-tmp/data/R-bench/validation/738e234e59615c71.jpg,man,flag,holding,held by,1,eval,non-spatial,Positive,Is the man holding a flag in the image?,113|0|911|1014,0|0|294|1014
114d6b81e7b1fa08.jpg,/root/autodl-tmp/data/R-bench/validation/114d6b81e7b1fa08.jpg,person,knife,holding,held by,1,calib,non-spatial,Positive,Is the person in the image holding a knife?,287|133|645|881,860|133|133|72
7afb90178c425e18.jpg,/root/autodl-tmp/data/R-bench/validation/7afb90178c425e18.jpg,woman,gun,holding,held by,1,eval,non-spatial,Positive,Is the woman in the image holding a gun?,430|130|287|842,317|461|185|140
2ae47fa15fea397b.jpg,/root/autodl-tmp/data/R-bench/validation/2ae47fa15fea397b.jpg,little girl,red umbrella,holding,held by,1,eval,non-spatial,Positive,Is the little girl holding a red umbrella?,430|236|430|788,399|113|625|399
f56ca856f3594aef.jpg,/root/autodl-tmp/data/R-bench/validation/f56ca856f3594aef.jpg,boy,smile,holding,held by,1,eval,non-spatial,Positive,Does the boy in the image hold a smile?,262|31|304|973,262|31|304|973
29faa8b48f111791.jpg,/root/autodl-tmp/data/R-bench/validation/29faa8b48f111791.jpg,man,fish,holding,held by,1,calib,non-spatial,Opposite,Is the man holding the fish in the image?,92|19|615|630,0|149|1024|500
c020aa3c539efe6f.jpg,/root/autodl-tmp/data/R-bench/validation/c020aa3c539efe6f.jpg,man,drill,holding,held by,1,eval,non-spatial,Positive,Is the man in the image holding a drill?,41|34|287|649,225|273|133|144
f809f32741b70e19.jpg,/root/autodl-tmp/data/R-bench/validation/f809f32741b70e19.jpg,woman,racket,holding,held by,1,calib,non-spatial,Positive,Is the woman in the image holding a racket?,72|29|215|620,72|342|41|150
a0da01a93a6f51bf.jpg,/root/autodl-tmp/data/R-bench/validation/a0da01a93a6f51bf.jpg,baseball player,bat,holding,held by,1,eval,non-spatial,Positive,Is the baseball player holding a bat?,328|280|215|348,358|294|154|20
f12da65ede4f822a.jpg,/root/autodl-tmp/data/R-bench/validation/f12da65ede4f822a.jpg,person,coffee cup,holding,held by,1,calib,non-spatial,Positive,Is the person in the image holding the coffee cup?,51|252|819|422,154|252|634|354
a5255a39b87c5cf4.jpg,/root/autodl-tmp/data/R-bench/validation/a5255a39b87c5cf4.jpg,girl,basketball,holding,held by,1,eval,non-spatial,Positive,Is the girl in the image holding a basketball?,195|55|348|627,195|20|184|178
c6fa0a8fcd9961f1.jpg,/root/autodl-tmp/data/R-bench/validation/c6fa0a8fcd9961f1.jpg,woman,camera,holding,held by,1,calib,non-spatial,Positive,Is the woman in the image holding the camera?,328|11|614|547,625|218|286|340
abd556f244c58f8a.jpg,/root/autodl-tmp/data/R-bench/validation/abd556f244c58f8a.jpg,man,table tennis racket,holding,held by,1,calib,non-spatial,Positive,Is the man in the image holding a table tennis racket while playing table tennis?,358|27|615|642,255|191|203|88
0ba4f62f6a92a5a5.jpg,/root/autodl-tmp/data/R-bench/validation/0ba4f62f6a92a5a5.jpg,person,ski poles,holding,held by,1,calib,non-spatial,Positive,Is the person in the image holding two ski poles?,86|102|194|295,10|96|348|339
eadce84978423613.jpg,/root/autodl-tmp/data/R-bench/validation/eadce84978423613.jpg,woman,big bag,holding,held by,1,calib,non-spatial,Opposite,Is the woman holding a big bag?,199|92|260|932,171|266|247|553
97b57bf58e7b224d.jpg,/root/autodl-tmp/data/R-bench/validation/97b57bf58e7b224d.jpg,man,bow and arrow,holding,held by,1,eval,non-spatial,Positive,Is the man holding a bow and arrow?,338|46|389|562,430|0|584|337
91c4e85dd0511f1d.jpg,/root/autodl-tmp/data/R-bench/validation/91c4e85dd0511f1d.jpg,man,accordion,holding,held by,1,eval,non-spatial,Opposite,Is the man in the image holding an accordion?,41|195|614|829,198|492|429|440
1992db553680cac6.jpg,/root/autodl-tmp/data/R-bench/validation/1992db553680cac6.jpg,woman,parasol,holding,held by,1,eval,non-spatial,Opposite,Is the woman holding a parasol in the image?,137|133|550|891,0|0|625|553
479da084bf0d679f.jpg,/root/autodl-tmp/data/R-bench/validation/479da084bf0d679f.jpg,man,weapon,holding,held by,1,eval,non-spatial,Positive,Is the man in the image holding a weapon?,225|276|335|318,116|20|403|984
1519b2618048f525.jpg,/root/autodl-tmp/data/R-bench/validation/1519b2618048f525.jpg,man,shotgun,holding,held by,1,eval,non-spatial,Positive,Is the man in the image holding a shotgun?,41|225|840|458,123|41|901|560
286954cbfed9d91c.jpg,/root/autodl-tmp/data/R-bench/validation/286954cbfed9d91c.jpg,person,pastry,holding,held by,1,eval,non-spatial,Positive,Does the person in the image hold a pastry?,266|447|441|231,435|271|285|198
24073df6a9c58c6b.jpg,/root/autodl-tmp/data/R-bench/validation/24073df6a9c58c6b.jpg,man,ball,holding,held by,1,eval,non-spatial,Positive,Does the man in the image hold the ball?,481|273|523|355,461|198|133|137
34a492cbd64e7740.jpg,/root/autodl-tmp/data/R-bench/validation/34a492cbd64e7740.jpg,person,can of red bull,holding,held by,1,eval,non-spatial,Positive,Is the person in the image holding a can of Red Bull?,76|369|689|655,115|0|443|1024
2dfb0cd7ac014fc1.jpg,/root/autodl-tmp/data/R-bench/validation/2dfb0cd7ac014fc1.jpg,woman,umbrella,holding,held by,1,eval,non-spatial,Positive,Is the woman in the image holding an umbrella?,625|192|71|108,584|154|123|61
897b8f010cd0869e.jpg,/root/autodl-tmp/data/R-bench/validation/897b8f010cd0869e.jpg,man,oboe,holding,held by,1,calib,non-spatial,Positive,Is the man in the image holding an oboe?,124|0|591|768,389|100|141|645
c4e149d593d12ae7.jpg,/root/autodl-tmp/data/R-bench/validation/c4e149d593d12ae7.jpg,man,fish,holding,held by,1,calib,non-spatial,Positive,Does the man in the image hold the fish?,256|34|532|645,635|414|82|265
58b9f0a6a926368d.jpg,/root/autodl-tmp/data/R-bench/validation/58b9f0a6a926368d.jpg,man,pool stick,holding,held by,1,calib,non-spatial,Positive,Is the man in the image holding a pool stick?,451|215|215|315,481|384|31|146
34025871515dde45.jpg,/root/autodl-tmp/data/R-bench/validation/34025871515dde45.jpg,person,ice cream cone,holding,held by,1,eval,non-spatial,Positive,Does the person in the image hold an ice cream cone?,0|717|538|307,146|92|468|922
2d7a6c57f56faf45.jpg,/root/autodl-tmp/data/R-bench/validation/2d7a6c57f56faf45.jpg,man,ball,holding,held by,1,eval,non-spatial,Positive,Is the man in the image holding the ball?,21|51|588|973,315|205|150|164
f98e23895593ab01.jpg,/root/autodl-tmp/data/R-bench/validation/f98e23895593ab01.jpg,man,railing,holding,held by,1,eval,non-spatial,Opposite,Is the man in the image holding onto the railing?,16|102|803|922,0|236|385|788
df051a0847309c44.jpg,/root/autodl-tmp/data/R-bench/validation/df051a0847309c44.jpg,man,accordion,holding,held by,1,eval,non-spatial,Positive,Is the man holding an accordion?,102|7|666|626,236|395|706|286
092a6148eaac712e.jpg,/root/autodl-tmp/data/R-bench/validation/092a6148eaac712e.jpg,man,lacrosse stick,holding,held by,1,calib,non-spatial,Positive,Is the man in the image holding a lacrosse stick?,236|150|378|531,348|14|266|660
669d43a0b5f46ce4.jpg,/root/autodl-tmp/data/R-bench/validation/669d43a0b5f46ce4.jpg,man,ball,holding,held by,1,calib,non-spatial,Positive,Does the man in the image hold the ball?,184|137|543|539,563|102|154|137
91ef144b7c8bba2f.jpg,/root/autodl-tmp/data/R-bench/validation/91ef144b7c8bba2f.jpg,man,guitar,holding,held by,1,calib,non-spatial,Positive,Is the man in the image holding a guitar?,155|169|406|407,164|292|320|138
75df3364755c336b.jpg,/root/autodl-tmp/data/R-bench/validation/75df3364755c336b.jpg,girl,basketball,holding,held by,1,eval,non-spatial,Positive,Does the girl in the blue shirt hold a basketball?,451|239|153|362,440|266|72|69
ee55097d1850379c.jpg,/root/autodl-tmp/data/R-bench/validation/ee55097d1850379c.jpg,man,oar,holding,held by,1,calib,non-spatial,Random,Is the man in the image holding an oar?,271|163|171|443,272|276|404|254
f589a533207de3dc.jpg,/root/autodl-tmp/data/R-bench/validation/f589a533207de3dc.jpg,man,weapon,holding,held by,1,calib,non-spatial,Positive,Is the man in the image holding a weapon?,543|154|307|483,502|323|256|161
17a89e9968dfe0ef.jpg,/root/autodl-tmp/data/R-bench/validation/17a89e9968dfe0ef.jpg,beekeeper,beehive,holding,held by,1,eval,non-spatial,Opposite,Is the beekeeper holding a beehive in the image?,256|0|655|553,266|154|451|545
942e91b079b37c7f.jpg,/root/autodl-tmp/data/R-bench/validation/942e91b079b37c7f.jpg,person,hamster,holding,held by,1,eval,non-spatial,Positive,Does the person in the image hold the hamster?,184|7|727|625,328|160|276|277
b14f752e43df1621.jpg,/root/autodl-tmp/data/R-bench/validation/b14f752e43df1621.jpg,woman,beer,holding,held by,1,eval,non-spatial,Opposite,Is the woman holding the beer in the image?,77|133|591|850,261|461|261|338
c0b0133682bf5fb2.jpg,/root/autodl-tmp/data/R-bench/validation/c0b0133682bf5fb2.jpg,man,hockey stick,holding,held by,1,eval,non-spatial,Positive,Is the man in the image holding a hockey stick?,297|89|543|594,0|471|768|178
df9cb342a2c613e4.jpg,/root/autodl-tmp/data/R-bench/validation/df9cb342a2c613e4.jpg,vase,flowers,holding,held by,1,eval,non-spatial,Positive,Is the vase holding the flowers in the image?,219|399|184|256,68|51|608|615
b3cb3f910aa4d959.jpg,/root/autodl-tmp/data/R-bench/validation/b3cb3f910aa4d959.jpg,person,purse,holding,held by,1,calib,non-spatial,Opposite,Is the person holding the purse in the image?,52|0|378|1004,280|635|170|317
af7db20683e56df5.jpg,/root/autodl-tmp/data/R-bench/validation/af7db20683e56df5.jpg,boy,pillow,holding,held by,1,calib,non-spatial,Positive,Is the boy holding a pillow?,246|200|266|553,246|223|246|184
236e8449dcd6c7a9.jpg,/root/autodl-tmp/data/R-bench/validation/236e8449dcd6c7a9.jpg,man,table tennis racket,holding,held by,1,calib,non-spatial,Positive,Is the man in the image holding a table tennis racket?,174|89|727|416,175|435|95|76
dd8a7bf210628fd7.jpg,/root/autodl-tmp/data/R-bench/validation/dd8a7bf210628fd7.jpg,man,book,holding,held by,1,eval,non-spatial,Positive,Is the man holding the book?,123|34|440|648,512|518|184|164
561fe7f628410a18.jpg,/root/autodl-tmp/data/R-bench/validation/561fe7f628410a18.jpg,woman,large white handbag,holding,held by,1,calib,non-spatial,Positive,Is the woman holding a large white handbag?,199|20|391|1004,184|522|398|451
c7ed5f6c0405e620.jpg,/root/autodl-tmp/data/R-bench/validation/c7ed5f6c0405e620.jpg,man,crab,holding,held by,1,calib,non-spatial,Positive,Is the man in the image holding the crab?,174|69|727|691,225|453|645|284
a7935166240eb68b.jpg,/root/autodl-tmp/data/R-bench/validation/a7935166240eb68b.jpg,man,camera,holding,held by,1,eval,non-spatial,Positive,Is the man in the image holding a camera?,51|137|420|491,143|253|195|170
6e8bd110b49ef26b.jpg,/root/autodl-tmp/data/R-bench/validation/6e8bd110b49ef26b.jpg,person,golf flag pole,holding,held by,1,eval,non-spatial,Opposite,Is the person holding a golf flag pole?,338|100|246|537,532|0|62|637
98b5f8fbfff0d05d.jpg,/root/autodl-tmp/data/R-bench/validation/98b5f8fbfff0d05d.jpg,man,wood,holding,held by,1,eval,non-spatial,Positive,Is the man in the image holding wood?,276|73|328|658,205|336|614|337
51d93439435b2c0f.jpg,/root/autodl-tmp/data/R-bench/validation/51d93439435b2c0f.jpg,man,microphone,holding,held by,1,calib,non-spatial,Positive,Is the man in the image holding a microphone?,717|154|174|476,768|215|51|61
aef0a8bc66d5205d.jpg,/root/autodl-tmp/data/R-bench/validation/aef0a8bc66d5205d.jpg,people,parachute,riding,ridden by,1,eval,non-spatial,Positive,Are the people in the image riding on a parachute?,266|473|123|212,0|0|1024|411
67c9dd8871b245ae.jpg,/root/autodl-tmp/data/R-bench/validation/67c9dd8871b245ae.jpg,people,motorcycles,riding,ridden by,0,eval,non-spatial,Positive,Are there people riding motorcycles in the image?,358|225|215|431,20|321|246|307
9981302a90bd62b1.jpg,/root/autodl-tmp/data/R-bench/validation/9981302a90bd62b1.jpg,man,segway,riding,ridden by,1,calib,non-spatial,Positive,Is the man in the image riding a segway?,451|100|163|407,379|323|256|330
2c08e140e00f5fdc.jpg,/root/autodl-tmp/data/R-bench/validation/2c08e140e00f5fdc.jpg,man,custom bike,riding,ridden by,0,eval,non-spatial,Opposite,Is the man in the image riding a custom bike?,594|127|246|494,287|311|348|303
72157cefa7c57ec8.jpg,/root/autodl-tmp/data/R-bench/validation/72157cefa7c57ec8.jpg,boy,bicycle,riding,ridden by,1,calib,non-spatial,Positive,Is the boy riding the bicycle?,307|61|292|574,169|307|522|635
a068ea435a318d8d.jpg,/root/autodl-tmp/data/R-bench/validation/a068ea435a318d8d.jpg,man,bicycle,riding,ridden by,0,eval,non-spatial,Random,Is the man riding the bicycle downhill?,399|61|359|499,338|253|563|410
00c5be8db0e25f5e.jpg,/root/autodl-tmp/data/R-bench/validation/00c5be8db0e25f5e.jpg,man,tank,riding,ridden by,1,calib,non-spatial,Positive,Is the man in the image riding on the tank?,512|116|143|212,41|82|911|602
a0b8948a5a669d86.jpg,/root/autodl-tmp/data/R-bench/validation/a0b8948a5a669d86.jpg,man,bike,riding,ridden by,0,calib,non-spatial,Random,Is the man in the image riding his bike downhill?,297|55|481|539,205|253|543|430
3be189900a496924.jpg,/root/autodl-tmp/data/R-bench/validation/3be189900a496924.jpg,person,bicycle,riding,ridden by,1,calib,non-spatial,Positive,Is the person in the image riding a bicycle?,451|137|501|546,358|369|666|314
c6324f32dbc3a847.jpg,/root/autodl-tmp/data/R-bench/validation/c6324f32dbc3a847.jpg,man,bike,riding,ridden by,0,calib,non-spatial,Opposite,Is the man riding a bike?,72|286|594|294,123|286|450|301
34ff10aa56e103ba.jpg,/root/autodl-tmp/data/R-bench/validation/34ff10aa56e103ba.jpg,man,motorcycle with one wheel,riding,ridden by,1,eval,non-spatial,Opposite,Is the man in the image riding a motorcycle with one wheel?,251|287|211|430,319|635|143|153
67d2d798ebba1e74.jpg,/root/autodl-tmp/data/R-bench/validation/67d2d798ebba1e74.jpg,man,bicycle,riding,ridden by,0,calib,non-spatial,Opposite,Is the man in the image riding a bicycle downhill?,430|102|266|417,440|212|379|410
b6b804401adcbe4a.jpg,/root/autodl-tmp/data/R-bench/validation/b6b804401adcbe4a.jpg,boy,yellow robot,riding,ridden by,1,calib,non-spatial,Positive,Is the boy riding on the yellow robot?,420|109|164|416,348|348|430|307
72157cefa7c57ec8.jpg,/root/autodl-tmp/data/R-bench/validation/72157cefa7c57ec8.jpg,boy,bicycle,riding,ridden by,0,calib,non-spatial,Random,Is the boy smiling while riding the bicycle?,307|61|292|574,169|307|522|635
295a7f2d76bcccb2.jpg,/root/autodl-tmp/data/R-bench/validation/295a7f2d76bcccb2.jpg,girl,horse,riding,ridden by,1,eval,non-spatial,Opposite,Is the girl riding on the horse?,385|246|196|502,0|543|819|481
c4e8395425f49d05.jpg,/root/autodl-tmp/data/R-bench/validation/c4e8395425f49d05.jpg,man,bike,riding,ridden by,0,calib,non-spatial,Random,Is the man in the image riding his bike downhill?,297|123|276|403,348|219|410|362
663389d2c9d562d8.jpg,/root/autodl-tmp/data/R-bench/validation/663389d2c9d562d8.jpg,man,green motorcycle,riding,ridden by,1,eval,non-spatial,Opposite,Is the man in the image riding a green motorcycle?,358|20|287|629,195|307|604|335
531e105f0f382294.jpg,/root/autodl-tmp/data/R-bench/validation/531e105f0f382294.jpg,girl,zebra,riding,ridden by,0,calib,non-spatial,Opposite,Is the girl in the image riding a real zebra or a fake one?,151|328|274|665,82|276|603|748
aaf5b5b51d27d3a2.jpg,/root/autodl-tmp/data/R-bench/validation/aaf5b5b51d27d3a2.jpg,person,yellow jet ski,riding,ridden by,1,eval,non-spatial,Opposite,Is the person in the image riding a yellow jet ski?,266|116|226|348,102|314|482|191
67c9dd8871b245ae.jpg,/root/autodl-tmp/data/R-bench/validation/67c9dd8871b245ae.jpg,people,motorcycles,riding,ridden by,0,eval,non-spatial,Positive,Are there people riding motorcycles in the street?,563|219|174|368,20|321|246|307
7c7db17e4e5ddd66.jpg,/root/autodl-tmp/data/R-bench/validation/7c7db17e4e5ddd66.jpg,person,motorcycle,riding,ridden by,1,calib,non-spatial,Positive,Is the person in the image riding a motorcycle?,205|170|235|232,61|218|420|212
d672a62768a6c629.jpg,/root/autodl-tmp/data/R-bench/validation/d672a62768a6c629.jpg,man,bicycle,riding,ridden by,0,calib,non-spatial,Opposite,Is the man in the image riding a bicycle?,0|184|666|499,0|526|666|157
56136a5dd78b5454.jpg,/root/autodl-tmp/data/R-bench/validation/56136a5dd78b5454.jpg,person,bicycle,riding,ridden by,1,eval,non-spatial,Opposite,Is the person riding a bicycle?,328|96|409|589,328|445|471|240
a5b2ac4f2041db39.jpg,/root/autodl-tmp/data/R-bench/validation/a5b2ac4f2041db39.jpg,man,small tricycle,riding,ridden by,0,eval,non-spatial,Opposite,Is the man in the image riding a small tricycle?,317|0|533|346,51|169|860|399
ed2fcee42f94162d.jpg,/root/autodl-tmp/data/R-bench/validation/ed2fcee42f94162d.jpg,man,skateboard,riding,ridden by,1,calib,non-spatial,Positive,Is the man in the image riding a skateboard?,70|174|435|236,396|205|210|123
d0ffc5d3a209d1f0.jpg,/root/autodl-tmp/data/R-bench/validation/d0ffc5d3a209d1f0.jpg,man,bicycle,riding,ridden by,0,eval,non-spatial,Opposite,Is the man in the image riding a bicycle downhill?,512|185|246|420,481|364|318|309
8823286afacc9898.jpg,/root/autodl-tmp/data/R-bench/validation/8823286afacc9898.jpg,person,bicycle with two wheels,riding,ridden by,1,eval,non-spatial,Positive,Is the person in the image riding a bicycle with two wheels?,358|269|226|276,328|415|256|222
9c9d7f518c96cad9.jpg,/root/autodl-tmp/data/R-bench/validation/9c9d7f518c96cad9.jpg,person,horse,riding,ridden by,0,eval,non-spatial,Opposite,Is the person riding the horse?,0|0|328|415,515|82|509|545
2be6ab51b1f3621b.jpg,/root/autodl-tmp/data/R-bench/validation/2be6ab51b1f3621b.jpg,people,segways,riding,ridden by,1,eval,non-spatial,Positive,Do the people in the image ride on segways?,230|184|223|584,169|430|315|492
8fbab56fe49c05a2.jpg,/root/autodl-tmp/data/R-bench/validation/8fbab56fe49c05a2.jpg,man,motorcycle,riding,ridden by,0,calib,non-spatial,Opposite,Is the man in the image riding a motorcycle?,192|2|459|620,41|100|451|514
ce696a0b196b8e36.jpg,/root/autodl-tmp/data/R-bench/validation/ce696a0b196b8e36.jpg,person,motorcycle,riding,ridden by,1,calib,non-spatial,Positive,Is the person in the image riding a motorcycle?,211|133|341|574,27|287|450|532
749d4f4298609255.jpg,/root/autodl-tmp/data/R-bench/validation/749d4f4298609255.jpg,man,motorcycle,riding,ridden by,0,calib,non-spatial,Opposite,Is the man in the image riding the motorcycle downhill?,184|119|512|434,110|203|492|366
83ad1edb154a2106.jpg,/root/autodl-tmp/data/R-bench/validation/83ad1edb154a2106.jpg,child,bicycle,riding,ridden by,1,eval,non-spatial,Positive,Is the child riding on the bicycle?,440|148|133|237,20|289|984|385
762a0af3ba694ae9.jpg,/root/autodl-tmp/data/R-bench/validation/762a0af3ba694ae9.jpg,people,van,riding,ridden by,0,calib,non-spatial,Opposite,Are people riding by in the van?,891|261|113|192,0|69|911|668
2b2bc6125f83ff18.jpg,/root/autodl-tmp/data/R-bench/validation/2b2bc6125f83ff18.jpg,person,whale,riding,ridden by,1,eval,non-spatial,Positive,Is the person in the image riding on the back of the whale?,399|142|215|417,10|506|922|266
98dd164dfd089339.jpg,/root/autodl-tmp/data/R-bench/validation/98dd164dfd089339.jpg,man,unicycle,riding,ridden by,0,calib,non-spatial,Positive,Is the man in the image riding a unicycle?,230|329|111|172,420|186|246|575
61b9f3a4db94791b.jpg,/root/autodl-tmp/data/R-bench/validation/61b9f3a4db94791b.jpg,man,motorized scooter,riding,ridden by,1,eval,non-spatial,Positive,Is the man in the image riding a motorized scooter?,604|116|225|471,492|293|378|348
bf646c5c90dea12c.jpg,/root/autodl-tmp/data/R-bench/validation/bf646c5c90dea12c.jpg,woman,bicycle,riding,ridden by,0,calib,non-spatial,Positive,Does the woman in the image ride a bicycle?,573|123|134|215,788|215|134|215
b4cb9fc067c1eb00.jpg,/root/autodl-tmp/data/R-bench/validation/b4cb9fc067c1eb00.jpg,man,wave,riding,ridden by,1,eval,non-spatial,Opposite,Is the man in the image riding a wave?,297|184|266|205,0|0|1024|635
662bf0ac81e57758.jpg,/root/autodl-tmp/data/R-bench/validation/662bf0ac81e57758.jpg,person,horse,riding,ridden by,0,eval,non-spatial,Positive,Is the person in the image riding the horse?,0|420|39|148,174|24|590|659
66fb599a59a53707.jpg,/root/autodl-tmp/data/R-bench/validation/66fb599a59a53707.jpg,person,antique car,riding,ridden by,1,eval,non-spatial,Opposite,Is the person riding the antique car?,625|314|123|96,266|321|574|266
83ad1edb154a2106.jpg,/root/autodl-tmp/data/R-bench/validation/83ad1edb154a2106.jpg,man,bicycle,riding,ridden by,0,eval,non-spatial,Random,Is the man riding the bicycle pretending to be a king?,215|37|215|578,20|289|984|385
7c1d922420d9ae86.jpg,/root/autodl-tmp/data/R-bench/validation/7c1d922420d9ae86.jpg,person,bicycle,riding,ridden by,1,eval,non-spatial,Positive,Is the person in the image riding a bicycle?,174|281|256|219,205|315|358|219
5fa0491945756036.jpg,/root/autodl-tmp/data/R-bench/validation/5fa0491945756036.jpg,woman,horse,riding,ridden by,0,eval,non-spatial,Positive,Is the woman in the image riding on the horse?,225|178|277|334,471|198|379|383
bb0a84b613a098f0.jpg,/root/autodl-tmp/data/R-bench/validation/bb0a84b613a098f0.jpg,man,horse,riding,ridden by,1,calib,non-spatial,Random,Is the man pretending to ride the horse?,358|82|379|603,338|452|399|233
ed39ece290eabd5d.jpg,/root/autodl-tmp/data/R-bench/validation/ed39ece290eabd5d.jpg,person,track,riding,ridden by,1,eval,non-spatial,Positive,Is the person in the image riding the motorcycle on a track?,420|55|297|478,0|191|1024|485
4125df3dbe46a6af.jpg,/root/autodl-tmp/data/R-bench/validation/4125df3dbe46a6af.jpg,person,motorcycle,riding,ridden by,1,eval,non-spatial,Positive,Is the person in the image riding the motorcycle?,379|116|246|343,358|212|318|350
0690bd5e0f95ddab.jpg,/root/autodl-tmp/data/R-bench/validation/0690bd5e0f95ddab.jpg,man,jet ski,riding,ridden by,1,eval,non-spatial,Positive,Is the man in the image riding a jet ski?,154|276|122|108,61|246|318|199
94c53be316c9a02e.jpg,/root/autodl-tmp/data/R-bench/validation/94c53be316c9a02e.jpg,man,skateboard,riding,ridden by,1,calib,non-spatial,Positive,Is the man in the image riding a skateboard?,146|10|351|635,292|512|212|143
437c6697e0af46b6.jpg,/root/autodl-tmp/data/R-bench/validation/437c6697e0af46b6.jpg,man,dirt bike,riding,ridden by,1,eval,non-spatial,Opposite,Is the man in the image riding a dirt bike?,195|0|317|546,143|191|492|492
421a93da4e4152f3.jpg,/root/autodl-tmp/data/R-bench/validation/421a93da4e4152f3.jpg,man,horse,riding,ridden by,1,eval,non-spatial,Positive,Is the man in the image riding a horse?,184|100|256|368,20|207|615|446
a8c01f09da2657bd.jpg,/root/autodl-tmp/data/R-bench/validation/a8c01f09da2657bd.jpg,person,three-wheeled wheelchair,riding,ridden by,1,calib,non-spatial,Opposite,Is the person in the image riding a three-wheeled wheelchair?,236|137|460|321,143|246|840|437
344a9140fb86e57d.jpg,/root/autodl-tmp/data/R-bench/validation/344a9140fb86e57d.jpg,woman,horse,riding,ridden by,1,eval,non-spatial,Opposite,Is the woman riding the horse?,348|120|205|321,41|170|768|672
395939397d472c3b.jpg,/root/autodl-tmp/data/R-bench/validation/395939397d472c3b.jpg,woman,horse,riding,ridden by,1,calib,non-spatial,Positive,Is the woman in the image riding the horse?,149|102|210|441,61|205|495|594
a202156cdcee0cb1.jpg,/root/autodl-tmp/data/R-bench/validation/a202156cdcee0cb1.jpg,people,gondola,riding,ridden by,1,calib,non-spatial,Opposite,Are the people riding on the gondola?,294|676|61|133,253|727|150|266
a0b8948a5a669d86.jpg,/root/autodl-tmp/data/R-bench/validation/a0b8948a5a669d86.jpg,person,blue bicycle,riding,ridden by,1,calib,non-spatial,Opposite,Is the person in the image riding a blue bicycle?,297|55|481|539,205|253|543|430
a284f227c612b0c8.jpg,/root/autodl-tmp/data/R-bench/validation/a284f227c612b0c8.jpg,man,motorcycle,riding,ridden by,1,eval,non-spatial,Opposite,Is the man in the image riding a motorcycle?,308|143|238|369,218|287|270|317
6022a450df278025.jpg,/root/autodl-tmp/data/R-bench/validation/6022a450df278025.jpg,man,white bicycle,riding,ridden by,1,calib,non-spatial,Opposite,Is the man in the image riding a white bicycle?,369|75|430|608,338|369|553|314
aac405248e9b7c8b.jpg,/root/autodl-tmp/data/R-bench/validation/aac405248e9b7c8b.jpg,lifeguard,jet ski,riding,ridden by,1,calib,non-spatial,Opposite,Is the lifeguard in the image riding a jet ski?,379|266|123|333,164|463|829|184
26192da5ce2afa62.jpg,/root/autodl-tmp/data/R-bench/validation/26192da5ce2afa62.jpg,man,bike,riding,ridden by,1,calib,non-spatial,Positive,Is the man in the image riding a bike?,317|82|369|451,236|307|430|328
a8c01f09da2657bd.jpg,/root/autodl-tmp/data/R-bench/validation/a8c01f09da2657bd.jpg,man,bicycle,riding,ridden by,1,calib,non-spatial,Positive,Does the man in the image ride the bicycle with his hands?,205|137|502|327,143|253|840|430
4f3ea0b2bc75000c.jpg,/root/autodl-tmp/data/R-bench/validation/4f3ea0b2bc75000c.jpg,man,roller skates,riding,ridden by,1,eval,non-spatial,Opposite,Is the man in the image riding on roller skates?,317|108|369|506,442|499|89|114
5b42b58ab16c05c0.jpg,/root/autodl-tmp/data/R-bench/validation/5b42b58ab16c05c0.jpg,person,skateboard,riding,ridden by,1,eval,non-spatial,Positive,Is the person in the image riding a skateboard?,246|0|276|476,348|415|103|84
ab46f7ec075d89ae.jpg,/root/autodl-tmp/data/R-bench/validation/ab46f7ec075d89ae.jpg,boy,tricycle,riding,ridden by,1,eval,non-spatial,Positive,Is the boy riding a tricycle?,399|92|338|599,287|315|461|430
115bec3d6d7f09f2.jpg,/root/autodl-tmp/data/R-bench/validation/115bec3d6d7f09f2.jpg,woman,blue bicycle,riding,ridden by,1,eval,non-spatial,Positive,Is the woman riding a blue bicycle?,451|115|215|522,236|269|552|376
d2d5e5cc2b420898.jpg,/root/autodl-tmp/data/R-bench/validation/d2d5e5cc2b420898.jpg,person,segway,riding,ridden by,1,eval,non-spatial,Opposite,Is the person in the image riding a segway?,276|72|231|768,138|430|377|533
6f722f46dd08b8d8.jpg,/root/autodl-tmp/data/R-bench/validation/6f722f46dd08b8d8.jpg,man,bicycle,riding,ridden by,1,eval,non-spatial,Opposite,Is the man in the image riding a bicycle?,20|297|574|727,27|932|444|92
b5730a42515dad94.jpg,/root/autodl-tmp/data/R-bench/validation/b5730a42515dad94.jpg,person,horse,riding,ridden by,1,eval,non-spatial,Positive,Is the person in the image riding the horse?,410|31|358|430,307|46|625|684
d7e0a40ffb2d0cbe.jpg,/root/autodl-tmp/data/R-bench/validation/d7e0a40ffb2d0cbe.jpg,woman,horse,riding,ridden by,1,calib,non-spatial,Positive,Is the woman riding the horse?,276|54|134|338,205|100|348|507
7a9767c9f102b469.jpg,/root/autodl-tmp/data/R-bench/validation/7a9767c9f102b469.jpg,child,bicycle,riding,ridden by,1,eval,non-spatial,Positive,Does the child ride the bicycle?,292|164|266|522,292|369|300|389
f155d2cee6e021f0.jpg,/root/autodl-tmp/data/R-bench/validation/f155d2cee6e021f0.jpg,man,three-wheeled bicycle,riding,ridden by,1,eval,non-spatial,Opposite,Is the man in the image riding a three-wheeled bicycle?,215|38|492|385,143|167|758|455
1669479168968bcc.jpg,/root/autodl-tmp/data/R-bench/validation/1669479168968bcc.jpg,person,motorcycle,riding,ridden by,1,eval,non-spatial,Positive,Is the person in the image riding a motorcycle?,307|208|154|189,72|267|594|384
92fae2a17e2daee1.jpg,/root/autodl-tmp/data/R-bench/validation/92fae2a17e2daee1.jpg,man,camel,riding,ridden by,1,eval,non-spatial,Positive,Is the man riding the camel?,20|10|512|799,143|123|881|901
4eb478ec0835cfdd.jpg,/root/autodl-tmp/data/R-bench/validation/4eb478ec0835cfdd.jpg,girl,bicycle,riding,ridden by,1,eval,non-spatial,Positive,Does the girl enjoy riding the bicycle?,246|102|348|717,174|338|584|553
abc0ab097170ece3.jpg,/root/autodl-tmp/data/R-bench/validation/abc0ab097170ece3.jpg,boy,surfboard,riding,ridden by,1,eval,non-spatial,Positive,Is the boy riding a surfboard in the image?,594|272|235|224,584|401|245|102
519e416a87403ee4.jpg,/root/autodl-tmp/data/R-bench/validation/519e416a87403ee4.jpg,man,horse,riding,ridden by,1,calib,non-spatial,Positive,Is the man in the image riding the horse?,512|458|256|220,266|440|563|375
ce968272a6353f8f.jpg,/root/autodl-tmp/data/R-bench/validation/ce968272a6353f8f.jpg,people,hot air balloon,riding,ridden by,1,calib,non-spatial,Positive,Are the people in the image riding on the hot air balloon?,276|144|52|69,266|0|164|253
c22e29581c0e797e.jpg,/root/autodl-tmp/data/R-bench/validation/c22e29581c0e797e.jpg,person,bicycle,riding,ridden by,1,eval,non-spatial,Positive,Does the person in the image ride a bicycle?,543|164|225|334,502|321|430|266
71df582bfb39b541.jpg,/root/autodl-tmp/data/R-bench/validation/71df582bfb39b541.jpg,man,bicycle,riding,ridden by,1,calib,non-spatial,Positive,Is the man in the image riding a bicycle?,328|340|123|218,287|436|174|163
1e73dd071c85fe3d.jpg,/root/autodl-tmp/data/R-bench/validation/1e73dd071c85fe3d.jpg,man,bike,riding,ridden by,1,calib,non-spatial,Positive,Is the man in the image riding a bike?,358|229|471|246,338|277|573|387
6a316f2b341bdc0b.jpg,/root/autodl-tmp/data/R-bench/validation/6a316f2b341bdc0b.jpg,boy,bike,riding,ridden by,1,calib,non-spatial,Opposite,Is the boy riding a bike?,236|51|491|871,92|328|860|676
f15a6e4c696003f7.jpg,/root/autodl-tmp/data/R-bench/validation/f15a6e4c696003f7.jpg,person,motorcycle,riding,ridden by,1,eval,non-spatial,Positive,Is the person in the image riding a motorcycle?,604|108|338|514,297|177|727|499
531e105f0f382294.jpg,/root/autodl-tmp/data/R-bench/validation/531e105f0f382294.jpg,girl,carousel,riding,ridden by,1,calib,non-spatial,Positive,Is the girl in the image enjoying her ride on the carousel?,151|328|274|665,82|276|603|748
9e11f75d740f84fe.jpg,/root/autodl-tmp/data/R-bench/validation/9e11f75d740f84fe.jpg,man,bicycle,riding,ridden by,1,eval,non-spatial,Opposite,Is the man riding the bicycle in the image?,276|54|338|499,174|246|451|384
b6b804401adcbe4a.jpg,/root/autodl-tmp/data/R-bench/validation/b6b804401adcbe4a.jpg,man,small yellow cart,riding,ridden by,1,calib,non-spatial,Opposite,Is the man riding the small yellow cart?,399|14|267|504,348|348|430|307
9fc6b9554a142b1a.jpg,/root/autodl-tmp/data/R-bench/validation/9fc6b9554a142b1a.jpg,man,black bicycle,riding,ridden by,1,eval,non-spatial,Opposite,Is the man in the image riding a black bicycle?,369|68|338|506,338|253|543|369
bbc1921cc7fb24fb.jpg,/root/autodl-tmp/data/R-bench/validation/bbc1921cc7fb24fb.jpg,person,bike,riding,ridden by,1,calib,non-spatial,Positive,Is the person in the image riding a bike?,195|0|460|608,72|191|819|492
c4e8395425f49d05.jpg,/root/autodl-tmp/data/R-bench/validation/c4e8395425f49d05.jpg,man,motorcycle,riding,ridden by,1,calib,non-spatial,Opposite,Is the man in the image riding a motorcycle?,297|123|276|403,348|212|410|369
d5a1e51d937f330f.jpg,/root/autodl-tmp/data/R-bench/validation/d5a1e51d937f330f.jpg,man,motorcycle,riding,ridden by,1,calib,non-spatial,Positive,Is the man in the image riding a motorcycle?,195|0|399|516,256|136|573|543
591eff0709a14d1c.jpg,/root/autodl-tmp/data/R-bench/validation/591eff0709a14d1c.jpg,man,jet ski,riding,ridden by,1,eval,non-spatial,Positive,Is the man in the image riding a jet ski?,273|276|218|308,61|369|560|450
2d2726d5de7256f6.jpg,/root/autodl-tmp/data/R-bench/validation/2d2726d5de7256f6.jpg,man,tractor,riding,ridden by,1,calib,non-spatial,Positive,Does the man in the image ride the tractor?,696|103|123|157,0|89|870|513
abd556f244c58f8a.jpg,/root/autodl-tmp/data/R-bench/validation/abd556f244c58f8a.jpg,man,red paddle,playing,played by,1,calib,non-spatial,Opposite,Is the man in the image playing table tennis with a red paddle?,358|27|615|642,255|191|203|88
3ecc39c24fe3d233.jpg,/root/autodl-tmp/data/R-bench/validation/3ecc39c24fe3d233.jpg,person,trumpet,playing,played by,0,calib,non-spatial,Opposite,Is the person in the image playing the trumpet?,0|240|389|446,502|226|338|172
0374141ebf11632e.jpg,/root/autodl-tmp/data/R-bench/validation/0374141ebf11632e.jpg,boy,instrument,playing,played by,1,eval,non-spatial,Positive,Is the boy playing an instrument?,246|14|379|618,451|109|440|462
18da2f5082dcfbfc.jpg,/root/autodl-tmp/data/R-bench/validation/18da2f5082dcfbfc.jpg,boy,smile,playing,played by,0,eval,non-spatial,Opposite,Is the boy in the image playing the bagpipes with a smile on his face?,307|64|707|647,625|263|51|85
705cd0f2472a5424.jpg,/root/autodl-tmp/data/R-bench/validation/705cd0f2472a5424.jpg,man,piano,playing,played by,1,eval,non-spatial,Positive,Does the man in the image play the piano?,51|232|359|451,236|55|563|628
80fc17a6b8901997.jpg,/root/autodl-tmp/data/R-bench/validation/80fc17a6b8901997.jpg,woman,violin,playing,played by,0,eval,non-spatial,Opposite,Is the woman playing the violin outdoors?,195|0|829|768,461|261|553|307
9bed0e9513710c7b.jpg,/root/autodl-tmp/data/R-bench/validation/9bed0e9513710c7b.jpg,man,saxophone,playing,played by,1,calib,non-spatial,Positive,Is the man in the image playing the saxophone?,0|34|952|647,311|123|619|558
42c05e6f790f4ef6.jpg,/root/autodl-tmp/data/R-bench/validation/42c05e6f790f4ef6.jpg,man,chess,playing,played by,0,eval,non-spatial,Opposite,Is the man in the image playing chess?,430|453|399|184,430|453|399|184
ea2a84f5d29be501.jpg,/root/autodl-tmp/data/R-bench/validation/ea2a84f5d29be501.jpg,person,accordion outside,playing,played by,1,calib,non-spatial,Opposite,Is the person in the image playing the accordion outside?,14|205|639|819,143|512|496|410
0374141ebf11632e.jpg,/root/autodl-tmp/data/R-bench/validation/0374141ebf11632e.jpg,man,two instruments,playing,played by,0,eval,non-spatial,Opposite,Is the man playing two instruments at once?,246|7|379|625,451|116|450|455
267fb36486a00fcc.jpg,/root/autodl-tmp/data/R-bench/validation/267fb36486a00fcc.jpg,man,piano,playing,played by,1,calib,non-spatial,Positive,Is the man in the image playing the piano?,184|38|666|730,573|23|451|745
d1ef645e3687eb31.jpg,/root/autodl-tmp/data/R-bench/validation/d1ef645e3687eb31.jpg,men,volleyball,playing,played by,0,calib,non-spatial,Opposite,Are the men in the image playing volleyball?,287|49|133|135,287|49|133|135
4a6fbccdd21b9dc3.jpg,/root/autodl-tmp/data/R-bench/validation/4a6fbccdd21b9dc3.jpg,person,saxophone,playing,played by,1,eval,non-spatial,Positive,Is the person in the image playing a saxophone?,430|177|574|507,123|0|788|768
3d0632f06eb870d1.jpg,/root/autodl-tmp/data/R-bench/validation/3d0632f06eb870d1.jpg,people,bean bags,playing,played by,0,calib,non-spatial,Opposite,Are the people in the image playing a game with bean bags?,41|169|451|538,502|369|133|53
1be0a6a7ac54abe7.jpg,/root/autodl-tmp/data/R-bench/validation/1be0a6a7ac54abe7.jpg,person,cello,playing,played by,1,eval,non-spatial,Positive,Is the person in the image playing a cello?,61|0|963|768,215|0|809|768
76f8fdd48b7ff734.jpg,/root/autodl-tmp/data/R-bench/validation/76f8fdd48b7ff734.jpg,person,drums,playing,played by,0,calib,non-spatial,Opposite,Is the person in the image playing the drums?,133|174|481|676,471|379|471|625
bb1eb0727b1b8d8e.jpg,/root/autodl-tmp/data/R-bench/validation/bb1eb0727b1b8d8e.jpg,man,guitar,playing,played by,1,eval,non-spatial,Positive,Is the man in the image playing the guitar near a microphone?,461|153|471|651,471|458|553|209
4a6fbccdd21b9dc3.jpg,/root/autodl-tmp/data/R-bench/validation/4a6fbccdd21b9dc3.jpg,person,trombone,playing,played by,0,eval,non-spatial,Opposite,Is the person in the background of the image playing a trombone?,0|0|154|507,113|0|798|768
8a90edff9e8d885e.jpg,/root/autodl-tmp/data/R-bench/validation/8a90edff9e8d885e.jpg,woman,accordion,playing,played by,1,calib,non-spatial,Positive,Is the woman in the image playing the accordion?,74|60|852|829,246|419|676|472
16aaa6421eaf9905.jpg,/root/autodl-tmp/data/R-bench/validation/16aaa6421eaf9905.jpg,man,musical instrument,playing,played by,1,eval,non-spatial,Positive,Is the man in the image playing a musical instrument?,338|63|184|311,379|202|174|69
3a30bba9227d2d2b.jpg,/root/autodl-tmp/data/R-bench/validation/3a30bba9227d2d2b.jpg,woman in blue,player in grey,playing,played by,1,eval,non-spatial,Positive,Does the woman in blue play table tennis against the player in grey?,164|102|235|540,819|109|205|574
f8ca4926b5b4ef8b.jpg,/root/autodl-tmp/data/R-bench/validation/f8ca4926b5b4ef8b.jpg,man,drums,playing,played by,1,eval,non-spatial,Positive,Is the man in the image playing the drums?,338|86|225|294,522|179|226|253
3034bfb0f7cefcb7.jpg,/root/autodl-tmp/data/R-bench/validation/3034bfb0f7cefcb7.jpg,person,necklace,playing,played by,1,eval,non-spatial,Positive,Does the person playing the flute have a necklace on?,0|402|399|280,0|402|399|280
067e21aeda713b53.jpg,/root/autodl-tmp/data/R-bench/validation/067e21aeda713b53.jpg,person,violin,playing,played by,1,eval,non-spatial,Positive,Is the person in the image playing the violin?,0|8|748|760,154|338|594|430
1f7c30f0c24fda91.jpg,/root/autodl-tmp/data/R-bench/validation/1f7c30f0c24fda91.jpg,man,banjo,playing,played by,1,eval,non-spatial,Positive,Is the man in the image playing the banjo while sitting in front of a large painting of a chef?,164|68|573|614,307|205|574|477
1f7c30f0c24fda91.jpg,/root/autodl-tmp/data/R-bench/validation/1f7c30f0c24fda91.jpg,person,guitar,playing,played by,1,eval,non-spatial,Positive,Is the person in the image playing a guitar?,164|68|573|614,307|205|574|477
d199144d2c868f25.jpg,/root/autodl-tmp/data/R-bench/validation/d199144d2c868f25.jpg,girl,brass instrument,playing,played by,1,eval,non-spatial,Opposite,Is the girl in the image playing a brass instrument?,225|7|707|676,0|123|983|560
173eda5586f0dc07.jpg,/root/autodl-tmp/data/R-bench/validation/173eda5586f0dc07.jpg,girl,accordion,playing,played by,1,eval,non-spatial,Positive,Is the girl playing the accordion on a chair?,133|77|584|691,358|292|328|392
4043197c1365a336.jpg,/root/autodl-tmp/data/R-bench/validation/4043197c1365a336.jpg,man,ping pong,playing,played by,1,calib,non-spatial,Opposite,Is the man in the image playing ping pong?,399|95|410|580,399|273|31|34
ed0147f94eaf2efd.jpg,/root/autodl-tmp/data/R-bench/validation/ed0147f94eaf2efd.jpg,man,short cut lawn,playing,played by,1,eval,non-spatial,Opposite,Is the man in the image playing golf on a short cut lawn?,72|14|440|649,0|82|1024|601
9d79a3329d8a5e44.jpg,/root/autodl-tmp/data/R-bench/validation/9d79a3329d8a5e44.jpg,dog,tennis ball,playing,played by,1,eval,non-spatial,Positive,Is the dog playing with the tennis ball?,123|0|901|768,287|553|164|154
3034bfb0f7cefcb7.jpg,/root/autodl-tmp/data/R-bench/validation/3034bfb0f7cefcb7.jpg,person,flute,playing,played by,1,eval,non-spatial,Positive,Is the person playing the flute in the image?,297|259|727|123,297|259|727|123
ba9cb8884bf69279.jpg,/root/autodl-tmp/data/R-bench/validation/ba9cb8884bf69279.jpg,man,drum,playing,played by,1,eval,non-spatial,Opposite,Is the man playing the drum?,0|0|399|501,492|63|430|444
0a3873442ad329c2.jpg,/root/autodl-tmp/data/R-bench/validation/0a3873442ad329c2.jpg,man,piano,playing,played by,1,eval,non-spatial,Positive,Is the man in the image playing the piano?,215|130|389|526,461|260|563|423
a5659ba44eaf480d.jpg,/root/autodl-tmp/data/R-bench/validation/a5659ba44eaf480d.jpg,men,basketball,playing,played by,1,eval,non-spatial,Positive,Are the men in the image playing basketball?,31|201|481|444,512|104|92|90
1e9c75745b953123.jpg,/root/autodl-tmp/data/R-bench/validation/1e9c75745b953123.jpg,man,trumpet,playing,played by,1,calib,non-spatial,Positive,Does the man in the image play the trumpet?,82|61|932|707,389|269|635|353
3cf84110ea52ff43.jpg,/root/autodl-tmp/data/R-bench/validation/3cf84110ea52ff43.jpg,men,trombones,playing,played by,1,calib,non-spatial,Opposite,Are the men in the image playing trombones?,82|18|450|598,164|55|420|278
a75bd3ec4cd51c51.jpg,/root/autodl-tmp/data/R-bench/validation/a75bd3ec4cd51c51.jpg,man,accordion,playing,played by,1,calib,non-spatial,Positive,Is the man in the image playing the accordion?,54|31|637|993,223|389|476|410
86fa28d162ee13dc.jpg,/root/autodl-tmp/data/R-bench/validation/86fa28d162ee13dc.jpg,man,guitar,playing,played by,1,eval,non-spatial,Positive,Is the man in the image playing the guitar?,0|0|932|768,72|223|952|545
91ef144b7c8bba2f.jpg,/root/autodl-tmp/data/R-bench/validation/91ef144b7c8bba2f.jpg,men,guitar,playing,played by,1,calib,non-spatial,Positive,Are the men in the image playing the guitar together?,155|169|406|407,164|292|320|138
90d47269222ec0ab.jpg,/root/autodl-tmp/data/R-bench/validation/90d47269222ec0ab.jpg,person,piano,playing,played by,1,calib,non-spatial,Positive,Is the person in the image playing the piano?,102|7|768|669,635|7|389|676
8b50bca740622ce6.jpg,/root/autodl-tmp/data/R-bench/validation/8b50bca740622ce6.jpg,woman,harp,playing,played by,1,calib,non-spatial,Positive,Is the woman playing a harp?,236|322|430|363,0|0|379|685
200907829e4fbe95.jpg,/root/autodl-tmp/data/R-bench/validation/200907829e4fbe95.jpg,man,guitar,playing,played by,1,eval,non-spatial,Positive,Is the man in the image playing the guitar?,72|27|501|478,0|171|614|478
cfe604ed92fd4229.jpg,/root/autodl-tmp/data/R-bench/validation/cfe604ed92fd4229.jpg,man,musical instrument,playing,played by,1,calib,non-spatial,Positive,Is the man in the image playing a musical instrument?,276|28|748|673,215|224|399|204
62f5b3b114f74ea8.jpg,/root/autodl-tmp/data/R-bench/validation/62f5b3b114f74ea8.jpg,woman,harp,playing,played by,1,calib,non-spatial,Positive,Is the woman in the image playing the harp?,502|126|306|642,328|138|317|630
800d5e751f4adeb1.jpg,/root/autodl-tmp/data/R-bench/validation/800d5e751f4adeb1.jpg,man,accordion,playing,played by,1,calib,non-spatial,Positive,Is the man in the image playing the accordion?,0|31|622|993,115|502|653|522
6cee5cf8a3a9c090.jpg,/root/autodl-tmp/data/R-bench/validation/6cee5cf8a3a9c090.jpg,person,piano,playing,played by,1,calib,non-spatial,Positive,Is the person in the image playing the piano?,51|0|430|768,51|0|973|768
737e7c74b773fa33.jpg,/root/autodl-tmp/data/R-bench/validation/737e7c74b773fa33.jpg,man,roller hockey,playing,played by,1,calib,non-spatial,Opposite,Is the man in the image playing roller hockey?,410|68|317|717,164|392|471|325
5dd747ff8c8178a6.jpg,/root/autodl-tmp/data/R-bench/validation/5dd747ff8c8178a6.jpg,boy,harp,playing,played by,1,eval,non-spatial,Positive,Is the boy in the image playing a harp?,265|430|408|594,7|0|605|973
1cd308dd54d1fd90.jpg,/root/autodl-tmp/data/R-bench/validation/1cd308dd54d1fd90.jpg,man,accordion,playing,played by,1,eval,non-spatial,Positive,Is the man in the image playing the accordion?,54|51|714|973,200|594|568|430
3e33859ab2167cd4.jpg,/root/autodl-tmp/data/R-bench/validation/3e33859ab2167cd4.jpg,person,piano,playing,played by,1,eval,non-spatial,Positive,Does the person in the image play on the middle of the piano?,399|0|625|673,0|0|756|680
51da239e2fc5d489.jpg,/root/autodl-tmp/data/R-bench/validation/51da239e2fc5d489.jpg,person,keyboard,playing,played by,1,eval,non-spatial,Positive,Is the person in the image playing on the middle of the keyboard?,61|0|963|328,10|280|1014|198
c38ff84151e26deb.jpg,/root/autodl-tmp/data/R-bench/validation/c38ff84151e26deb.jpg,woman wearing black clothes,harp,playing,played by,1,eval,non-spatial,Positive,Is the woman wearing black clothes playing the harp?,72|184|512|840,420|10|604|1014
116557a2d9bc5e70.jpg,/root/autodl-tmp/data/R-bench/validation/116557a2d9bc5e70.jpg,man,tennis,playing,played by,1,eval,non-spatial,Positive,Is the man in the image playing tennis?,205|55|522|621,205|55|532|628
54d94faa73c0a680.jpg,/root/autodl-tmp/data/R-bench/validation/54d94faa73c0a680.jpg,boy,yellow ball,playing,played by,1,calib,non-spatial,Positive,Is the boy playing with the yellow ball?,492|170|153|279,502|381|51|54
402dd57d3615b9f7.jpg,/root/autodl-tmp/data/R-bench/validation/402dd57d3615b9f7.jpg,person,harp,playing,played by,1,calib,non-spatial,Positive,Is the person in the image playing a harp?,0|379|550|440,0|10|679|1014
ac8cd22259045ec4.jpg,/root/autodl-tmp/data/R-bench/validation/ac8cd22259045ec4.jpg,people,cafe,eating,eaten by,1,eval,non-spatial,Positive,Are there people eating at the cafe?,276|317|72|209,0|7|1024|667
ce05c78f65ee8ade.jpg,/root/autodl-tmp/data/R-bench/validation/ce05c78f65ee8ade.jpg,jaguar,plants,eating,eaten by,0,calib,non-spatial,Opposite,Is the jaguar eating plants in a field?,205|269|287|197,471|11|553|532
91ec1c47d9908244.jpg,/root/autodl-tmp/data/R-bench/validation/91ec1c47d9908244.jpg,squirrel,berries,eating,eaten by,1,eval,non-spatial,Positive,Is the squirrel eating berries?,314|163|710|605,369|207|41|46
a83d31d69e28914b.jpg,/root/autodl-tmp/data/R-bench/validation/a83d31d69e28914b.jpg,woman,pastry,eating,eaten by,0,calib,non-spatial,Opposite,Does the woman in the image eat pastry?,410|0|522|240,61|357|361|254
06f6ec0edb1818e2.jpg,/root/autodl-tmp/data/R-bench/validation/06f6ec0edb1818e2.jpg,giraffe,grass,eating,eaten by,1,eval,non-spatial,Positive,Is the giraffe in the image eating grass?,20|54|707|576,0|169|1024|599
6b93600bf7b77a49.jpg,/root/autodl-tmp/data/R-bench/validation/6b93600bf7b77a49.jpg,deer,background,eating,eaten by,0,calib,non-spatial,Opposite,Is the deer eating in the background?,0|207|481|500,0|207|481|500
571db87ed7eadabb.jpg,/root/autodl-tmp/data/R-bench/validation/571db87ed7eadabb.jpg,rhinoceros,grass,eating,eaten by,1,calib,non-spatial,Opposite,Is the rhinoceros eating grass?,278|117|618|590,0|269|1024|499
d8719e9ba942ab84.jpg,/root/autodl-tmp/data/R-bench/validation/d8719e9ba942ab84.jpg,giraffe,green leaves,eating,eaten by,0,calib,non-spatial,Opposite,Is the giraffe in the image eating green leaves alone in the forest?,266|169|502|545,256|169|512|545
4dd5c9237289e31a.jpg,/root/autodl-tmp/data/R-bench/validation/4dd5c9237289e31a.jpg,panda,bamboo,eating,eaten by,1,calib,non-spatial,Positive,Is the panda in the image eating bamboo?,51|14|533|669,389|232|277|123
9cb82597259fc7fa.jpg,/root/autodl-tmp/data/R-bench/validation/9cb82597259fc7fa.jpg,tapir,grass,eating,eaten by,0,eval,non-spatial,Opposite,Is the tapir in the image eating grass?,164|246|573|484,809|445|215|323
e2d6553151f7231b.jpg,/root/autodl-tmp/data/R-bench/validation/e2d6553151f7231b.jpg,people,food truck,eating,eaten by,1,calib,non-spatial,Opposite,Are there people eating outside the food truck?,113|239|102|328,102|55|912|601
2cff2da279756f7a.jpg,/root/autodl-tmp/data/R-bench/validation/2cff2da279756f7a.jpg,dragonfly,green leaf,eating,eaten by,0,eval,non-spatial,Opposite,Is the dragonfly eating the green leaf?,328|72|604|911,328|72|604|911
2647aeeff6ef00be.jpg,/root/autodl-tmp/data/R-bench/validation/2647aeeff6ef00be.jpg,giraffe,grass,eating,eaten by,1,eval,non-spatial,Positive,Is the giraffe bending its neck to eat the grass?,0|61|891|554,0|61|891|554
60d266d03b2ea416.jpg,/root/autodl-tmp/data/R-bench/validation/60d266d03b2ea416.jpg,people,table,eating,eaten by,0,calib,non-spatial,Opposite,Are the people in the image eating at a table?,430|179|164|397,133|230|307|208
d8719e9ba942ab84.jpg,/root/autodl-tmp/data/R-bench/validation/d8719e9ba942ab84.jpg,giraffe,small tree,eating,eaten by,1,calib,non-spatial,Positive,Is the giraffe in the image eating from a small tree?,266|169|502|538,266|169|502|545
f1b2711ca0e0729a.jpg,/root/autodl-tmp/data/R-bench/validation/f1b2711ca0e0729a.jpg,boy,food,eating,eaten by,1,eval,non-spatial,Positive,Is the boy eating food?,61|768|215|61,164|748|317|266
6a6881aefff9ad58.jpg,/root/autodl-tmp/data/R-bench/validation/6a6881aefff9ad58.jpg,man,food,eating,eaten by,1,eval,non-spatial,Positive,Does the man eat the food with the chopsticks?,276|41|492|505,410|273|61|69
241fa3a6aabc7381.jpg,/root/autodl-tmp/data/R-bench/validation/241fa3a6aabc7381.jpg,sea lion,water,swimming,,1,calib,non-spatial,Positive,Is the sea lion swimming in the water?,0|176|870|374,512|6|502|544
d72dd8e6f1493ac1.jpg,/root/autodl-tmp/data/R-bench/validation/d72dd8e6f1493ac1.jpg,shark,another shark,swimming,,0,eval,non-spatial,Opposite,Is the shark swimming near another shark in the image?,0|8|983|752,0|8|983|752
c9a9c94c00eaf042.jpg,/root/autodl-tmp/data/R-bench/validation/c9a9c94c00eaf042.jpg,fish,coral,swimming,,1,eval,non-spatial,Positive,Is the fish swimming near the coral?,157|610|312|123,0|8|1024|760
626a3711b885a310.jpg,/root/autodl-tmp/data/R-bench/validation/626a3711b885a310.jpg,woman,marked lane,swimming,,1,calib,non-spatial,Positive,Does the woman in the image swim in a marked lane?,154|260|870|170,0|198|1024|178
0a72fef43a51c479.jpg,/root/autodl-tmp/data/R-bench/validation/0a72fef43a51c479.jpg,dolphin,blue water,swimming,,1,eval,non-spatial,Positive,Is the dolphin swimming in the blue water?,0|123|727|543,0|10|1024|1014
c59a5b26c1404980.jpg,/root/autodl-tmp/data/R-bench/validation/c59a5b26c1404980.jpg,goldfish,pond,swimming,,1,eval,non-spatial,Positive,Is the goldfish swimming in the pond?,312|429|382|104,0|31|1024|714
34ad56315c274a21.jpg,/root/autodl-tmp/data/R-bench/validation/34ad56315c274a21.jpg,duck,water,swimming,,1,calib,non-spatial,Positive,Is the duck swimming in the water?,317|223|298|361,0|0|992|768
ef7032c808636ca7.jpg,/root/autodl-tmp/data/R-bench/validation/ef7032c808636ca7.jpg,shark,water,swimming,,1,calib,non-spatial,Positive,Is the shark in the image swimming in the water?,92|102|932|592,0|7|1024|723
9911e7a3eb6a5288.jpg,/root/autodl-tmp/data/R-bench/validation/9911e7a3eb6a5288.jpg,yellow jellyfish,deep ocean,swimming,,1,calib,non-spatial,Positive,Is the yellow jellyfish swimming through the deep ocean?,225|172|738|483,0|0|1024|819
7d1c8d4cd681a22e.jpg,/root/autodl-tmp/data/R-bench/validation/7d1c8d4cd681a22e.jpg,seahorse,water,swimming,,1,calib,non-spatial,Positive,Is the seahorse swimming in the water?,102|154|543|522,0|445|1024|323
7d0ae9c754aa907f.jpg,/root/autodl-tmp/data/R-bench/validation/7d0ae9c754aa907f.jpg,dolphin,ocean water,swimming,,1,eval,non-spatial,Positive,Is the dolphin swimming alone in the ocean water?,225|197|451|218,0|0|1024|680
68ce06b52564fa0e.jpg,/root/autodl-tmp/data/R-bench/validation/68ce06b52564fa0e.jpg,harbor seal,water,swimming,,1,eval,non-spatial,Positive,Is the harbor seal swimming in the water?,244|175|506|218,0|7|1024|671
40adb7cb1e71790f.jpg,/root/autodl-tmp/data/R-bench/validation/40adb7cb1e71790f.jpg,dolphin,water,swimming,,1,eval,non-spatial,Positive,Is the dolphin swimming in the water?,215|246|614|198,10|0|1004|669
d72dd8e6f1493ac1.jpg,/root/autodl-tmp/data/R-bench/validation/d72dd8e6f1493ac1.jpg,shark,water,swimming,,1,eval,non-spatial,Positive,Is the shark swimming in the water?,0|100|983|660,0|8|983|752
1d6787c750b6a6b1.jpg,/root/autodl-tmp/data/R-bench/validation/1d6787c750b6a6b1.jpg,whale shark,other fish,swimming,,1,eval,non-spatial,Positive,Is the whale shark swimming with the other fish?,297|96|491|437,205|239|82|68
7e56e4983ad94787.jpg,/root/autodl-tmp/data/R-bench/validation/7e56e4983ad94787.jpg,jellyfish,underwater,swimming,,1,eval,non-spatial,Positive,Is there a jellyfish swimming underwater in the image?,696|232|308|299,0|0|1024|681
c03e2829c1f8e983.jpg,/root/autodl-tmp/data/R-bench/validation/c03e2829c1f8e983.jpg,man,rocket,looking at,looked at by,1,calib,non-spatial,Positive,Is the man in the image looking at the rocket?,614|686|70|184,154|51|422|871
15e2134bf1363429.jpg,/root/autodl-tmp/data/R-bench/validation/15e2134bf1363429.jpg,person,books on the shelf,looking at,looked at by,0,calib,non-spatial,Opposite,Is the person in the image looking at books on the shelf?,430|232|143|451,0|0|471|683
6b93600bf7b77a49.jpg,/root/autodl-tmp/data/R-bench/validation/6b93600bf7b77a49.jpg,ostrich,camera,looking at,looked at by,1,calib,non-spatial,Positive,Is the ostrich looking at the camera?,573|169|297|599,573|169|297|599
3a0b72a274530636.jpg,/root/autodl-tmp/data/R-bench/validation/3a0b72a274530636.jpg,man,flower on the floor,looking at,looked at by,0,eval,non-spatial,Opposite,Is the man in the wheelchair looking at the flower on the floor?,113|35|338|450,645|215|103|152
3f4d12195722201c.jpg,/root/autodl-tmp/data/R-bench/validation/3f4d12195722201c.jpg,man,wood burning stove,looking at,looked at by,1,calib,non-spatial,Positive,Is the man in the image looking at the wood burning stove?,0|0|420|681,174|7|850|674
d8fee8d5c89796ef.jpg,/root/autodl-tmp/data/R-bench/validation/d8fee8d5c89796ef.jpg,man,green car,looking at,looked at by,0,eval,non-spatial,Positive,Is the man in the image looking at the green car?,154|84|122|185,0|54|1014|714
601bcc8207662a15.jpg,/root/autodl-tmp/data/R-bench/validation/601bcc8207662a15.jpg,people,fish at the market,looking at,looked at by,1,calib,non-spatial,Positive,Are there people looking at the fish at the market?,348|0|225|223,297|330|348|261
c5f1de5718e6342b.jpg,/root/autodl-tmp/data/R-bench/validation/c5f1de5718e6342b.jpg,man,white sports car,looking at,looked at by,0,eval,non-spatial,Opposite,Is the man in the image looking at the white sports car?,266|150|103|164,82|137|942|546
6eb70509fcd7d06b.jpg,/root/autodl-tmp/data/R-bench/validation/6eb70509fcd7d06b.jpg,chicken,egg,looking at,looked at by,1,eval,non-spatial,Positive,Is the chicken looking at the egg?,166|141|471|483,748|389|71|55
6e9dcdbee43b0346.jpg,/root/autodl-tmp/data/R-bench/validation/6e9dcdbee43b0346.jpg,person,book,looking at,looked at by,0,calib,non-spatial,Positive,Is the person looking at a book?,236|353|235|307,461|215|512|499
d790aadf45f34031.jpg,/root/autodl-tmp/data/R-bench/validation/d790aadf45f34031.jpg,boy,menu,looking at,looked at by,1,calib,non-spatial,Opposite,Is the boy looking at the menu?,543|256|481|707,0|727|614|287
5df386da132b567b.jpg,/root/autodl-tmp/data/R-bench/validation/5df386da132b567b.jpg,girl in the bike helmet,woman with the red backpack,looking at,looked at by,1,calib,non-spatial,Positive,Is the girl in the bike helmet looking at the woman with the red backpack?,461|100|522|668,0|253|236|415
eb8a27e1fc9506a0.jpg,/root/autodl-tmp/data/R-bench/validation/eb8a27e1fc9506a0.jpg,police officers,antique black car,looking at,looked at by,1,eval,non-spatial,Opposite,Are the police officers looking at the antique black car?,881|171|133|334,102|123|738|560
f6348d5f1f9494b4.jpg,/root/autodl-tmp/data/R-bench/validation/f6348d5f1f9494b4.jpg,man,blue antique car,looking at,looked at by,1,eval,non-spatial,Positive,Is the man in the image looking at the blue antique car?,788|0|134|355,31|109|839|540
df754b5d85cef4f2.jpg,/root/autodl-tmp/data/R-bench/validation/df754b5d85cef4f2.jpg,person,car,driving,,1,eval,non-spatial,Positive,Is the person in the image driving the car?,440|171|318|410,10|20|1014|656
9c7e9f0b7713352b.jpg,/root/autodl-tmp/data/R-bench/validation/9c7e9f0b7713352b.jpg,truck,bus,driving,,0,calib,non-spatial,Opposite,Does the truck drive behind the bus?,389|355|123|109,328|307|153|137
a30d03e30dca89ea.jpg,/root/autodl-tmp/data/R-bench/validation/a30d03e30dca89ea.jpg,man,pickup truck,driving,,1,calib,non-spatial,Positive,Is the man driving the pickup truck?,625|269|61|54,266|223|666|376
8b3cbd186fbe298e.jpg,/root/autodl-tmp/data/R-bench/validation/8b3cbd186fbe298e.jpg,woman,tractor,driving,,0,calib,non-spatial,Opposite,Is the woman in the image driving the tractor?,10|75|205|376,0|191|1024|465
91e377ce5737895e.jpg,/root/autodl-tmp/data/R-bench/validation/91e377ce5737895e.jpg,man,riding lawnmower,driving,,1,calib,non-spatial,Positive,Is the man in the image driving the riding lawnmower?,113|115|358|499,0|330|522|438
64430a732bf65089.jpg,/root/autodl-tmp/data/R-bench/validation/64430a732bf65089.jpg,man,jeep,driving,,1,eval,non-spatial,Positive,Is the man driving the jeep?,563|46|154|207,133|23|748|599
78916540e81a1c6c.jpg,/root/autodl-tmp/data/R-bench/validation/78916540e81a1c6c.jpg,man,horse and carriage,driving,,1,eval,non-spatial,Positive,Is the man driving the horse and carriage?,358|48|154|190,420|163|246|483
0e50ea14c4fc1353.jpg,/root/autodl-tmp/data/R-bench/validation/0e50ea14c4fc1353.jpg,man,car,driving,,1,eval,non-spatial,Positive,Is there a man driving a car in the image?,461|150|143|103,113|96|768|471
044a3e7c7b006202.jpg,/root/autodl-tmp/data/R-bench/validation/044a3e7c7b006202.jpg,tank,street,driving,,1,eval,non-spatial,Positive,Is the tank in the image driving down the street?,28|120|782|786,0|645|1024|379
37d1a85b903eb8c7.jpg,/root/autodl-tmp/data/R-bench/validation/37d1a85b903eb8c7.jpg,person,go-cart,driving,,1,eval,non-spatial,Opposite,Is the person in the image driving a go-cart?,256|41|573|519,51|294|912|362
cf92d0c26b461d85.jpg,/root/autodl-tmp/data/R-bench/validation/cf92d0c26b461d85.jpg,man,tractor,driving,,1,calib,non-spatial,Positive,Is the man driving the tractor in the image?,256|135|154|183,0|86|717|355
85ddb7e0f60156a3.jpg,/root/autodl-tmp/data/R-bench/validation/85ddb7e0f60156a3.jpg,woman,car,driving,,1,eval,non-spatial,Positive,Is the woman driving the car?,0|0|440|678,0|0|1024|678
6bc56f8366132974.jpg,/root/autodl-tmp/data/R-bench/validation/6bc56f8366132974.jpg,pineapple,lemon,interacting with,interacted with by,1,eval,non-spatial,Opposite,Does the pineapple in the image interact with the lemon?,351|0|572|932,628|737|249|256
987f07dd15401231.jpg,/root/autodl-tmp/data/R-bench/validation/987f07dd15401231.jpg,person,trees,interacting with,interacted with by,0,eval,non-spatial,Opposite,Is the person swimming in the pool interacting with the trees?,604|502|144|35,205|17|246|404
19682f51b9c5e5d5.jpg,/root/autodl-tmp/data/R-bench/validation/19682f51b9c5e5d5.jpg,goat,rocks,interacting with,interacted with by,0,calib,non-spatial,Opposite,Is the goat interacting with the rocks on the hillside?,328|178|399|368,123|20|92|82
775ac6a03dbec98c.jpg,/root/autodl-tmp/data/R-bench/validation/775ac6a03dbec98c.jpg,people,fancy grey car,interacting with,interacted with by,0,calib,non-spatial,Opposite,Do the people on the sidewalk interact with the fancy grey car?,297|92|82|115,61|0|963|684
1518f0d086ee12a0.jpg,/root/autodl-tmp/data/R-bench/validation/1518f0d086ee12a0.jpg,canadian flag,tree,interacting with,interacted with by,0,eval,non-spatial,Opposite,Is the Canadian flag interacting with the tree?,358|110|482|349,82|486|584|199
be02ff4211196dce.jpg,/root/autodl-tmp/data/R-bench/validation/be02ff4211196dce.jpg,matte black fan,black suv,interacting with,interacted with by,0,calib,non-spatial,Opposite,Is the matte black fan interacting with the black SUV?,215|46|676|518,215|46|666|513
2d6a5ad44a5b0a4d.jpg,/root/autodl-tmp/data/R-bench/validation/2d6a5ad44a5b0a4d.jpg,cannons,eiffel tower,interacting with,interacted with by,0,eval,non-spatial,Opposite,Do the cannons in the image interact with the Eiffel Tower?,0|468|1024|254,707|15|143|523
3f4f9e6257355eea.jpg,/root/autodl-tmp/data/R-bench/validation/3f4f9e6257355eea.jpg,brown cowboy hat,dark-colored area,interacting with,interacted with by,0,calib,non-spatial,Opposite,Is the brown cowboy hat interacting with the dark-colored area?,102|15|840|738,102|15|840|738
d2e270714f830a69.jpg,/root/autodl-tmp/data/R-bench/validation/d2e270714f830a69.jpg,cell phone,coffee cup,interacting with,interacted with by,0,eval,non-spatial,Opposite,Does the cell phone interact with the coffee cup?,332|87|392|462,332|87|392|462
ea1d27e168a16bcd.jpg,/root/autodl-tmp/data/R-bench/validation/ea1d27e168a16bcd.jpg,woman wearing polka dots,person holding a google,interacting with,interacted with by,0,eval,non-spatial,Random,Is the woman wearing polka dots interacting with the person holding a Google?,410|736|368|266,10|153|1014|859
6ed3e3ebe9a5fde5.jpg,/root/autodl-tmp/data/R-bench/validation/6ed3e3ebe9a5fde5.jpg,woman,monitor,watching,watched by,1,calib,non-spatial,Positive,Is the woman in the image watching something on the monitor?,162|206|356|447,389|307|92|69
ec724ef6386c46fd.jpg,/root/autodl-tmp/data/R-bench/validation/ec724ef6386c46fd.jpg,police officer,man adjusting the bike,watching,watched by,0,eval,non-spatial,Opposite,Is the police officer watching the man adjusting the bike?,14|61|245|748,320|72|361|952
9aea7f9fcea795d1.jpg,/root/autodl-tmp/data/R-bench/validation/9aea7f9fcea795d1.jpg,people,small bridge,watching,watched by,1,eval,non-spatial,Positive,Are there people watching the woman cross the small bridge?,440|355|123|286,92|246|676|436
0b1fbd3ba02701cd.jpg,/root/autodl-tmp/data/R-bench/validation/0b1fbd3ba02701cd.jpg,people,dancers,watching,watched by,0,calib,non-spatial,Opposite,Are the people in the image watching the dancers?,82|88|328|592,758|211|266|435
751093209b03118e.jpg,/root/autodl-tmp/data/R-bench/validation/751093209b03118e.jpg,spectators,fencers,watching,watched by,1,eval,non-spatial,Opposite,Are the spectators watching the fencers?,788|226|113|212,512|0|399|593
4ece4336cb293790.jpg,/root/autodl-tmp/data/R-bench/validation/4ece4336cb293790.jpg,man,billiard balls,watching,watched by,1,eval,non-spatial,Positive,Does the man in the image watch the billiard balls?,758|51|235|379,389|543|307|307
9cb82597259fc7fa.jpg,/root/autodl-tmp/data/R-bench/validation/9cb82597259fc7fa.jpg,woman,animal,watching,watched by,1,eval,non-spatial,Positive,Is the woman in the image watching the animal?,707|276|102|169,164|253|573|477
58798929a694cd43.jpg,/root/autodl-tmp/data/R-bench/validation/58798929a694cd43.jpg,man,blue martini,drinking,drunk by,1,calib,non-spatial,Opposite,Is the man in the image drinking a blue martini?,154|0|870|682,123|198|307|470
3332995b230f5680.jpg,/root/autodl-tmp/data/R-bench/validation/3332995b230f5680.jpg,woman,icee,drinking,drunk by,0,eval,non-spatial,Opposite,Is the woman in the image drinking an Icee?,573|307|164|338,276|20|584|1004
240290e2f775af42.jpg,/root/autodl-tmp/data/R-bench/validation/240290e2f775af42.jpg,person,juice,drinking,drunk by,1,calib,non-spatial,Positive,Is the person in the image drinking juice?,10|7|1014|666,236|415|225|251
976649e55a61ced7.jpg,/root/autodl-tmp/data/R-bench/validation/976649e55a61ced7.jpg,person,one of the cups of coffee,drinking,drunk by,0,calib,non-spatial,Opposite,Is the person in the background drinking one of the cups of coffee?,317|102|441|510,328|238|430|367
141419f93246899e.jpg,/root/autodl-tmp/data/R-bench/validation/141419f93246899e.jpg,girl,water,drinking,drunk by,1,eval,non-spatial,Positive,Is the girl drinking water in the image?,256|314|225|335,399|355|31|41
cf234869c1b3211a.jpg,/root/autodl-tmp/data/R-bench/validation/cf234869c1b3211a.jpg,man,beverage,drinking,drunk by,1,eval,non-spatial,Positive,Is the man in the image drinking a beverage?,256|238|543|215,256|253|133|123
8617694c95033edf.jpg,/root/autodl-tmp/data/R-bench/validation/8617694c95033edf.jpg,horse,wood,carrying,carried by,1,eval,non-spatial,Opposite,Is the horse in the image carrying wood?,183|210|581|466,92|7|676|376
9aef214668a40012.jpg,/root/autodl-tmp/data/R-bench/validation/9aef214668a40012.jpg,bird,snake,carrying,carried by,1,calib,non-spatial,Positive,Is the bird in the image carrying a snake?,164|20|840|973,174|522|205|226
6c1175970fef91b1.jpg,/root/autodl-tmp/data/R-bench/validation/6c1175970fef91b1.jpg,truck,kayak,carrying,carried by,1,calib,non-spatial,Positive,Is the truck on the image carrying a kayak?,174|177|850|583,590|32|333|171
cd96d08a348989b7.jpg,/root/autodl-tmp/data/R-bench/validation/cd96d08a348989b7.jpg,fox,animal,carrying,carried by,1,eval,non-spatial,Positive,Is the fox carrying the animal in its mouth?,411|102|499|477,379|298|215|299
c020aa3c539efe6f.jpg,/root/autodl-tmp/data/R-bench/validation/c020aa3c539efe6f.jpg,man,power drill,using,used by,1,eval,non-spatial,Opposite,Does the man in the image use a power drill on a piece of wood?,41|34|287|649,236|273|122|144
43d3e75d8266c4b6.jpg,/root/autodl-tmp/data/R-bench/validation/43d3e75d8266c4b6.jpg,woman,camera,using,used by,1,calib,non-spatial,Positive,Is the woman in the image using the camera to take a picture of her face?,0|0|1024|768,225|261|553|307
9d42af30c97b8e32.jpg,/root/autodl-tmp/data/R-bench/validation/9d42af30c97b8e32.jpg,woman,laptop,using,used by,1,eval,non-spatial,Positive,Is the woman using a laptop on a table in front of her?,225|138|420|615,430|338|195|138
333452abf04d1b2b.jpg,/root/autodl-tmp/data/R-bench/validation/333452abf04d1b2b.jpg,girl,book,reading,read by,1,calib,non-spatial,Positive,Is the girl in the image reading a book?,266|200|410|484,266|407|379|315
e823885c5fe5400a.jpg,/root/autodl-tmp/data/R-bench/validation/e823885c5fe5400a.jpg,woman,book,reading,read by,1,calib,non-spatial,Positive,Is the woman in the image reading a book?,0|15|891|532,0|410|707|282
6280218c3acff468.jpg,/root/autodl-tmp/data/R-bench/validation/6280218c3acff468.jpg,knife,cantaloupe,next to,next to,1,eval,spatial,Positive,Is the knife laying next to the cantaloupe that's cut in half?,61|477|932|133,481|63|420|428
3264cb227a07af3f.jpg,/root/autodl-tmp/data/R-bench/validation/3264cb227a07af3f.jpg,man,skateboard,next to,next to,0,eval,spatial,Opposite,Does the man in the image stand next to his skateboard?,215|146|809|445,96|464|797|168
ab5671e8a5e8979d.jpg,/root/autodl-tmp/data/R-bench/validation/ab5671e8a5e8979d.jpg,man,cello,next to,next to,1,eval,spatial,Opposite,Is the man in the image standing next to the cello?,51|0|625|683,317|0|543|683
0032257bf3cd56d0.jpg,/root/autodl-tmp/data/R-bench/validation/0032257bf3cd56d0.jpg,elephant,tree,next to,next to,0,eval,spatial,Opposite,Is the elephant standing next to a tree?,123|138|850|622,0|269|164|261
41daff74d5f52e69.jpg,/root/autodl-tmp/data/R-bench/validation/41daff74d5f52e69.jpg,white sports car,red car,next to,next to,1,calib,spatial,Positive,Is the white sports car parked next to a red car?,41|190|932|400,0|197|348|223
7466e622ed878695.jpg,/root/autodl-tmp/data/R-bench/validation/7466e622ed878695.jpg,deer,rocks,next to,next to,0,eval,spatial,Opposite,Is the deer standing next to the rocks?,92|150|656|498,451|552|122|69
81b9fa22daadac52.jpg,/root/autodl-tmp/data/R-bench/validation/81b9fa22daadac52.jpg,man,truck,next to,next to,1,eval,spatial,Positive,Is the man in the image standing next to his truck?,307|200|246|530,31|138|952|592
0fbd1b85fc01d2ae.jpg,/root/autodl-tmp/data/R-bench/validation/0fbd1b85fc01d2ae.jpg,white van,blue station wagon,next to,next to,0,calib,spatial,Opposite,Is the white van parked next to the blue station wagon?,51|178|922|369,51|178|922|369
f470e767bb1f5070.jpg,/root/autodl-tmp/data/R-bench/validation/f470e767bb1f5070.jpg,man,car,next to,next to,1,eval,spatial,Opposite,Is the man in the image kneeling next to the car?,20|422|185|157,225|34|625|606
cf5c3c91e3591b4e.jpg,/root/autodl-tmp/data/R-bench/validation/cf5c3c91e3591b4e.jpg,pen,calculator,next to,next to,0,eval,spatial,Opposite,Is the pen not next to the calculator?,520|378|45|416,68|174|413|652
b3c1dc254d821440.jpg,/root/autodl-tmp/data/R-bench/validation/b3c1dc254d821440.jpg,teapot,yellow cup,next to,next to,1,eval,spatial,Positive,Is the teapot next to the yellow cup?,184|84|430|469,440|392|359|276
35299cbbddd32ec4.jpg,/root/autodl-tmp/data/R-bench/validation/35299cbbddd32ec4.jpg,man wearing a brown hat,old man with glasses,next to,next to,0,eval,spatial,Opposite,Is the man wearing a brown hat standing next to the old man with glasses?,573|174|379|698,573|174|379|698
42912153cba51c7e.jpg,/root/autodl-tmp/data/R-bench/validation/42912153cba51c7e.jpg,pretzel,black mouse,next to,next to,1,eval,spatial,Positive,Is the pretzel in the image next to a black mouse?,266|164|471|444,0|423|154|260
2117bc938d9d9ea4.jpg,/root/autodl-tmp/data/R-bench/validation/2117bc938d9d9ea4.jpg,woman,person wearing headphones,next to,next to,0,eval,spatial,Opposite,Is the woman standing next to the person wearing headphones?,440|0|584|753,348|415|440|353
59a9abf74e5b31a3.jpg,/root/autodl-tmp/data/R-bench/validation/59a9abf74e5b31a3.jpg,red car,train,next to,next to,1,eval,spatial,Positive,Is the red car parked next to the train?,573|594|226|51,72|317|952|338
07d49ad2075e876b.jpg,/root/autodl-tmp/data/R-bench/validation/07d49ad2075e876b.jpg,silver car,dark colored sporty car,next to,next to,0,calib,spatial,Opposite,Is the silver car parked next to the dark colored sporty car?,604|77|348|169,0|169|1014|562
75b0b8cd08840f4e.jpg,/root/autodl-tmp/data/R-bench/validation/75b0b8cd08840f4e.jpg,man,tripod,next to,next to,1,calib,spatial,Positive,Is the man in the image standing next to a tripod?,169|338|376|471,384|410|338|430
ed6fd1df89836efe.jpg,/root/autodl-tmp/data/R-bench/validation/ed6fd1df89836efe.jpg,black ibm mouse,sunglasses,next to,next to,0,eval,spatial,Opposite,Is the black IBM mouse sitting next to the sunglasses?,475|171|504|543,164|31|543|353
31d7a828a6eb7961.jpg,/root/autodl-tmp/data/R-bench/validation/31d7a828a6eb7961.jpg,sandwich,red drink,next to,next to,1,eval,spatial,Positive,Is the sandwich on the plate next to the red drink?,92|223|768|507,0|0|347|370
f76db3cc93c41727.jpg,/root/autodl-tmp/data/R-bench/validation/f76db3cc93c41727.jpg,tank,another military vehicle,next to,next to,0,eval,spatial,Opposite,Is the tank parked next to another military vehicle?,0|46|840|722,0|46|840|722
6f3cf53ed1cf0b8c.jpg,/root/autodl-tmp/data/R-bench/validation/6f3cf53ed1cf0b8c.jpg,flowerpot,bench,next to,next to,1,eval,spatial,Positive,Is the flowerpot next to the bench?,553|309|471|373,0|0|717|675
5063ad3b52a8e931.jpg,/root/autodl-tmp/data/R-bench/validation/5063ad3b52a8e931.jpg,chest of drawers,sink,next to,next to,0,calib,spatial,Opposite,Is the chest of drawers next to the sink?,0|421|440|344,0|369|236|61
cf5c3c91e3591b4e.jpg,/root/autodl-tmp/data/R-bench/validation/cf5c3c91e3591b4e.jpg,calculator,pen,next to,next to,1,eval,spatial,Positive,Is the calculator next to the pen?,68|174|413|652,520|378|45|416
8e5f42f521093829.jpg,/root/autodl-tmp/data/R-bench/validation/8e5f42f521093829.jpg,man,boat,next to,next to,0,calib,spatial,Opposite,Is the man in the image standing next to the boat?,584|212|184|184,451|335|440|232
758cb6bee81ec9f8.jpg,/root/autodl-tmp/data/R-bench/validation/758cb6bee81ec9f8.jpg,man,white car,next to,next to,1,eval,spatial,Opposite,Is the man standing next to a white car?,164|207|153|553,20|215|1004|553
1726e7e42ad92ec2.jpg,/root/autodl-tmp/data/R-bench/validation/1726e7e42ad92ec2.jpg,goose,fence,next to,next to,0,eval,spatial,Positive,Is the goose on the ground next to the fence?,317|116|410|560,471|232|553|185
e3847c796a5943b4.jpg,/root/autodl-tmp/data/R-bench/validation/e3847c796a5943b4.jpg,coffee mug,coffee pot,next to,next to,1,eval,spatial,Positive,Is the coffee mug positioned next to the coffee pot?,82|328|338|287,410|61|542|588
8b8cba7b7f09e54f.jpg,/root/autodl-tmp/data/R-bench/validation/8b8cba7b7f09e54f.jpg,car,red building,next to,next to,0,eval,spatial,Opposite,Is the car parked next to the red building?,0|123|1024|614,0|123|1024|614
28da05e683e2c667.jpg,/root/autodl-tmp/data/R-bench/validation/28da05e683e2c667.jpg,man,white mercedes coupe,next to,next to,1,calib,spatial,Positive,Is the man standing next to the white Mercedes coupe?,266|52|82|173,41|81|983|483
8eb32c27fcb2dd3e.jpg,/root/autodl-tmp/data/R-bench/validation/8eb32c27fcb2dd3e.jpg,square garden,stairs,next to,next to,0,eval,spatial,Opposite,Is the square garden next to the stairs?,10|102|1014|576,0|0|205|149
5154dcba9b9dfe0b.jpg,/root/autodl-tmp/data/R-bench/validation/5154dcba9b9dfe0b.jpg,wheel labeled px 100,purple cover with a dial on it,next to,next to,1,eval,spatial,Positive,Is the wheel labeled PX 100 next to the purple cover with a dial on it?,82|115|594|555,0|0|1024|528
1ead457c867be1cd.jpg,/root/autodl-tmp/data/R-bench/validation/1ead457c867be1cd.jpg,couch,dining table,next to,next to,0,eval,spatial,Opposite,Is the couch next to the dining table?,0|325|505|353,471|306|246|123
6f11f23cea22966f.jpg,/root/autodl-tmp/data/R-bench/validation/6f11f23cea22966f.jpg,child,woman,next to,next to,1,eval,spatial,Opposite,Is the child standing next to the woman?,584|284|379|484,215|15|389|753
0969a95b841b224a.jpg,/root/autodl-tmp/data/R-bench/validation/0969a95b841b224a.jpg,dead lizard,stick,next to,next to,0,calib,spatial,Opposite,Is the dead lizard in the image next to a stick?,174|223|850|276,174|223|850|276
ee15c590a266405e.jpg,/root/autodl-tmp/data/R-bench/validation/ee15c590a266405e.jpg,chair,tent,next to,next to,1,eval,spatial,Positive,Is there a person sitting on a chair next to a tent?,389|615|266|373,236|514|307|212
e742e284c7c9da96.jpg,/root/autodl-tmp/data/R-bench/validation/e742e284c7c9da96.jpg,car,another car,next to,next to,0,eval,spatial,Opposite,Is the car parked next to another car?,72|100|921|522,72|100|921|522
e81ee8a63c322e4d.jpg,/root/autodl-tmp/data/R-bench/validation/e81ee8a63c322e4d.jpg,toy lizard,card,next to,next to,1,eval,spatial,Positive,Is the toy lizard standing next to a card with writing describing its origins?,143|399|523|212,0|628|614|203
092d60e0e87ee582.jpg,/root/autodl-tmp/data/R-bench/validation/092d60e0e87ee582.jpg,man,black car,next to,next to,0,eval,spatial,Opposite,Is the man standing next to the black car?,891|293|82|156,41|245|840|361
98f0adafbc43f18e.jpg,/root/autodl-tmp/data/R-bench/validation/98f0adafbc43f18e.jpg,printer,shelves,next to,next to,1,eval,spatial,Opposite,Is the printer next to the shelves?,2|80|965|602,829|0|195|668
af8fe8f491807b09.jpg,/root/autodl-tmp/data/R-bench/validation/af8fe8f491807b09.jpg,man,grill,next to,next to,1,eval,spatial,Opposite,Is the man in the image standing next to the grill?,645|27|379|634,10|470|1004|211
c8ec249003aee91b.jpg,/root/autodl-tmp/data/R-bench/validation/c8ec249003aee91b.jpg,blue jeep,old army jeep,next to,next to,1,eval,spatial,Positive,Is the blue jeep parked next to the old Army jeep?,20|163|717|408,20|136|994|442
80cdec2f07849ce7.jpg,/root/autodl-tmp/data/R-bench/validation/80cdec2f07849ce7.jpg,bull,gate,next to,next to,1,eval,spatial,Opposite,Is the bull standing next to the gate in the image?,440|392|185|222,0|230|1024|346
b44ce9eaaa46bfcd.jpg,/root/autodl-tmp/data/R-bench/validation/b44ce9eaaa46bfcd.jpg,girl,car,next to,next to,1,calib,spatial,Positive,Is the girl standing next to the car?,829|0|103|284,113|23|778|584
fc2ba9aed11db580.jpg,/root/autodl-tmp/data/R-bench/validation/fc2ba9aed11db580.jpg,man,poster,next to,next to,1,eval,spatial,Opposite,Is the man in the image standing next to the poster?,215|10|522|1004,102|154|748|583
1b4dc1c0cc436c11.jpg,/root/autodl-tmp/data/R-bench/validation/1b4dc1c0cc436c11.jpg,man,gray sports car,next to,next to,1,eval,spatial,Positive,Is the man in the image standing next to a gray sports car?,645|0|154|249,41|85|911|512
9509c75655318762.jpg,/root/autodl-tmp/data/R-bench/validation/9509c75655318762.jpg,girl,platter of food,next to,next to,1,calib,spatial,Opposite,Is the girl in the image posing next to a platter of food on the counter?,563|100|461|668,174|399|430|261
720bb6cc50390263.jpg,/root/autodl-tmp/data/R-bench/validation/720bb6cc50390263.jpg,billiard table,fireplace,next to,next to,1,calib,spatial,Opposite,Is the billiard table next to the fireplace?,348|353|676|407,461|238|235|115
70193f7825e12c5c.jpg,/root/autodl-tmp/data/R-bench/validation/70193f7825e12c5c.jpg,teapot,bowl,next to,next to,1,calib,spatial,Positive,Is the teapot sitting next to the bowl?,213|288|408|641,0|512|396|287
1d7929b66a611ea8.jpg,/root/autodl-tmp/data/R-bench/validation/1d7929b66a611ea8.jpg,coffee pot,white mug,next to,next to,1,calib,spatial,Positive,Is the coffee pot next to the white mug?,0|51|653|615,445|287|323|583
c753acc98a2a3304.jpg,/root/autodl-tmp/data/R-bench/validation/c753acc98a2a3304.jpg,tower,church,next to,next to,1,calib,spatial,Positive,Is the tower next to the church?,655|27|123|542,123|137|471|493
b1cae8a8600781c6.jpg,/root/autodl-tmp/data/R-bench/validation/b1cae8a8600781c6.jpg,fork,plate,next to,next to,1,eval,spatial,Positive,Is the fork next to the plate?,102|137|93|525,195|115|614|540
cf700b7b9b21abaa.jpg,/root/autodl-tmp/data/R-bench/validation/cf700b7b9b21abaa.jpg,hamburger,fries,next to,next to,1,eval,spatial,Positive,Is the hamburger on the plate next to the fries?,370|20|654|601,0|171|399|382
aed59fc1d72f575d.jpg,/root/autodl-tmp/data/R-bench/validation/aed59fc1d72f575d.jpg,red telephone booth,building,next to,next to,1,eval,spatial,Opposite,Is the red telephone booth next to a building?,543|69|297|676,0|23|307|737
5993ec2b3489bcea.jpg,/root/autodl-tmp/data/R-bench/validation/5993ec2b3489bcea.jpg,man,car,next to,next to,1,eval,spatial,Opposite,Is the man in the image next to the car?,655|7|267|365,0|59|717|586
0fbd1b85fc01d2ae.jpg,/root/autodl-tmp/data/R-bench/validation/0fbd1b85fc01d2ae.jpg,blue car,black car,next to,next to,1,calib,spatial,Positive,Is the blue car parked next to a black car?,51|178|922|369,51|178|922|369
c479beacc67d4b7d.jpg,/root/autodl-tmp/data/R-bench/validation/c479beacc67d4b7d.jpg,chair,child,next to,next to,1,eval,spatial,Positive.,Is the chair next to the child?,51|133|717|778,389|133|359|625
0fdb1c7bf5fe76f7.jpg,/root/autodl-tmp/data/R-bench/validation/0fdb1c7bf5fe76f7.jpg,table,benches,next to,next to,1,eval,spatial,Positive,Is the table next to the benches?,317|468|605|292,717|422|307|346
4af30ade5ff3deb1.jpg,/root/autodl-tmp/data/R-bench/validation/4af30ade5ff3deb1.jpg,dagger,sheath,next to,next to,1,eval,spatial,Positive,Is the dagger displayed next to its sheath in the image?,115|406|859|149,10|315|1004|138
115ca6aa3522da5a.jpg,/root/autodl-tmp/data/R-bench/validation/115ca6aa3522da5a.jpg,chair,couch,next to,next to,1,eval,spatial,Positive,Is the chair next to the couch?,168|0|600|1024,168|0|600|1024
41e2356b97f775c4.jpg,/root/autodl-tmp/data/R-bench/validation/41e2356b97f775c4.jpg,green apple,yellow pear,next to,next to,1,eval,spatial,Opposite,Is the green apple next to the yellow pear?,666|461|266|276,399|256|215|481
6bc56f8366132974.jpg,/root/autodl-tmp/data/R-bench/validation/6bc56f8366132974.jpg,pineapple,lemon,next to,next to,1,eval,spatial,Positive,Is the pineapple in the image next to a lemon?,351|0|572|932,628|737|249|256
61362bfc3e9f61c1.jpg,/root/autodl-tmp/data/R-bench/validation/61362bfc3e9f61c1.jpg,people,white food truck,next to,next to,1,eval,spatial,Positive,Are there people next to the white food truck?,338|246|102|353,0|115|1004|484
dff6f60afdd03e92.jpg,/root/autodl-tmp/data/R-bench/validation/dff6f60afdd03e92.jpg,man,red tractor,next to,next to,1,calib,spatial,Positive,Is the man standing next to the red tractor?,458|249|72|211,522|130|379|409
c20857311020868e.jpg,/root/autodl-tmp/data/R-bench/validation/c20857311020868e.jpg,drink,plate,next to,next to,1,calib,spatial,Positive,Is the drink next to the plate?,46|74|210|215,225|98|799|472
474d01057a719339.jpg,/root/autodl-tmp/data/R-bench/validation/474d01057a719339.jpg,man,red sports car,next to,next to,1,eval,spatial,Positive,Is the man in the image standing next to the red sports car?,0|291|133|460,276|375|523|268
94c99b3aea7ee041.jpg,/root/autodl-tmp/data/R-bench/validation/94c99b3aea7ee041.jpg,sign,tree and power pole,next to,next to,1,eval,spatial,Positive,Is the sign on the side of the road next to a tree and power pole?,471|338|102|138,471|330|102|146
fb6e35f4e8ad790f.jpg,/root/autodl-tmp/data/R-bench/validation/fb6e35f4e8ad790f.jpg,door,mixing bowl,next to,next to,1,calib,spatial,Positive,Is the sign on the door next to the mixing bowl?,492|0|471|1024,256|737|143|82
fcd47d0c9ef61e14.jpg,/root/autodl-tmp/data/R-bench/validation/fcd47d0c9ef61e14.jpg,red bag,bread,next to,next to,1,eval,spatial,Opposite,Is the red bag next to the bread?,0|0|696|269,10|215|942|430
e6697a9f8ec12c82.jpg,/root/autodl-tmp/data/R-bench/validation/e6697a9f8ec12c82.jpg,black kettle,white teacup,next to,next to,1,eval,spatial,Opposite,Is the black kettle sitting next to a white teacup?,328|8|676|684,0|477|451|138
5b502a4afe4ef80a.jpg,/root/autodl-tmp/data/R-bench/validation/5b502a4afe4ef80a.jpg,printer,coffee cup,next to,next to,1,eval,spatial,Positive,Is the printer next to the coffee cup?,190|194|610|427,492|607|122|153
9a18f1f319f9d79a.jpg,/root/autodl-tmp/data/R-bench/validation/9a18f1f319f9d79a.jpg,dog,person,next to,next to,1,eval,spatial,Positive,Is the dog sitting next to the person?,276|46|318|555,0|0|348|763
a00b61e302334fb0.jpg,/root/autodl-tmp/data/R-bench/validation/a00b61e302334fb0.jpg,puppy,teddy bear,next to,next to,1,calib,spatial,Positive,Is the puppy sitting next to the teddy bear?,236|91|389|582,583|0|441|600
d0ae7b86f30a2f57.jpg,/root/autodl-tmp/data/R-bench/validation/d0ae7b86f30a2f57.jpg,emu,wooden rail fence,next to,next to,1,calib,spatial,Opposite,Is the emu standing next to the wooden rail fence?,51|48|768|628,0|342|1024|334
3264cb227a07af3f.jpg,/root/autodl-tmp/data/R-bench/validation/3264cb227a07af3f.jpg,skateboard,man,next to,next to,1,eval,spatial,Positive,Is the skateboard in the image next to the man?,96|464|797|168,215|146|809|445
2f2039140c8b1f2b.jpg,/root/autodl-tmp/data/R-bench/validation/2f2039140c8b1f2b.jpg,woman,bathtub,next to,next to,1,eval,spatial,Positive,Is the woman sitting next to the bathtub?,468|102|300|922,0|0|768|1024
f1f7ff1db85041ce.jpg,/root/autodl-tmp/data/R-bench/validation/f1f7ff1db85041ce.jpg,mug,can,next to,next to,1,eval,spatial,Positive,Is the mug full of beer next to the can?,394|0|620|768,61|61|297|515
19f5c53f1ef6768c.jpg,/root/autodl-tmp/data/R-bench/validation/19f5c53f1ef6768c.jpg,raccoon,plant,next to,next to,1,calib,spatial,Opposite,Is the raccoon standing next to a plant?,283|0|547|619,901|0|123|619
7e07848e1c0bffdd.jpg,/root/autodl-tmp/data/R-bench/validation/7e07848e1c0bffdd.jpg,man,saxophone,next to,next to,1,eval,spatial,Positive,Is the man in the image sitting next to the saxophone?,0|0|588|849,109|0|533|922
b15736bdd7914941.jpg,/root/autodl-tmp/data/R-bench/validation/b15736bdd7914941.jpg,person,suit,next to,next to,1,eval,spatial,Positive,Is the person standing next to the woman wearing a suit?,510|18|171|605,510|18|171|605
96dd97e7202ab34e.jpg,/root/autodl-tmp/data/R-bench/validation/96dd97e7202ab34e.jpg,blue vintage vehicle,black car,next to,next to,1,eval,spatial,Opposite,Is the blue vintage vehicle parked next to a black car?,82|161|788|507,0|200|338|261
e6299b9e04680adb.jpg,/root/autodl-tmp/data/R-bench/validation/e6299b9e04680adb.jpg,woman,black car,next to,next to,1,eval,spatial,Positive,Is the woman standing next to a black car?,451|138|358|630,51|123|973|645
218167595eb76b7b.jpg,/root/autodl-tmp/data/R-bench/validation/218167595eb76b7b.jpg,man,white car,next to,next to,1,eval,spatial,Opposite,Is the man standing next to the white car?,584|160|174|360,184|180|779|320
00794645d77184eb.jpg,/root/autodl-tmp/data/R-bench/validation/00794645d77184eb.jpg,garage,building,next to,next to,1,eval,spatial,Positive,Is the garage next to the building?,123|55|747|573,61|7|963|587
19585468e65a5410.jpg,/root/autodl-tmp/data/R-bench/validation/19585468e65a5410.jpg,chicken,mixing bowl,next to,next to,1,eval,spatial,Positive,Is the chicken next to the mixing bowl?,102|146|809|576,307|0|379|292
7e6b70d191f6b3aa.jpg,/root/autodl-tmp/data/R-bench/validation/7e6b70d191f6b3aa.jpg,alpaca,fence,next to,next to,1,eval,spatial,Positive,Is the alpaca standing next to the fence?,358|260|369|423,0|68|911|608
582cb18866f78e79.jpg,/root/autodl-tmp/data/R-bench/validation/582cb18866f78e79.jpg,chair,desk,next to,next to,1,eval,spatial,Positive,Is the chair next to the desk?,440|686|236|328,328|696|696|318
150612cbff32ca98.jpg,/root/autodl-tmp/data/R-bench/validation/150612cbff32ca98.jpg,mouse,person's hand,next to,next to,1,eval,spatial,Opposite,Is the mouse in the image sitting next to a person's hand?,20|75|615|541,133|0|891|445
e6697a9f8ec12c82.jpg,/root/autodl-tmp/data/R-bench/validation/e6697a9f8ec12c82.jpg,black teapot,coffee mug,next to,next to,1,eval,spatial,Positive,Is the black teapot next to the coffee mug?,328|8|676|684,72|300|358|261
f3587ef68990b0bb.jpg,/root/autodl-tmp/data/R-bench/validation/f3587ef68990b0bb.jpg,car,house,next to,next to,1,eval,spatial,Positive,Is the car parked next to the house?,61|161|891|436,31|0|993|436
c4f6a439a51b0ead.jpg,/root/autodl-tmp/data/R-bench/validation/c4f6a439a51b0ead.jpg,people,limousine,next to,next to,1,eval,spatial,Positive,Are the people in the image standing next to the limousine?,154|149|82|279,225|190|799|367
6ca6aae3f153b841.jpg,/root/autodl-tmp/data/R-bench/validation/6ca6aae3f153b841.jpg,man,car,next to,next to,1,calib,spatial,Positive,Is the man standing next to the car?,399|184|195|200,236|276|737|469
b499182ee39701e0.jpg,/root/autodl-tmp/data/R-bench/validation/b499182ee39701e0.jpg,chair,cabinet,next to,next to,1,calib,spatial,Positive,Is the chair next to the cabinet?,717|233|307|390,72|322|737|315
8ad67ad3a1cebe03.jpg,/root/autodl-tmp/data/R-bench/validation/8ad67ad3a1cebe03.jpg,fork,pizza,next to,next to,1,eval,spatial,Opposite,Is the fork next to the pizza?,666|307|358|461,0|14|1024|754
736d1973d3967036.jpg,/root/autodl-tmp/data/R-bench/validation/736d1973d3967036.jpg,man,car,next to,next to,1,calib,spatial,Positive,Does the man stand next to the car?,195|215|163|399,369|154|594|545
24766458a9f83849.jpg,/root/autodl-tmp/data/R-bench/validation/24766458a9f83849.jpg,beer bottle,poured glass of beer,next to,next to,1,calib,spatial,Positive,Is the beer bottle sitting next to the poured glass of beer?,225|8|205|683,512|123|225|584
a80531a76936a34a.jpg,/root/autodl-tmp/data/R-bench/validation/a80531a76936a34a.jpg,man,computer desk,next to,next to,1,eval,spatial,Opposite,Is the man in the image standing next to a computer desk?,0|0|676|765,512|390|512|375
f2a2a1a0095f5d79.jpg,/root/autodl-tmp/data/R-bench/validation/f2a2a1a0095f5d79.jpg,corn on the cob,knife,next to,next to,1,calib,spatial,Opposite,Is the corn on the cob next to the knife?,246|239|420|225,109|482|915|154
cde6915c2d66f100.jpg,/root/autodl-tmp/data/R-bench/validation/cde6915c2d66f100.jpg,bowl of grapes,plate of salad,next to,next to,1,eval,spatial,Positive,Is the bowl of grapes next to the plate of salad?,0|0|410|160,154|96|860|539
efe5bbfceff71088.jpg,/root/autodl-tmp/data/R-bench/validation/efe5bbfceff71088.jpg,baby,woman,next to,next to,1,eval,spatial,Positive,Is the baby sleeping next to the woman?,266|361|471|384,143|169|820|392
c83206479370493b.jpg,/root/autodl-tmp/data/R-bench/validation/c83206479370493b.jpg,rabbit,tree,next to,next to,1,eval,spatial,Opposite,Is the rabbit standing next to the tree?,100|435|328|347,0|0|1019|635
bc857cdddd5c152e.jpg,/root/autodl-tmp/data/R-bench/validation/bc857cdddd5c152e.jpg,penny,knife,next to,next to,1,eval,spatial,Opposite,Is the penny next to the knife?,451|404|102|98,215|254|748|138
99222ebd7f666bec.jpg,/root/autodl-tmp/data/R-bench/validation/99222ebd7f666bec.jpg,digital timer,empty glass,next to,next to,1,eval,spatial,Opposite,Is the digital timer sitting next to an empty glass?,266|207|441|438,891|0|133|561
861b52e55a452685.jpg,/root/autodl-tmp/data/R-bench/validation/861b52e55a452685.jpg,table,person,next to,next to,1,eval,spatial,Opposite,Is the table in the image next to the person?,0|829|930|195,112|184|697|666
c780bf71657c519c.jpg,/root/autodl-tmp/data/R-bench/validation/c780bf71657c519c.jpg,chair,filing cabinet,next to,next to,1,calib,spatial,Positive,Is the chair located next to the filing cabinet?,768|153|215|461,275|288|543|450
9247dfb8666b0f6c.jpg,/root/autodl-tmp/data/R-bench/validation/9247dfb8666b0f6c.jpg,man,jeep,next to,next to,1,eval,spatial,Positive,Is the man in the image standing next to the jeep?,850|0|174|630,61|8|820|752
62add46196823d66.jpg,/root/autodl-tmp/data/R-bench/validation/62add46196823d66.jpg,kangaroo,fence,next to,next to,1,eval,spatial,Positive,Is the kangaroo in the image sitting next to a fence?,297|130|317|444,0|68|1024|260
fd96bc99468d66c2.jpg,/root/autodl-tmp/data/R-bench/validation/fd96bc99468d66c2.jpg,spoon,coffee cup,next to,next to,1,eval,spatial,Opposite,Is the spoon next to the coffee cup?,186|266|652|478,366|72|503|477
c8e5abd0b6e1af0b.jpg,/root/autodl-tmp/data/R-bench/validation/c8e5abd0b6e1af0b.jpg,wine glass,white plate,next to,next to,1,calib,spatial,Opposite,Is the wine glass next to the white plate?,21|175|284|157,0|461|682|563
d2c3cebf153a1de9.jpg,/root/autodl-tmp/data/R-bench/validation/d2c3cebf153a1de9.jpg,blue bike,wooden cabinet,next to,next to,1,eval,spatial,Positive,Is the blue bike parked next to a wooden cabinet?,61|41|943|592,61|41|943|592
c459919766389dcb.jpg,/root/autodl-tmp/data/R-bench/validation/c459919766389dcb.jpg,ribs,french fries,next to,next to,1,calib,spatial,Positive,Is the ribs plate next to the french fries?,102|51|738|481,0|328|1024|655
e78db8c474e6faf1.jpg,/root/autodl-tmp/data/R-bench/validation/e78db8c474e6faf1.jpg,gnome,flowerpot,next to,next to,1,eval,spatial,Positive,Is the gnome standing next to a flowerpot?,502|32|450|575,133|591|205|176
3d3324b8ac298d83.jpg,/root/autodl-tmp/data/R-bench/validation/3d3324b8ac298d83.jpg,glass,bottle of wine,next to,next to,1,calib,spatial,Opposite,Is the glass of champagne next to the bottle of wine?,0|20|330|994,292|0|430|573
16c15b29b30148c2.jpg,/root/autodl-tmp/data/R-bench/validation/16c15b29b30148c2.jpg,red car,white car,next to,next to,1,eval,spatial,Positive,Is the red car parked next to a white car?,72|79|901|725,0|131|256|411
1d1ef6def56f4b91.jpg,/root/autodl-tmp/data/R-bench/validation/1d1ef6def56f4b91.jpg,cloth,spider,next to,next to,1,calib,spatial,Opposite,Is the cloth next to the spider?,0|0|410|730,297|177|502|553
b5a1a0b0689eebd9.jpg,/root/autodl-tmp/data/R-bench/validation/b5a1a0b0689eebd9.jpg,man,products for sale,next to,next to,1,eval,spatial,Opposite,Is the man in the image next to the products for sale?,41|292|348|476,287|261|82|62
b1cae8a8600781c6.jpg,/root/autodl-tmp/data/R-bench/validation/b1cae8a8600781c6.jpg,knife,pasta,next to,next to,1,eval,spatial,Opposite,Is the knife next to the pasta?,807|115|115|534,266|151|492|461
70e0778e15ee3a72.jpg,/root/autodl-tmp/data/R-bench/validation/70e0778e15ee3a72.jpg,woman,brick wall,next to,next to,1,calib,spatial,Positive,Is the woman wearing the blue bikini next to the brick wall?,0|20|556|1004,0|0|732|573
d1dfd0aa534d1ba7.jpg,/root/autodl-tmp/data/R-bench/validation/d1dfd0aa534d1ba7.jpg,cat,alarm clock,next to,next to,1,calib,spatial,Positive,Is the cat next to the alarm clock?,0|0|847|818,530|658|253|160
6f6cbd9632bd1bd0.jpg,/root/autodl-tmp/data/R-bench/validation/6f6cbd9632bd1bd0.jpg,gray car,fence,next to,next to,1,calib,spatial,Positive,Is the gray car parked next to a fence?,92|161|789|461,92|154|799|468
775ac6a03dbec98c.jpg,/root/autodl-tmp/data/R-bench/validation/775ac6a03dbec98c.jpg,people,parked grey car,next to,next to,1,calib,spatial,Positive,Are the people on the sidewalk next to the parked grey car?,358|38|113|146,61|0|963|684
41252915ac13a574.jpg,/root/autodl-tmp/data/R-bench/validation/41252915ac13a574.jpg,bottle,potatoes,next to,next to,1,eval,spatial,Positive,Is the bottle of wine next to the potatoes?,538|61|146|471,8|348|691|512
72ecd0bcb9271f82.jpg,/root/autodl-tmp/data/R-bench/validation/72ecd0bcb9271f82.jpg,jaguar,rock,next to,next to,1,eval,spatial,Positive,Is the jaguar laying on the ground next to a rock?,219|219|416|317,625|269|358|207
9509c75655318762.jpg,/root/autodl-tmp/data/R-bench/validation/9509c75655318762.jpg,woman,cooked meat,next to,next to,1,calib,spatial,Positive,Is the woman in the image giving a thumbs up while standing next to cooked meat?,563|100|461|668,225|415|369|199
81d71fa7ba420f98.jpg,/root/autodl-tmp/data/R-bench/validation/81d71fa7ba420f98.jpg,red candle,christmas tree,next to,next to,1,eval,spatial,Positive,Is the red candle lit next to a Christmas tree?,532|150|62|448,0|464|818|216
7d9a7e679b39765c.jpg,/root/autodl-tmp/data/R-bench/validation/7d9a7e679b39765c.jpg,catcher,umpire,next to,next to,1,eval,spatial,Opposite,Is the catcher standing next to the umpire?,164|451|319|450,16|276|582|615
562ed1cbbcd50f38.jpg,/root/autodl-tmp/data/R-bench/validation/562ed1cbbcd50f38.jpg,orange juice,used oranges,next to,next to,1,eval,spatial,Positive,Is the orange juice sitting next to the used oranges?,276|215|584|545,276|215|584|545
abc0ab097170ece3.jpg,/root/autodl-tmp/data/R-bench/validation/abc0ab097170ece3.jpg,woman,boy,next to,next to,1,eval,spatial,Opposite,Is the woman standing in the water next to the boy?,184|143|400|299,594|272|235|224
de91aaa438c84e14.jpg,/root/autodl-tmp/data/R-bench/validation/de91aaa438c84e14.jpg,car,grass,next to,next to,1,eval,spatial,Positive,Is the car parked next to the grass worn by people?,51|230|891|430,51|230|891|430
1d685b3ade4925bb.jpg,/root/autodl-tmp/data/R-bench/validation/1d685b3ade4925bb.jpg,person,hammock,next to,next to,1,eval,spatial,Positive,Is the person in the image next to a hammock?,266|392|328|376,51|154|953|614
10dda8b9e1534f15.jpg,/root/autodl-tmp/data/R-bench/validation/10dda8b9e1534f15.jpg,iphone,ipod,next to,next to,1,eval,spatial,Positive,Is the iPhone in the image next to an iPod?,0|0|502|760,603|69|336|699
c48cdf9da3e5097e.jpg,/root/autodl-tmp/data/R-bench/validation/c48cdf9da3e5097e.jpg,pilot,woman,next to,next to,1,calib,spatial,Opposite,Is the pilot in the image sitting next to the woman?,0|131|420|629,389|161|502|592
dd424886ee4db1df.jpg,/root/autodl-tmp/data/R-bench/validation/dd424886ee4db1df.jpg,woman holding a drink,woman in the black strapless dress,next to,next to,1,eval,spatial,Positive,Is the woman holding a drink standing next to the woman in the black strapless dress?,92|48|471|633,492|82|460|599
2b88a2127cfb1aaf.jpg,/root/autodl-tmp/data/R-bench/validation/2b88a2127cfb1aaf.jpg,brown moth,large green leaf,sitting on,sat on by,1,eval,spatial,Positive,Is the brown moth sitting on the large green leaf?,379|130|246|444,0|0|1024|765
0e2b08b1b733add7.jpg,/root/autodl-tmp/data/R-bench/validation/0e2b08b1b733add7.jpg,man on the street,unusual bicycle,sitting on,sat on by,0,eval,spatial,Opposite,Is the man on the street sitting on an unusual bicycle?,10|18|410|804,0|265|645|513
226062876db3962b.jpg,/root/autodl-tmp/data/R-bench/validation/226062876db3962b.jpg,bee,purple flower,sitting on,sat on by,1,eval,spatial,Positive,Is the bee in the image sitting on a purple flower?,338|212|338|334,0|0|430|683
7e397995fc766ac5.jpg,/root/autodl-tmp/data/R-bench/validation/7e397995fc766ac5.jpg,fairy,log,sitting on,sat on by,0,eval,spatial,Positive,Is the fairy sitting on the log?,451|238|286|353,61|192|287|576
389585c0cae5748d.jpg,/root/autodl-tmp/data/R-bench/validation/389585c0cae5748d.jpg,dog,bench,sitting on,sat on by,1,calib,spatial,Positive,Is the dog sitting on the bench?,246|102|369|768,0|512|683|512
9861f8093290fb60.jpg,/root/autodl-tmp/data/R-bench/validation/9861f8093290fb60.jpg,woman,blue mat,sitting on,sat on by,0,eval,spatial,Opposite,Is the woman in the image sitting on a blue mat?,215|443|696|136,215|443|696|136
dcaf07749bc94f41.jpg,/root/autodl-tmp/data/R-bench/validation/dcaf07749bc94f41.jpg,teapot,stove,sitting on,sat on by,1,eval,spatial,Positive,Is the teapot sitting on the stove?,454|18|555|546,0|7|1014|668
1b086e36b62a2151.jpg,/root/autodl-tmp/data/R-bench/validation/1b086e36b62a2151.jpg,leopard,rock,sitting on,sat on by,0,eval,spatial,Positive,Is the leopard sitting on the rock?,126|163|898|453,0|330|1024|438
4f25e56666f79025.jpg,/root/autodl-tmp/data/R-bench/validation/4f25e56666f79025.jpg,lizard,plant,sitting on,sat on by,1,eval,spatial,Positive,Is the lizard in the image sitting on a plant?,0|222|669|461,0|151|671|425
c6fa0a8fcd9961f1.jpg,/root/autodl-tmp/data/R-bench/validation/c6fa0a8fcd9961f1.jpg,woman,tripod,sitting on,sat on by,0,calib,spatial,Opposite,Is the woman in the image sitting on a tripod?,328|11|614|547,676|374|174|184
2cff2da279756f7a.jpg,/root/autodl-tmp/data/R-bench/validation/2cff2da279756f7a.jpg,blue dragonfly,green leaf,sitting on,sat on by,1,eval,spatial,Positive,Is the blue dragonfly sitting on the green leaf?,328|72|604|911,328|72|604|911
7dd088a7971162ec.jpg,/root/autodl-tmp/data/R-bench/validation/7dd088a7971162ec.jpg,man,missile,sitting on,sat on by,0,eval,spatial,Opposite,Is the man in the image sitting on top of a missile?,451|302|81|237,102|327|635|163
0fd87d6c06de6882.jpg,/root/autodl-tmp/data/R-bench/validation/0fd87d6c06de6882.jpg,monkey,stone,sitting on,sat on by,1,eval,spatial,Positive,Is the monkey in the image sitting on a stone?,154|82|522|932,154|82|522|932
7db24634d94dfff1.jpg,/root/autodl-tmp/data/R-bench/validation/7db24634d94dfff1.jpg,man,car,sitting on,sat on by,0,eval,spatial,Opposite,Is the man in the image sitting on a car?,34|430|294|512,48|266|635|451
d41fcf855e01eb44.jpg,/root/autodl-tmp/data/R-bench/validation/d41fcf855e01eb44.jpg,cocktail glass,table,sitting on,sat on by,1,eval,spatial,Positive,Is the cocktail glass sitting on the table?,261|20|376|994,0|215|768|809
5f6f275c9dc49783.jpg,/root/autodl-tmp/data/R-bench/validation/5f6f275c9dc49783.jpg,couple,motorcycle,sitting on,sat on by,0,eval,spatial,Opposite,Is the couple sitting on the motorcycle?,154|90|819|547,154|90|819|547
16ef4027ab1b5d31.jpg,/root/autodl-tmp/data/R-bench/validation/16ef4027ab1b5d31.jpg,bee,flower,sitting on,sat on by,1,eval,spatial,Opposite,Is the bee in the image sitting on the flower?,69|184|261|277,0|369|753|655
2e5805948a6c401c.jpg,/root/autodl-tmp/data/R-bench/validation/2e5805948a6c401c.jpg,rabbit,ground,sitting on,sat on by,0,eval,spatial,Opposite,Is the rabbit in the image sitting on the ground?,0|20|678|953,0|20|678|953
54dbaf162a4a6755.jpg,/root/autodl-tmp/data/R-bench/validation/54dbaf162a4a6755.jpg,koala,tree,sitting on,sat on by,1,calib,spatial,Positive,Is the koala sitting on the tree?,297|102|369|499,102|0|584|683
3a39040ecd47e0f6.jpg,/root/autodl-tmp/data/R-bench/validation/3a39040ecd47e0f6.jpg,man,tire,sitting on,sat on by,0,calib,spatial,Opposite,Is the man sitting on the tire?,512|75|502|603,0|522|635|156
2095274227dfa438.jpg,/root/autodl-tmp/data/R-bench/validation/2095274227dfa438.jpg,kayak,lawn,sitting on,sat on by,1,eval,spatial,Positive,Is the kayak sitting on the lawn?,174|200|676|368,174|200|676|368
fa9f0ce47c1a885c.jpg,/root/autodl-tmp/data/R-bench/validation/fa9f0ce47c1a885c.jpg,person,bicycle,sitting on,sat on by,0,calib,spatial,Opposite,Is the person in the image sitting on a bicycle?,287|0|440|458,746|0|198|181
ca9673d7edd29751.jpg,/root/autodl-tmp/data/R-bench/validation/ca9673d7edd29751.jpg,shrimp,plate,sitting on,sat on by,1,eval,spatial,Opposite,Is the shrimp in the image sitting on the plate?,133|150|891|373,0|201|1024|368
fc64fb95d7faba60.jpg,/root/autodl-tmp/data/R-bench/validation/fc64fb95d7faba60.jpg,black moth,bright yellow flower,sitting on,sat on by,0,eval,spatial,Positive,Is the black moth sitting on a bright yellow flower?,502|226|246|321,328|469|112|117
3c50dabff3cc62e0.jpg,/root/autodl-tmp/data/R-bench/validation/3c50dabff3cc62e0.jpg,lizard,plant,sitting on,sat on by,1,eval,spatial,Positive,Is the lizard in the image sitting on a plant?,82|195|778|829,11|198|847|826
cef4977e5f34377b.jpg,/root/autodl-tmp/data/R-bench/validation/cef4977e5f34377b.jpg,man,tennis court,sitting on,sat on by,0,eval,spatial,Opposite,Is the man in the image sitting on a tennis court?,184|280|246|328,451|608|30|27
bfb906dcdef46ad3.jpg,/root/autodl-tmp/data/R-bench/validation/bfb906dcdef46ad3.jpg,frying pan,wood table,sitting on,sat on by,1,calib,spatial,Positive,Is the frying pan sitting on the wood table?,41|100|983|384,0|0|1024|760
098e9f853fd681cf.jpg,/root/autodl-tmp/data/R-bench/validation/098e9f853fd681cf.jpg,blue bird,twig,sitting on,sat on by,0,eval,spatial,Opposite,Is the blue bird sitting on a twig?,307|198|266|219,307|198|266|219
9792721d78d3d6fd.jpg,/root/autodl-tmp/data/R-bench/validation/9792721d78d3d6fd.jpg,bug,plant,sitting on,sat on by,1,eval,spatial,Positive,Is the bug sitting on the plant?,461|273|133|103,41|48|922|628
1b150af36d87a735.jpg,/root/autodl-tmp/data/R-bench/validation/1b150af36d87a735.jpg,lifeguard,high chair,sitting on,sat on by,0,calib,spatial,Opposite,Is the lifeguard sitting on a high chair?,225|315|72|69,461|415|338|123
905dee0f5fd3c454.jpg,/root/autodl-tmp/data/R-bench/validation/905dee0f5fd3c454.jpg,caterpillar,leaf,sitting on,sat on by,1,calib,spatial,Positive,Is the caterpillar in the image sitting on a leaf?,200|92|374|543,200|92|374|543
d2343d20f7cc6e48.jpg,/root/autodl-tmp/data/R-bench/validation/d2343d20f7cc6e48.jpg,butterfly,pink flower,sitting on,sat on by,1,eval,spatial,Positive,Is the butterfly sitting on the pink flower?,266|184|522|354,502|184|368|162
c5a5058c603f97fe.jpg,/root/autodl-tmp/data/R-bench/validation/c5a5058c603f97fe.jpg,bag of organic ruffles potato chips,other snacks,sitting on,sat on by,1,eval,spatial,Positive,Is the bag of organic Ruffles potato chips sitting on top of other snacks?,143|10|748|1004,297|461|491|297
1a9d5f7cc9a88a1d.jpg,/root/autodl-tmp/data/R-bench/validation/1a9d5f7cc9a88a1d.jpg,cup,table,sitting on,sat on by,1,eval,spatial,Positive,Is the cup sitting on the table?,77|0|614|760,77|0|614|760
f2502da756e59e5f.jpg,/root/autodl-tmp/data/R-bench/validation/f2502da756e59e5f.jpg,blue can of drink,table,sitting on,sat on by,1,eval,spatial,Opposite,Is the blue can of drink sitting on the table?,205|10|543|1004,0|522|1024|502
0750b7f443d6e3be.jpg,/root/autodl-tmp/data/R-bench/validation/0750b7f443d6e3be.jpg,lizard,rock,sitting on,sat on by,1,calib,spatial,Positive,Is the lizard in the image sitting on a rock?,225|178|779|500,369|425|594|260
3f4f9e6257355eea.jpg,/root/autodl-tmp/data/R-bench/validation/3f4f9e6257355eea.jpg,cowboy hat,blue surface,sitting on,sat on by,1,calib,spatial,Positive,Is the cowboy hat sitting on a blue surface?,102|15|840|738,102|15|840|738
43197f53dc624b26.jpg,/root/autodl-tmp/data/R-bench/validation/43197f53dc624b26.jpg,cup,saucer,sitting on,sat on by,1,eval,spatial,Positive,Is the cup of coffee sitting on the saucer?,100|0|668|561,0|284|768|484
12bf58041aa68451.jpg,/root/autodl-tmp/data/R-bench/validation/12bf58041aa68451.jpg,frog,leaf,sitting on,sat on by,1,eval,spatial,Positive,Is the frog sitting on the leaf?,98|230|631|343,0|55|1024|621
f2502da756e59e5f.jpg,/root/autodl-tmp/data/R-bench/validation/f2502da756e59e5f.jpg,beer can,yellow counter,sitting on,sat on by,1,eval,spatial,Positive,Is the beer can sitting on the yellow counter?,205|10|543|1014,0|522|1024|502
9f54ccb313cb4864.jpg,/root/autodl-tmp/data/R-bench/validation/9f54ccb313cb4864.jpg,bag of buttered popcorn,person's lap,sitting on,sat on by,1,eval,spatial,Positive,Is the bag of buttered popcorn sitting on the person's lap?,215|122|543|513,215|122|543|513
4db426cab3ef158b.jpg,/root/autodl-tmp/data/R-bench/validation/4db426cab3ef158b.jpg,bowl of pears,wooden counter,sitting on,sat on by,1,eval,spatial,Positive,Is the bowl of pears sitting on a wooden counter?,164|15|717|684,164|15|717|684
c7f0bce24ad7d792.jpg,/root/autodl-tmp/data/R-bench/validation/c7f0bce24ad7d792.jpg,bird,branch,sitting on,sat on by,1,eval,spatial,Positive,Is the bird in the image sitting on a branch?,297|269|491|284,297|269|491|284
e4aff6763fc4cf84.jpg,/root/autodl-tmp/data/R-bench/validation/e4aff6763fc4cf84.jpg,green insect,leaf,sitting on,sat on by,1,calib,spatial,Positive,Is the green insect sitting on the leaf?,358|184|256|328,0|136|1024|539
64bffc40f0d073fe.jpg,/root/autodl-tmp/data/R-bench/validation/64bffc40f0d073fe.jpg,stuffed panda,shelf,sitting on,sat on by,1,eval,spatial,Positive,Is the stuffed panda sitting on a shelf?,317|338|144|169,92|131|891|637
12e9b18caa0fcc6d.jpg,/root/autodl-tmp/data/R-bench/validation/12e9b18caa0fcc6d.jpg,helicopter,tarmac,sitting on,sat on by,1,calib,spatial,Positive,Is the helicopter in the image sitting on the tarmac?,0|68|1014|472,0|389|1024|294
ac5cb1e70666bd27.jpg,/root/autodl-tmp/data/R-bench/validation/ac5cb1e70666bd27.jpg,wooden gun,pink tripod,sitting on,sat on by,1,eval,spatial,Positive,Is the wooden gun sitting on top of the pink tripod?,20|130|973|324,20|130|973|324
855dffdd4d2bb84e.jpg,/root/autodl-tmp/data/R-bench/validation/855dffdd4d2bb84e.jpg,lobster,plate,sitting on,sat on by,1,calib,spatial,Positive,Is the lobster sitting on the plate?,256|0|768|568,0|108|1024|660
05fb96a824503d43.jpg,/root/autodl-tmp/data/R-bench/validation/05fb96a824503d43.jpg,turtle,grass,sitting on,sat on by,1,eval,spatial,Positive,Is the turtle in the image sitting on grass?,174|317|717|441,0|0|1024|1024
5cb3f6d9febbf357.jpg,/root/autodl-tmp/data/R-bench/validation/5cb3f6d9febbf357.jpg,white pool ball,green pool table,sitting on,sat on by,1,calib,spatial,Positive,Is the white pool ball sitting on the green pool table?,143|214|277|269,0|322|1024|444
4ad6955cadc6eafa.jpg,/root/autodl-tmp/data/R-bench/validation/4ad6955cadc6eafa.jpg,woman,suede chair,sitting on,sat on by,1,eval,spatial,Positive,Is the woman sitting on a suede chair in the image?,220|187|312|801,41|297|626|676
0451aa5cf163feab.jpg,/root/autodl-tmp/data/R-bench/validation/0451aa5cf163feab.jpg,butterfly,pink flower,sitting on,sat on by,1,calib,spatial,Positive,Is the butterfly sitting on the pink flower?,348|307|338|157,358|411|297|128
7dd088a7971162ec.jpg,/root/autodl-tmp/data/R-bench/validation/7dd088a7971162ec.jpg,soldier,cannon,sitting on,sat on by,1,eval,spatial,Positive,Is the soldier in the image sitting on top of a cannon?,307|204|82|90,92|245|819|564
deaa0a53a0435084.jpg,/root/autodl-tmp/data/R-bench/validation/deaa0a53a0435084.jpg,dragonfly,blade of grass,sitting on,sat on by,1,eval,spatial,Positive,Is the dragonfly in the image sitting on a blade of grass?,532|212|195|211,236|20|450|663
67bb81df42352db9.jpg,/root/autodl-tmp/data/R-bench/validation/67bb81df42352db9.jpg,boy,paddleboard,sitting on,sat on by,1,calib,spatial,Opposite,Is the boy in the image sitting on the front of the paddleboard?,614|346|113|161,236|461|542|77
7c33a5bb544ecf66.jpg,/root/autodl-tmp/data/R-bench/validation/7c33a5bb544ecf66.jpg,hamster,table cloth,sitting on,sat on by,1,eval,spatial,Positive,Is the hamster sitting on a table cloth designed with bees?,205|135|389|314,0|0|1024|641
ba9cb8884bf69279.jpg,/root/autodl-tmp/data/R-bench/validation/ba9cb8884bf69279.jpg,man,rug,sitting on,sat on by,1,eval,spatial,Positive,Is the man sitting on the rug?,0|0|399|501,0|259|901|311
0797018d2a50a577.jpg,/root/autodl-tmp/data/R-bench/validation/0797018d2a50a577.jpg,picnic basket,metal table,sitting on,sat on by,1,calib,spatial,Positive,Is the picnic basket sitting on a metal table?,113|31|839|706,113|31|839|706
483cda6a77505e11.jpg,/root/autodl-tmp/data/R-bench/validation/483cda6a77505e11.jpg,bottle,table,sitting on,sat on by,1,eval,spatial,Positive,Is the bottle of milk sitting on the table?,338|133|297|819,338|133|297|819
74dd9cd93e3fd507.jpg,/root/autodl-tmp/data/R-bench/validation/74dd9cd93e3fd507.jpg,lizard,rock,sitting on,sat on by,1,eval,spatial,Positive,Is the lizard in the image sitting on a rock?,0|307|809|407,31|553|665|215
0cb1d3d86f9b2b4a.jpg,/root/autodl-tmp/data/R-bench/validation/0cb1d3d86f9b2b4a.jpg,tiara,turn table,sitting on,sat on by,1,eval,spatial,Positive,Is the tiara sitting on top of the turn table?,215|171|645|341,215|171|645|341
c5f1de5718e6342b.jpg,/root/autodl-tmp/data/R-bench/validation/c5f1de5718e6342b.jpg,man,bench,sitting on,sat on by,1,eval,spatial,Positive,Is the man in the image sitting on the bench?,266|150|103|164,266|150|103|164
a09c0a09a49ec6ec.jpg,/root/autodl-tmp/data/R-bench/validation/a09c0a09a49ec6ec.jpg,scorpion,rock,sitting on,sat on by,1,eval,spatial,Positive,Is the scorpion in the image sitting on a rock?,358|223|553|408,0|0|1024|657
1e45fc409ab318ab.jpg,/root/autodl-tmp/data/R-bench/validation/1e45fc409ab318ab.jpg,old fashioned cash register,desk,sitting on,sat on by,1,calib,spatial,Positive,Is the old fashioned cash register sitting on the desk?,46|184|622|564,0|707|768|317
4e555f6453a7db12.jpg,/root/autodl-tmp/data/R-bench/validation/4e555f6453a7db12.jpg,girl,floor,sitting on,sat on by,1,eval,spatial,Opposite,Is the girl in the image sitting on the floor?,10|14|625|671,0|473|1024|212
8302f7352b501bc4.jpg,/root/autodl-tmp/data/R-bench/validation/8302f7352b501bc4.jpg,woman,black leather couch,sitting on,sat on by,1,eval,spatial,Positive,Is the woman in the image sitting on a black leather couch?,297|64|481|825,154|275|860|559
2c209664cc9be9e6.jpg,/root/autodl-tmp/data/R-bench/validation/2c209664cc9be9e6.jpg,woman,wheelbarrow,sitting on,sat on by,1,eval,spatial,Opposite,Is the woman in the image sitting on a wheelbarrow?,154|236|299|512,131|399|445|430
45c5db396573df4c.jpg,/root/autodl-tmp/data/R-bench/validation/45c5db396573df4c.jpg,monkey,tree,sitting on,sat on by,1,eval,spatial,Positive,Is the monkey sitting on the branch of the tree?,72|161|624|484,0|0|1024|768
947e02b76707f4ee.jpg,/root/autodl-tmp/data/R-bench/validation/947e02b76707f4ee.jpg,raven,log,sitting on,sat on by,1,calib,spatial,Positive,Is the raven sitting on the log?,307|131|328|477,0|462|686|239
02eaecd683dbdb9f.jpg,/root/autodl-tmp/data/R-bench/validation/02eaecd683dbdb9f.jpg,cup of coffee,saucer,sitting on,sat on by,1,calib,spatial,Positive,Is the cup of coffee sitting on a saucer?,240|0|257|115,171|0|357|145
4edec884ed5ca2ba.jpg,/root/autodl-tmp/data/R-bench/validation/4edec884ed5ca2ba.jpg,tiara,table,sitting on,sat on by,1,calib,spatial,Positive,Is the tiara sitting on the table?,72|115|942|545,10|492|1014|276
3a5dd291059144bb.jpg,/root/autodl-tmp/data/R-bench/validation/3a5dd291059144bb.jpg,boy,sculpture,sitting on,sat on by,1,eval,spatial,Positive,Is the boy sitting on the sculpture?,164|34|287|642,82|7|676|676
3c14d0bf2ce0fc43.jpg,/root/autodl-tmp/data/R-bench/validation/3c14d0bf2ce0fc43.jpg,bird,snow,standing on,stood on by,1,eval,spatial,Positive,Is the bird standing on the snow?,502|216|430|303,0|0|1024|674
e6a6d650481599ba.jpg,/root/autodl-tmp/data/R-bench/validation/e6a6d650481599ba.jpg,man,rink,standing on,stood on by,0,calib,spatial,Random,Is the man in the image standing on the rink?,46|84|646|938,0|307|754|338
48abd1db27d7de96.jpg,/root/autodl-tmp/data/R-bench/validation/48abd1db27d7de96.jpg,woman,balance beam,standing on,stood on by,1,eval,spatial,Opposite,Is the woman standing on the balance beam?,250|25|169|979,88|988|616|36
6e58d8b2c269091b.jpg,/root/autodl-tmp/data/R-bench/validation/6e58d8b2c269091b.jpg,gray parrot,bookcase,standing on,stood on by,0,eval,spatial,Opposite,Is the gray parrot standing on the bookcase?,174|96|850|478,174|96|850|478
f7f83ef0ae3406b2.jpg,/root/autodl-tmp/data/R-bench/validation/f7f83ef0ae3406b2.jpg,woman,surfboard,standing on,stood on by,1,eval,spatial,Positive,Is the woman in the image standing on a surfboard?,247|92|346|860,218|829|474|195
a8c4da25c90c4245.jpg,/root/autodl-tmp/data/R-bench/validation/a8c4da25c90c4245.jpg,girl,beach,standing on,stood on by,0,eval,spatial,Opposite,Is the girl in the image standing on the beach?,10|195|973|246,0|378|1024|252
da141ae39195c141.jpg,/root/autodl-tmp/data/R-bench/validation/da141ae39195c141.jpg,person,paddleboard,standing on,stood on by,1,eval,spatial,Opposite,Is the person in the image standing on a paddleboard?,256|294|92|211,256|485|215|27
6f804844ccc5126b.jpg,/root/autodl-tmp/data/R-bench/validation/6f804844ccc5126b.jpg,man,segway,standing on,stood on by,0,eval,spatial,Opposite,Is the man wearing a yellow vest standing on the segway?,399|92|338|789,379|430|389|553
7f58d35e931e4bd7.jpg,/root/autodl-tmp/data/R-bench/validation/7f58d35e931e4bd7.jpg,dog,sidewalk,standing on,stood on by,1,calib,spatial,Positive,Is the dog standing on the sidewalk?,369|69|358|615,0|15|983|538
537843c1be04501c.jpg,/root/autodl-tmp/data/R-bench/validation/537843c1be04501c.jpg,woman,paddle board,standing on,stood on by,0,eval,spatial,Opposite,Is the woman in the image standing on a paddle board?,420|320|133|224,174|469|563|102
bfb906dcdef46ad3.jpg,/root/autodl-tmp/data/R-bench/validation/bfb906dcdef46ad3.jpg,wok,wooden table,standing on,stood on by,1,calib,spatial,Opposite,Is the wok standing on the wooden table?,46|106|978|374,0|0|1024|760
12bf58041aa68451.jpg,/root/autodl-tmp/data/R-bench/validation/12bf58041aa68451.jpg,frog,leaf,standing on,stood on by,0,eval,spatial,Opposite,Is the frog standing on the leaf?,98|230|631|343,0|55|1024|621
19682f51b9c5e5d5.jpg,/root/autodl-tmp/data/R-bench/validation/19682f51b9c5e5d5.jpg,goat,rocky hillside,standing on,stood on by,1,calib,spatial,Positive,Is the goat standing on a rocky hillside?,328|178|399|368,0|0|1024|683
ca3ef34d7304dd6c.jpg,/root/autodl-tmp/data/R-bench/validation/ca3ef34d7304dd6c.jpg,woman,steps,standing on,stood on by,0,eval,spatial,Opposite,Is the woman standing on steps in the image?,192|175|248|707,61|543|267|307
6eb70509fcd7d06b.jpg,/root/autodl-tmp/data/R-bench/validation/6eb70509fcd7d06b.jpg,rooster,wooden ledge,standing on,stood on by,1,eval,spatial,Opposite,Is the rooster standing on the wooden ledge?,166|141|471|483,10|389|789|294
1ae697dce5fa2a7d.jpg,/root/autodl-tmp/data/R-bench/validation/1ae697dce5fa2a7d.jpg,woman,red carpet,standing on,stood on by,1,calib,spatial,Opposite,Is the woman standing on the red carpet?,166|41|382|942,0|717|721|307
8fe72eeea90087b1.jpg,/root/autodl-tmp/data/R-bench/validation/8fe72eeea90087b1.jpg,scorpion,yellow cloth mat,standing on,stood on by,1,calib,spatial,Positive,Is the scorpion standing on a yellow cloth mat?,338|96|420|471,0|116|1024|567
718c095fff3885ae.jpg,/root/autodl-tmp/data/R-bench/validation/718c095fff3885ae.jpg,penguin,rock,standing on,stood on by,1,eval,spatial,Positive,Is the penguin standing on a rock?,55|225|437|697,0|819|676|205
3220be9141f2d703.jpg,/root/autodl-tmp/data/R-bench/validation/3220be9141f2d703.jpg,person,surfboard,standing on,stood on by,1,calib,spatial,Positive,Is the person in the image standing on a surfboard?,195|267|122|184,51|438|430|41
9aea7f9fcea795d1.jpg,/root/autodl-tmp/data/R-bench/validation/9aea7f9fcea795d1.jpg,girl,bridge,standing on,stood on by,1,eval,spatial,Positive,Is the girl in the image standing on the bridge?,440|355|123|286,92|246|676|436
dacedf7e8c932390.jpg,/root/autodl-tmp/data/R-bench/validation/dacedf7e8c932390.jpg,man,grey car,standing on,stood on by,1,eval,spatial,Positive,Is the man standing on the side of the grey car?,307|274|123|384,113|253|860|391
3994011ca62ac82b.jpg,/root/autodl-tmp/data/R-bench/validation/3994011ca62ac82b.jpg,black puppy,grass,standing on,stood on by,1,eval,spatial,Positive,Is the black puppy standing on the grass?,82|0|768|685,0|0|1024|685
50c532b8fc3c8d01.jpg,/root/autodl-tmp/data/R-bench/validation/50c532b8fc3c8d01.jpg,woman,ice rink,standing on,stood on by,1,calib,spatial,Opposite,Is the woman in the image standing on the ice rink?,198|369|266|399,0|625|683|399
2f8519bef8ae1be2.jpg,/root/autodl-tmp/data/R-bench/validation/2f8519bef8ae1be2.jpg,man,snowboard,standing on,stood on by,1,calib,spatial,Opposite,Is the man in the image standing on the snowboard?,154|0|665|591,246|338|379|392
3387777401546bd3.jpg,/root/autodl-tmp/data/R-bench/validation/3387777401546bd3.jpg,man,gondola,standing on,stood on by,1,eval,spatial,Positive,Is the man standing on the gondola?,707|453|41|65,461|469|368|73
ee55097d1850379c.jpg,/root/autodl-tmp/data/R-bench/validation/ee55097d1850379c.jpg,man,surfboard,standing on,stood on by,1,calib,spatial,Positive,Is the man in the image standing on a surfboard?,271|163|171|443,134|548|396|128
12da3a07afc25d88.jpg,/root/autodl-tmp/data/R-bench/validation/12da3a07afc25d88.jpg,yellow bird,white fence,standing on,stood on by,1,eval,spatial,Positive,Is the yellow bird standing on the white fence?,348|315|318|353,0|0|666|768
102d76f8b798eaec.jpg,/root/autodl-tmp/data/R-bench/validation/102d76f8b798eaec.jpg,polar bear,rock,standing on,stood on by,1,eval,spatial,Positive,Is the polar bear standing on the rock?,143|46|523|478,143|46|523|478
128bbc3d96aced53.jpg,/root/autodl-tmp/data/R-bench/validation/128bbc3d96aced53.jpg,goat,grass,standing on,stood on by,1,eval,spatial,Positive,Is the goat standing on the grass?,379|184|594|584,0|0|1024|768
947e02b76707f4ee.jpg,/root/autodl-tmp/data/R-bench/validation/947e02b76707f4ee.jpg,raven,dead log,standing on,stood on by,1,calib,spatial,Opposite,Is the raven standing on the dead log?,307|131|328|477,0|462|686|239
3b02824d888ae0ee.jpg,/root/autodl-tmp/data/R-bench/validation/3b02824d888ae0ee.jpg,bird,field,standing on,stood on by,1,eval,spatial,Positive,Is the bird in the image standing on the field?,88|269|848|499,88|269|848|499
e8b7885f8989f539.jpg,/root/autodl-tmp/data/R-bench/validation/e8b7885f8989f539.jpg,man,surfboard,standing on,stood on by,1,calib,spatial,Positive,Is the man in the image standing on a surfboard?,492|156|112|305,276|427|512|54
cd84ccf68f0e4d23.jpg,/root/autodl-tmp/data/R-bench/validation/cd84ccf68f0e4d23.jpg,scorpion,ground,standing on,stood on by,1,eval,spatial,Positive,Is the scorpion in the image standing on the ground?,246|31|635|653,246|31|635|653
9733ea3be904c0e5.jpg,/root/autodl-tmp/data/R-bench/validation/9733ea3be904c0e5.jpg,woman,deck of the building,standing on,stood on by,1,eval,spatial,Positive,Is the woman in the image standing on the deck of the building?,164|116|624|421,164|116|624|421
bafecb74232402fe.jpg,/root/autodl-tmp/data/R-bench/validation/bafecb74232402fe.jpg,candles,counter,standing on,stood on by,1,eval,spatial,Opposite,Are the candles standing on the counter?,184|62|226|225,31|349|942|269
2e5805948a6c401c.jpg,/root/autodl-tmp/data/R-bench/validation/2e5805948a6c401c.jpg,rabbit,hind legs,standing on,stood on by,1,eval,spatial,Positive,Is the rabbit in the image standing on its hind legs?,0|20|678|953,0|20|678|953
4b73b48c7858ae18.jpg,/root/autodl-tmp/data/R-bench/validation/4b73b48c7858ae18.jpg,studio couch,large table,near,near,1,eval,spatial,Positive,Is the studio couch positioned near the large table in the image?,205|207|819|553,133|261|430|261
1be63da150641ede.jpg,/root/autodl-tmp/data/R-bench/validation/1be63da150641ede.jpg,snowman,woods,near,near,0,eval,spatial,Opposite,Is the snowman in the image near the woods?,338|65|338|652,0|7|1024|402
57711acbb13dc757.jpg,/root/autodl-tmp/data/R-bench/validation/57711acbb13dc757.jpg,cow,fence,near,near,1,calib,spatial,Positive,Is the cow standing near the fence?,174|131|789|583,0|453|1024|307
12429c1a9d340911.jpg,/root/autodl-tmp/data/R-bench/validation/12429c1a9d340911.jpg,luxury suv,meter,near,near,0,eval,spatial,Opposite,Is the luxury SUV parked near the meter?,102|69|738|455,102|69|738|455
40e3252f39eee5d3.jpg,/root/autodl-tmp/data/R-bench/validation/40e3252f39eee5d3.jpg,sink,window,near,near,1,eval,spatial,Positive,Is the sink near the window?,0|666|300|153,307|10|453|482
0b4739147c335514.jpg,/root/autodl-tmp/data/R-bench/validation/0b4739147c335514.jpg,tower,body of water,near,near,0,eval,spatial,Opposite,Is the tower not near the body of water?,329|72|275|880,329|72|275|880
d6db7584e8734c0d.jpg,/root/autodl-tmp/data/R-bench/validation/d6db7584e8734c0d.jpg,people,bull,near,near,1,eval,spatial,Positive,Are there people near the bull in the image?,379|252|276|217,379|252|276|217
6abc53cd80bb2f83.jpg,/root/autodl-tmp/data/R-bench/validation/6abc53cd80bb2f83.jpg,men wearing hats,carts,near,near,1,calib,spatial,Positive,Are there men wearing hats standing near the carts?,840|27|61|35,10|48|901|630
0af4ba8fd2a7e628.jpg,/root/autodl-tmp/data/R-bench/validation/0af4ba8fd2a7e628.jpg,sink,bathtub,near,near,1,eval,spatial,Positive,Is the sink near the bathtub?,0|207|686|561,0|8|1024|752
363c92c6711e4380.jpg,/root/autodl-tmp/data/R-bench/validation/363c92c6711e4380.jpg,sparrow,flower,near,near,1,calib,spatial,Positive,Is the sparrow near the flower?,352|258|493|446,696|422|328|231
eec6d050a12fec7d.jpg,/root/autodl-tmp/data/R-bench/validation/eec6d050a12fec7d.jpg,tower,skyscraper,near,near,1,calib,spatial,Positive,Is the tower near the skyscraper?,283|45|426|848,0|0|283|883
41c7ee95543af458.jpg,/root/autodl-tmp/data/R-bench/validation/41c7ee95543af458.jpg,people,coca-cola tents,near,near,1,eval,spatial,Positive,Are there people near the Coca-Cola tents?,348|286|82|106,0|4|430|388
d9ee0aa080c3f5a1.jpg,/root/autodl-tmp/data/R-bench/validation/d9ee0aa080c3f5a1.jpg,round wooden table,chairs,near,near,1,eval,spatial,Opposite,Is the round wooden table near the chairs?,102|480|461|199,461|384|184|302
ce10b909451393b7.jpg,/root/autodl-tmp/data/R-bench/validation/ce10b909451393b7.jpg,chest of drawers,trash can,near,near,1,eval,spatial,Positive,Is the chest of drawers near a trash can?,70|77|839|609,860|353|154|261
eada86bb7ee98792.jpg,/root/autodl-tmp/data/R-bench/validation/eada86bb7ee98792.jpg,sink,window,near,near,1,calib,spatial,Positive,Is the sink located near the window?,686|349|174|68,625|0|379|404
b655ede651e45487.jpg,/root/autodl-tmp/data/R-bench/validation/b655ede651e45487.jpg,sink,bottles,near,near,1,eval,spatial,Positive,Is the sink near the bottles?,0|748|799|225,510|453|118|286
0e7294d6ce0c1ee3.jpg,/root/autodl-tmp/data/R-bench/validation/0e7294d6ce0c1ee3.jpg,dog,people,near,near,1,eval,spatial,Positive,Is the dog near the people?,113|61|819|551,594|0|297|272
9c1cc45179a1aaba.jpg,/root/autodl-tmp/data/R-bench/validation/9c1cc45179a1aaba.jpg,chair,couch,near,near,1,eval,spatial,Positive,Is the chair near the couch?,748|321|163|177,410|341|163|109
ce442e81fded4107.jpg,/root/autodl-tmp/data/R-bench/validation/ce442e81fded4107.jpg,desk,bunk beds,near,near,1,calib,spatial,Positive,Is the desk near the bunk beds?,686|505|338|171,51|198|656|478
18b98c98a23f9933.jpg,/root/autodl-tmp/data/R-bench/validation/18b98c98a23f9933.jpg,limousine,tree,near,near,1,calib,spatial,Positive,Is the limousine parked near a tree?,53|235|971|455,696|77|328|276
0dda17bcb0902e25.jpg,/root/autodl-tmp/data/R-bench/validation/0dda17bcb0902e25.jpg,man,turtle sculpture,near,near,1,eval,spatial,Positive,Is the man near the turtle sculpture?,420|184|174|177,113|392|532|207
f19ecb261dd1a702.jpg,/root/autodl-tmp/data/R-bench/validation/f19ecb261dd1a702.jpg,people,blue tent,near,near,1,eval,spatial,Positive,Are there people near the blue tent?,839|584|143|317,31|297|931|625
87b4844e765307ba.jpg,/root/autodl-tmp/data/R-bench/validation/87b4844e765307ba.jpg,man,projector,near,near,1,eval,spatial,Positive,Is the man in the image standing near a projector?,532|92|103|285,727|280|82|39
d8518955bf6a1750.jpg,/root/autodl-tmp/data/R-bench/validation/d8518955bf6a1750.jpg,building,street,near,near,1,eval,spatial,Positive,Is the building near the street?,0|650|1024|34,0|650|1024|34
302ab17223216c43.jpg,/root/autodl-tmp/data/R-bench/validation/302ab17223216c43.jpg,person,silver car,near,near,1,eval,spatial,Positive,Is there a person near the silver car?,154|27|553|226,41|130|942|457
b1c485d8b49064b8.jpg,/root/autodl-tmp/data/R-bench/validation/b1c485d8b49064b8.jpg,lemon,water,near,near,1,calib,spatial,Positive,Is the lemon slice near the water?,461|66|461|475,584|106|440|705
bd12ea92bcab1afd.jpg,/root/autodl-tmp/data/R-bench/validation/bd12ea92bcab1afd.jpg,black car,storm grate,near,near,1,eval,spatial,Positive,Is the black car parked near a storm grate?,31|154|911|522,31|154|911|522
a66441ac9862bd96.jpg,/root/autodl-tmp/data/R-bench/validation/a66441ac9862bd96.jpg,insect,purple flowers,near,near,1,calib,spatial,Positive,Is the insect hovering in the air near the purple flowers?,256|205|287|220,645|312|318|205
d0bbfdd40af35fcc.jpg,/root/autodl-tmp/data/R-bench/validation/d0bbfdd40af35fcc.jpg,coffee cup,silver item,near,near,1,calib,spatial,Positive,Is the coffee cup located near the silver item?,104|502|371|399,311|92|448|696
f5288d905c37663c.jpg,/root/autodl-tmp/data/R-bench/validation/f5288d905c37663c.jpg,woman,trash cans,near,near,1,calib,spatial,Positive,Is the woman writing near the trash cans?,492|131|286|637,348|315|236|361
63704d1bbcd07d02.jpg,/root/autodl-tmp/data/R-bench/validation/63704d1bbcd07d02.jpg,car,field,near,near,1,eval,spatial,Positive,Is the car near a field?,215|38|809|722,0|146|348|292
a202156cdcee0cb1.jpg,/root/autodl-tmp/data/R-bench/validation/a202156cdcee0cb1.jpg,boat,buildings,near,near,1,calib,spatial,Positive,Is the boat near the buildings?,253|727|150|266,0|0|273|1004
c7d96e7900e063e1.jpg,/root/autodl-tmp/data/R-bench/validation/c7d96e7900e063e1.jpg,christmas tree,green cabinet,near,near,1,calib,spatial,Positive,Is the Christmas tree located near the green cabinet?,502|0|71|109,10|7|799|669
887113740f7d7548.jpg,/root/autodl-tmp/data/R-bench/validation/887113740f7d7548.jpg,skyscraper,train system,near,near,1,eval,spatial,Positive,Is there a skyscraper in the image that is located near a train system?,184|82|72|197,0|293|737|388
dff6f60afdd03e92.jpg,/root/autodl-tmp/data/R-bench/validation/dff6f60afdd03e92.jpg,large wheel of the tractor,man,near,near,1,calib,spatial,Opposite,Is the large wheel of the tractor located near the man?,522|259|92|232,458|249|72|211
1db3793d7c84faa1.jpg,/root/autodl-tmp/data/R-bench/validation/1db3793d7c84faa1.jpg,limousine,sidewalk,near,near,1,eval,spatial,Positive,Is the limousine parked near the sidewalk?,92|276|819|315,92|284|819|307
1f5cf6e96f0e0690.jpg,/root/autodl-tmp/data/R-bench/validation/1f5cf6e96f0e0690.jpg,computer,screen,in front of,behind,1,eval,spatial,Positive,Is the computer in front of the screen?,184|20|438|349,169|20|468|359
e9b6333284bec5b5.jpg,/root/autodl-tmp/data/R-bench/validation/e9b6333284bec5b5.jpg,dog,rifle,in front of,behind,0,calib,spatial,Positive,Is the dog sitting in front of the rifle?,392|195|169|430,0|625|722|256
af7c6395e7fdbeb5.jpg,/root/autodl-tmp/data/R-bench/validation/af7c6395e7fdbeb5.jpg,beer glass,people,in front of,behind,1,eval,spatial,Positive,Is the beer glass sitting in front of the people?,373|38|326|697,686|0|338|592
0fa22c0df9c6f3c6.jpg,/root/autodl-tmp/data/R-bench/validation/0fa22c0df9c6f3c6.jpg,man,taj mahal,in front of,behind,0,eval,spatial,Opposite,Is the man in front of the Taj Mahal?,238|696|138|174,84|102|661|471
0485fd5533a9a837.jpg,/root/autodl-tmp/data/R-bench/validation/0485fd5533a9a837.jpg,kangaroo,bushes,in front of,behind,1,calib,spatial,Positive,Is the kangaroo sitting in front of the bushes?,169|379|369|604,0|0|768|973
46b1e160e19f7080.jpg,/root/autodl-tmp/data/R-bench/validation/46b1e160e19f7080.jpg,couple,wood paneled wall,in front of,behind,0,eval,spatial,Opposite.,Is the couple standing in front of a wood paneled wall?,61|47|871|624,0|0|1024|678
59b371efc0009dad.jpg,/root/autodl-tmp/data/R-bench/validation/59b371efc0009dad.jpg,car,trees,in front of,behind,1,eval,spatial,Positive,Is the car in front of the trees?,61|89|891|533,41|0|369|253
82560833eab971a5.jpg,/root/autodl-tmp/data/R-bench/validation/82560833eab971a5.jpg,people,food stand,in front of,behind,0,eval,spatial,Opposite,Are the people in the image standing in front of the food stand?,358|129|215|318,358|433|287|170
75a5942a2f0a04eb.jpg,/root/autodl-tmp/data/R-bench/validation/75a5942a2f0a04eb.jpg,bagel,cake,in front of,behind,1,eval,spatial,Opposite,Is the bagel in front of the cake?,0|197|768|606,267|42|351|164
59a9abf74e5b31a3.jpg,/root/autodl-tmp/data/R-bench/validation/59a9abf74e5b31a3.jpg,train,red car,in front of,behind,0,eval,spatial,Opposite,Is the train in front of the red car?,82|328|942|327,573|584|226|61
68624a5135fb2f39.jpg,/root/autodl-tmp/data/R-bench/validation/68624a5135fb2f39.jpg,man,podium,in front of,behind,1,calib,spatial,Positive,Is the man in the image speaking in front of a podium?,0|55|481|857,246|693|778|219
4037daacf65afd17.jpg,/root/autodl-tmp/data/R-bench/validation/4037daacf65afd17.jpg,man,large structure,in front of,behind,0,eval,spatial,Positive,Is the man sitting in front of the large structure?,622|758|54|143,0|61|737|912
464b7d197826674d.jpg,/root/autodl-tmp/data/R-bench/validation/464b7d197826674d.jpg,bench,water,in front of,behind,1,eval,spatial,Positive,Is the bench in front of the water?,133|323|707|337,133|323|707|337
b18f7b35bdb3c8d9.jpg,/root/autodl-tmp/data/R-bench/validation/b18f7b35bdb3c8d9.jpg,man,blue backdrop,in front of,behind,0,eval,spatial,Opposite,Is the man in the image standing in front of a blue backdrop?,317|75|471|601,0|0|1024|683
3994011ca62ac82b.jpg,/root/autodl-tmp/data/R-bench/validation/3994011ca62ac82b.jpg,black puppy,larger puppy,in front of,behind,1,eval,spatial,Positive,Is the black puppy standing in front of a larger puppy?,82|0|768|685,0|0|799|274
28f45b12ee25ae19.jpg,/root/autodl-tmp/data/R-bench/validation/28f45b12ee25ae19.jpg,girl,bookshelf,in front of,behind,1,eval,spatial,Positive,Is the girl reading a book in front of a bookshelf?,748|197|256|690,0|260|1024|591
3e49a1c1b227ea28.jpg,/root/autodl-tmp/data/R-bench/validation/3e49a1c1b227ea28.jpg,man,chalkboard,in front of,behind,1,eval,spatial,Opposite,Is the man in the image standing in front of the chalkboard?,502|261|225|484,0|77|1024|422
0f731adcd7458c2b.jpg,/root/autodl-tmp/data/R-bench/validation/0f731adcd7458c2b.jpg,dog,television,in front of,behind,1,calib,spatial,Positive,Is the dog in front of the television?,358|200|441|568,737|38|287|277
4039b8cc5d440313.jpg,/root/autodl-tmp/data/R-bench/validation/4039b8cc5d440313.jpg,blue bus,trees,in front of,behind,1,eval,spatial,Positive,Is the blue bus parked in front of the trees?,41|61|860|684,41|61|860|684
e40cea9dec7abb73.jpg,/root/autodl-tmp/data/R-bench/validation/e40cea9dec7abb73.jpg,antelope,tree,in front of,behind,1,eval,spatial,Positive,Is the antelope standing in front of the tree?,142|72|752|921,0|0|1016|420
cfbed1f15e5f06c6.jpg,/root/autodl-tmp/data/R-bench/validation/cfbed1f15e5f06c6.jpg,blue golf cart,red golf cart,in front of,behind,1,calib,spatial,Positive,Is the blue golf cart parked in front of the red golf cart?,369|261|594|492,10|269|379|322
fb214437fd81f122.jpg,/root/autodl-tmp/data/R-bench/validation/fb214437fd81f122.jpg,blue car,woman,in front of,behind,1,calib,spatial,Positive,Is the blue car in front of the woman?,0|399|676|564,403|410|89|143
6dc9c50218de115b.jpg,/root/autodl-tmp/data/R-bench/validation/6dc9c50218de115b.jpg,man,chalkboard,in front of,behind,1,eval,spatial,Positive,Is the man standing in front of a chalkboard?,369|223|194|261,440|146|584|330
d5bc065dcbf157d6.jpg,/root/autodl-tmp/data/R-bench/validation/d5bc065dcbf157d6.jpg,red convertible ferrari,large building,in front of,behind,1,eval,spatial,Positive,Is the red convertible Ferrari parked in front of a large building?,77|502|630|440,0|0|768|420
63704d1bbcd07d02.jpg,/root/autodl-tmp/data/R-bench/validation/63704d1bbcd07d02.jpg,car,field,in front of,behind,1,eval,spatial,Opposite,Is the car in front of the field?,215|38|809|722,0|146|348|292
27c41bbdb49d6f5f.jpg,/root/autodl-tmp/data/R-bench/validation/27c41bbdb49d6f5f.jpg,man,computer,in front of,behind,1,eval,spatial,Positive,Is the man in the image sitting in front of a computer?,122|228|502|336,92|314|328|253
948794bfee784412.jpg,/root/autodl-tmp/data/R-bench/validation/948794bfee784412.jpg,dog,potted plants,in front of,behind,1,calib,spatial,Positive,Is the dog standing in front of the potted plants?,266|137|707|546,440|0|195|212
0e7294d6ce0c1ee3.jpg,/root/autodl-tmp/data/R-bench/validation/0e7294d6ce0c1ee3.jpg,dog,people,in front of,behind,1,eval,spatial,Positive,Is the dog in front of the people?,113|61|819|551,594|0|297|272
8ae3bac7967df4b7.jpg,/root/autodl-tmp/data/R-bench/validation/8ae3bac7967df4b7.jpg,man,helicopter,in front of,behind,1,eval,spatial,Positive,Is the man in the image standing in front of a helicopter?,8|41|737|983,131|20|637|256
5894684a6f19c9a5.jpg,/root/autodl-tmp/data/R-bench/validation/5894684a6f19c9a5.jpg,car,church,in front of,behind,1,eval,spatial,Positive,Is the car parked in front of the church?,113|156|911|517,113|156|911|517
e51e3156ed41b3a8.jpg,/root/autodl-tmp/data/R-bench/validation/e51e3156ed41b3a8.jpg,glass,bottle,in front of,behind,1,eval,spatial,Positive,Is the glass of wine in front of the bottle?,82|61|450|612,0|7|532|666
57711acbb13dc757.jpg,/root/autodl-tmp/data/R-bench/validation/57711acbb13dc757.jpg,bull,fence,in front of,behind,1,calib,spatial,Opposite,Is the bull standing in front of the fence?,174|131|789|591,0|453|1024|307
a75bd3ec4cd51c51.jpg,/root/autodl-tmp/data/R-bench/validation/a75bd3ec4cd51c51.jpg,man,microphone,in front of,behind,1,calib,spatial,Positive,Is the man in the image standing in front of a microphone?,54|31|637|993,369|195|69|81
e2d6553151f7231b.jpg,/root/autodl-tmp/data/R-bench/validation/e2d6553151f7231b.jpg,woman,food truck,in front of,behind,1,calib,spatial,Positive,Is there a woman standing in front of the food truck?,113|232|102|328,102|55|912|601
3b2444d13b3b30e1.jpg,/root/autodl-tmp/data/R-bench/validation/3b2444d13b3b30e1.jpg,man,sign,in front of,behind,1,calib,spatial,Positive,Is the man in the image sitting in front of a sign that says Mexico?,61|66|953|728,61|614|420|164
7596194352869e89.jpg,/root/autodl-tmp/data/R-bench/validation/7596194352869e89.jpg,van,street,on,under,1,eval,spatial,Positive,Is the van parked on the street?,102|108|861|606,102|108|861|606
bd12ea92bcab1afd.jpg,/root/autodl-tmp/data/R-bench/validation/bd12ea92bcab1afd.jpg,black suv,black car,on,under,0,eval,spatial,Opposite,Is the black SUV parked on the opposite side of the road as the black car?,31|154|911|522,31|154|911|522
3a1311935103446d.jpg,/root/autodl-tmp/data/R-bench/validation/3a1311935103446d.jpg,car,sidewalk,on,under,1,eval,spatial,Opposite,Is the car parked on the sidewalk?,92|115|932|453,0|376|1024|392
1db3793d7c84faa1.jpg,/root/autodl-tmp/data/R-bench/validation/1db3793d7c84faa1.jpg,stretch limo,wet street,on,under,0,eval,spatial,Opposite,Is the stretch limo parked on a wet street?,92|276|819|315,92|276|819|315
49595029959689b7.jpg,/root/autodl-tmp/data/R-bench/validation/49595029959689b7.jpg,vehicle,road,on,under,1,calib,spatial,Positive,Is the vehicle parked on the side of the road?,20|154|932|576,20|161|932|569
37c4fa2b815c0b00.jpg,/root/autodl-tmp/data/R-bench/validation/37c4fa2b815c0b00.jpg,black old-fashioned car,street,on,under,0,calib,spatial,Opposite,Is the black old-fashioned car in the image parked on the street?,0|102|1024|799,0|102|1024|799
cf152d085e5ff80e.jpg,/root/autodl-tmp/data/R-bench/validation/cf152d085e5ff80e.jpg,truck,lawn,on,under,1,calib,spatial,Positive,Is the truck parked on the lawn?,72|230|891|323,0|430|1024|230
e4fabe3c9e27d528.jpg,/root/autodl-tmp/data/R-bench/validation/e4fabe3c9e27d528.jpg,black classic car,gravel,on,under,0,calib,spatial,Opposite,Is the black classic car in the image parked on gravel?,123|8|840|735,123|8|840|735
94a0efb2383b5178.jpg,/root/autodl-tmp/data/R-bench/validation/94a0efb2383b5178.jpg,red truck,side of the road,on,under,1,eval,spatial,Positive,Is the red truck parked on the side of the road?,72|61|870|630,72|61|870|630
cee436168b5e16ed.jpg,/root/autodl-tmp/data/R-bench/validation/cee436168b5e16ed.jpg,dark green car,road,on,under,0,eval,spatial,Opposite,Is the dark green car parked on the road?,41|81|881|562,41|81|881|562
16349005622c6450.jpg,/root/autodl-tmp/data/R-bench/validation/16349005622c6450.jpg,motorcycle,road,on,under,1,eval,spatial,Positive,Is the motorcycle parked on the side of the road?,20|8|594|729,20|8|994|729
5894684a6f19c9a5.jpg,/root/autodl-tmp/data/R-bench/validation/5894684a6f19c9a5.jpg,red car,side of the street,on,under,0,eval,spatial,Opposite,Is the red car parked on the side of the street?,113|156|911|517,113|156|911|517
07d49ad2075e876b.jpg,/root/autodl-tmp/data/R-bench/validation/07d49ad2075e876b.jpg,gray car,side of the street,on,under,1,calib,spatial,Positive,Is the gray car parked on the side of the street?,0|169|1014|562,0|169|1014|562
1d5e24ad2e68770d.jpg,/root/autodl-tmp/data/R-bench/validation/1d5e24ad2e68770d.jpg,car,road,on,under,1,eval,spatial,Positive,Is the car parked on the side of the road?,61|108|871|529,61|108|871|529
321da37c33ba3ce7.jpg,/root/autodl-tmp/data/R-bench/validation/321da37c33ba3ce7.jpg,taxi,road,on,under,1,eval,spatial,Positive,Is the taxi in the image parked on the side of the road?,219|0|669|527,215|40|676|478
e742e284c7c9da96.jpg,/root/autodl-tmp/data/R-bench/validation/e742e284c7c9da96.jpg,car,side of the road,on,under,1,eval,spatial,Positive,Is the car parked on the side of the road?,72|100|921|522,72|100|921|522
a94c4223d45aaf34.jpg,/root/autodl-tmp/data/R-bench/validation/a94c4223d45aaf34.jpg,antique car,grass,on,under,1,eval,spatial,Positive,Is the antique car parked on the grass?,102|27|799|595,102|34|799|588
8bd2f596a7e0d2eb.jpg,/root/autodl-tmp/data/R-bench/validation/8bd2f596a7e0d2eb.jpg,yellow car,grass,on,under,1,calib,spatial,Positive,Is the yellow car in the image parked on the grass?,61|55|850|593,61|55|850|593
3168f721ef150091.jpg,/root/autodl-tmp/data/R-bench/validation/3168f721ef150091.jpg,silver car,gravel road,on,under,1,calib,spatial,Positive,Is the silver car parked on the side of the gravel road?,0|200|778|499,0|200|778|499
a46091cf102d43aa.jpg,/root/autodl-tmp/data/R-bench/validation/a46091cf102d43aa.jpg,small airplane,grass,on,under,1,eval,spatial,Positive,Is the small airplane parked on the grass?,133|239|860|246,133|239|860|246
6042faf71b128601.jpg,/root/autodl-tmp/data/R-bench/validation/6042faf71b128601.jpg,red car,grass,on,under,1,calib,spatial,Positive,Is the red car parked on the grass?,92|150|850|485,92|150|850|485
f8a296c18fefa1e5.jpg,/root/autodl-tmp/data/R-bench/validation/f8a296c18fefa1e5.jpg,red car,grass,on,under,1,eval,spatial,Positive,Is the red car parked on the grass?,31|123|942|505,0|396|1024|287
867cf6cc9a1c2acf.jpg,/root/autodl-tmp/data/R-bench/validation/867cf6cc9a1c2acf.jpg,white car,road,on,under,1,calib,spatial,Positive,Is the white car parked on the road?,61|269|871|461,61|269|871|461
775ac6a03dbec98c.jpg,/root/autodl-tmp/data/R-bench/validation/775ac6a03dbec98c.jpg,silver car,side of the road,on,under,1,calib,spatial,Positive,Is the silver car parked on the side of the road?,61|0|963|684,61|0|963|684
1cdd5f88863aec33.jpg,/root/autodl-tmp/data/R-bench/validation/1cdd5f88863aec33.jpg,motorcycle,sidewalk,on,under,1,calib,spatial,Positive,Is the motorcycle parked on the sidewalk?,2|98|1022|604,0|98|1024|606
12429c1a9d340911.jpg,/root/autodl-tmp/data/R-bench/validation/12429c1a9d340911.jpg,black suv,flowers,behind,in front of,1,eval,spatial,Positive,Is the black SUV parked behind the flowers?,102|69|738|455,102|69|738|455
a96f938d1ed1fdc5.jpg,/root/autodl-tmp/data/R-bench/validation/a96f938d1ed1fdc5.jpg,man,trees,behind,in front of,0,eval,spatial,Opposite,Is the man in the image behind the trees?,164|133|382|891,0|0|683|389
d0ae7b86f30a2f57.jpg,/root/autodl-tmp/data/R-bench/validation/d0ae7b86f30a2f57.jpg,ostrich,fence,behind,in front of,1,calib,spatial,Positive,Is the ostrich standing behind the fence?,50|54|761|629,0|342|1024|334
7092b10448a58362.jpg,/root/autodl-tmp/data/R-bench/validation/7092b10448a58362.jpg,red car,other cars,behind,in front of,0,calib,spatial,Opposite,Is the red car in the image behind the other cars?,61|307|584|328,164|82|215|102
cecebfac91ae2c38.jpg,/root/autodl-tmp/data/R-bench/validation/cecebfac91ae2c38.jpg,man,counter,behind,in front of,1,eval,spatial,Opposite,Is the man behind the counter?,31|54|501|414,0|438|932|330
ce97f7bc90e97109.jpg,/root/autodl-tmp/data/R-bench/validation/ce97f7bc90e97109.jpg,red car,black suv,behind,in front of,0,eval,spatial,Opposite,Is the red car parked behind the black SUV?,92|102|860|530,92|102|850|530
952dd90f8d1024bd.jpg,/root/autodl-tmp/data/R-bench/validation/952dd90f8d1024bd.jpg,girl,car,behind,in front of,1,eval,spatial,Positive,Is the girl in the image standing behind the car?,729|32|65|146,41|27|983|649
255bfaef93b509cf.jpg,/root/autodl-tmp/data/R-bench/validation/255bfaef93b509cf.jpg,truck,plume of smoke,behind,in front of,0,eval,spatial,Opposite,Is the truck parked behind the plume of smoke?,40|118|907|570,31|0|870|284
5186be6866db2e1c.jpg,/root/autodl-tmp/data/R-bench/validation/5186be6866db2e1c.jpg,red sports car,another car on the road,behind,in front of,1,eval,spatial,Positive,Is the red sports car behind another car on the road?,123|273|594|280,123|273|594|280
76dc2394748a20de.jpg,/root/autodl-tmp/data/R-bench/validation/76dc2394748a20de.jpg,person,dog,behind,in front of,0,calib,spatial,Positive,Is the person behind the dog?,0|0|369|615,420|191|399|226
299f0363ae21d1c3.jpg,/root/autodl-tmp/data/R-bench/validation/299f0363ae21d1c3.jpg,blue sports car,commercial van,behind,in front of,1,eval,spatial,Positive,Is the blue sports car behind a commercial van?,164|150|696|444,462|396|127|66
64c9f3614d5e8168.jpg,/root/autodl-tmp/data/R-bench/validation/64c9f3614d5e8168.jpg,scooter,skateboard,behind,in front of,0,eval,spatial,Opposite,Is the scooter behind the skateboard?,143|458|574|198,143|458|574|198
84930606ad9bc457.jpg,/root/autodl-tmp/data/R-bench/validation/84930606ad9bc457.jpg,woman,counter,behind,in front of,1,eval,spatial,Opposite,Is the woman standing behind the counter?,223|164|368|696,0|819|768|205
299f0363ae21d1c3.jpg,/root/autodl-tmp/data/R-bench/validation/299f0363ae21d1c3.jpg,blue lotus,vehicle advertising jennie's flowers,behind,in front of,0,eval,spatial,Opposite,Is the blue Lotus stopped behind a vehicle advertising Jennie's Flowers?,164|157|696|437,462|396|127|66
8617694c95033edf.jpg,/root/autodl-tmp/data/R-bench/validation/8617694c95033edf.jpg,man,mule,behind,in front of,1,eval,spatial,Positive,Is the man in the image behind the mule?,10|27|154|459,184|192|584|485
cc2a3e52994f7b80.jpg,/root/autodl-tmp/data/R-bench/validation/cc2a3e52994f7b80.jpg,lynx,tree,behind,in front of,0,eval,spatial,Opposite,Is the lynx standing behind the tree?,71|110|566|573,563|0|461|683
7fa8b4a5f88946e4.jpg,/root/autodl-tmp/data/R-bench/validation/7fa8b4a5f88946e4.jpg,giraffe,zebras,behind,in front of,1,eval,spatial,Positive,Is the giraffe standing behind the zebras?,245|221|472|566,61|686|500|225
b2ff1ad9c720c837.jpg,/root/autodl-tmp/data/R-bench/validation/b2ff1ad9c720c837.jpg,man,woman,behind,in front of,1,calib,spatial,Opposite,Is the man behind the woman pushing her?,212|236|271|276,141|340|273|485
6ebc35666d60f5e2.jpg,/root/autodl-tmp/data/R-bench/validation/6ebc35666d60f5e2.jpg,white lily,green wet plants,on top of,under,1,eval,spatial,Positive,Is the white lily on top of green wet plants?,164|69|665|645,164|69|665|645
a62462153630add0.jpg,/root/autodl-tmp/data/R-bench/validation/a62462153630add0.jpg,owl,red suitcase,on top of,under,0,eval,spatial,Opposite,Is the owl in a cage on top of the red suitcase?,232|215|219|317,490|433|154|230
fc82096621a3bf96.jpg,/root/autodl-tmp/data/R-bench/validation/fc82096621a3bf96.jpg,sugar coated baked good,white plate,on top of,under,1,calib,spatial,Positive,Is the sugar coated baked good on top of the white plate?,512|174|389|341,0|296|1024|454
ac5cb1e70666bd27.jpg,/root/autodl-tmp/data/R-bench/validation/ac5cb1e70666bd27.jpg,rifle with a scope,purple tripod,on top of,under,0,eval,spatial,Opposite,Is the rifle with a scope on top of the purple tripod?,113|230|215|292,113|230|215|292
c8a4a228c9df91ef.jpg,/root/autodl-tmp/data/R-bench/validation/c8a4a228c9df91ef.jpg,man,mountain,on top of,under,1,eval,spatial,Positive,Is the man in the image on top of a mountain?,358|240|543|445,0|192|1024|493
c269b0d43c7ef12f.jpg,/root/autodl-tmp/data/R-bench/validation/c269b0d43c7ef12f.jpg,scoop of ice cream,stack of pancakes,on top of,under,1,eval,spatial,Positive,Is the scoop of ice cream on top of the stack of pancakes?,348|46|369|292,174|238|686|392
f0f3cbd5ccd82bd8.jpg,/root/autodl-tmp/data/R-bench/validation/f0f3cbd5ccd82bd8.jpg,plate,table,on top of,under,1,calib,spatial,Opposite,Is the plate on top of the table?,284|348|254|62,115|317|622|687
a3aade02e5418967.jpg,/root/autodl-tmp/data/R-bench/validation/a3aade02e5418967.jpg,bowl,red plate,on top of,under,1,eval,spatial,Positive,Is the bowl of candies on top of the red plate?,23|45|645|369,0|20|1024|656
ee066cfc214185cb.jpg,/root/autodl-tmp/data/R-bench/validation/ee066cfc214185cb.jpg,plate,placemat,on top of,under,1,calib,spatial,Positive,Is the plate on top of the placemat?,0|238|1024|522,0|77|1024|322
c1e61b37a07c748f.jpg,/root/autodl-tmp/data/R-bench/validation/c1e61b37a07c748f.jpg,doughnut,paper bag,on top of,under,1,eval,spatial,Positive,Is the doughnut on top of the paper bag?,232|86|477|476,23|10|745|1004
89cd3ed1aa28cc13.jpg,/root/autodl-tmp/data/R-bench/validation/89cd3ed1aa28cc13.jpg,mummy doll,picnic basket,on top of,under,1,calib,spatial,Positive,Is the mummy doll on top of the picnic basket?,82|184|840|389,133|420|676|399
37aa4955abe6f603.jpg,/root/autodl-tmp/data/R-bench/validation/37aa4955abe6f603.jpg,egg,bread,on top of,under,1,calib,spatial,Positive,Is the egg on top of the bread?,20|198|697|444,31|198|676|444
150612cbff32ca98.jpg,/root/autodl-tmp/data/R-bench/validation/150612cbff32ca98.jpg,hamster,couch,on top of,under,1,eval,spatial,Positive,Is the hamster in the image crouched on top of a couch?,20|75|615|541,20|75|615|541
1c63f023a27a8a05.jpg,/root/autodl-tmp/data/R-bench/validation/1c63f023a27a8a05.jpg,lighthouse,mountain,on top of,under,1,eval,spatial,Opposite,Is the lighthouse on top of a mountain?,778|156|51|95,195|265|829|414
1cadca0d3ff6e185.jpg,/root/autodl-tmp/data/R-bench/validation/1cadca0d3ff6e185.jpg,vase,small table,on top of,under,1,calib,spatial,Positive,Is the vase on top of the small table?,300|655|176|164,230|768|262|256
34b8358262d2a434.jpg,/root/autodl-tmp/data/R-bench/validation/34b8358262d2a434.jpg,blue starfish,rock,on top of,under,1,eval,spatial,Positive,Is the blue starfish lying on top of the rock?,246|154|532|468,461|92|307|284
805d2f6bfb4f5cba.jpg,/root/autodl-tmp/data/R-bench/validation/805d2f6bfb4f5cba.jpg,sink,mirror,under,on top of,1,calib,spatial,Positive,Is the sink located under the mirror?,450|640|83|59,299|133|430|543
b6f26c9d7c6667c5.jpg,/root/autodl-tmp/data/R-bench/validation/b6f26c9d7c6667c5.jpg,bed,lamp,under,on top of,0,eval,spatial,Positive,Is the bed under the lamp?,0|154|1024|606,123|207|123|192
2f666bfe74564b04.jpg,/root/autodl-tmp/data/R-bench/validation/2f666bfe74564b04.jpg,sewing machine,lamp,under,on top of,1,calib,spatial,Positive,Is the sewing machine under the lamp?,154|77|665|491,154|77|665|491
a7b31e5f2ca9a02f.jpg,/root/autodl-tmp/data/R-bench/validation/a7b31e5f2ca9a02f.jpg,child,cushion fort,under,on top of,1,calib,spatial,Positive,Is the child hiding under the cushion fort?,420|330|143|192,246|192|317|376
28bd6c6b1050e055.jpg,/root/autodl-tmp/data/R-bench/validation/28bd6c6b1050e055.jpg,cat,front tire of the black car,under,on top of,1,calib,spatial,Positive,Is the cat sleeping under the front tire of the black car?,648|532|180|92,0|0|963|533
40e3252f39eee5d3.jpg,/root/autodl-tmp/data/R-bench/validation/40e3252f39eee5d3.jpg,sink,faucet,under,on top of,1,eval,spatial,Opposite,Is the sink under the faucet?,0|666|300|153,61|543|123|164
9ddd7110b59880c8.jpg,/root/autodl-tmp/data/R-bench/validation/9ddd7110b59880c8.jpg,saucer,tea cup,under,on top of,1,calib,spatial,Opposite,Is the saucer under the tea cup?,72|223|809|461,174|15|717|515
920cdf2d9f5a8b82.jpg,/root/autodl-tmp/data/R-bench/validation/920cdf2d9f5a8b82.jpg,van,wooden roof,under,on top of,1,calib,spatial,Positive,Is the van parked under a wooden roof?,125|221|771|331,0|0|1024|219
182268e1f8c6525f.jpg,/root/autodl-tmp/data/R-bench/validation/182268e1f8c6525f.jpg,orange car,tree,under,on top of,1,eval,spatial,Positive,Is the orange car parked under the tree?,82|137|666|464,82|137|666|464
71c022fa0b5b7ec6.jpg,/root/autodl-tmp/data/R-bench/validation/71c022fa0b5b7ec6.jpg,dresser,window,under,on top of,1,eval,spatial,Opposite,Is the dresser under the window?,344|748|476|276,148|205|672|522
8da3d7c3edb36065.jpg,/root/autodl-tmp/data/R-bench/validation/8da3d7c3edb36065.jpg,wine rack,microwave oven,above,below,1,eval,spatial,Opposite,Is the wine rack above the microwave oven?,573|0|441|399,584|451|358|194
940e0e3d0364232a.jpg,/root/autodl-tmp/data/R-bench/validation/940e0e3d0364232a.jpg,airplane,flag,above,below,1,eval,spatial,Positive,Is the airplane above the flag?,420|380|317|126,703|272|279|572
cd1b5b442c1f0274.jpg,/root/autodl-tmp/data/R-bench/validation/cd1b5b442c1f0274.jpg,bee,purple flowers,above,below,1,calib,spatial,Positive,Is the bee flying above the purple flowers?,288|317|241|134,427|328|436|379
9ba56debc7e20d8c.jpg,/root/autodl-tmp/data/R-bench/validation/9ba56debc7e20d8c.jpg,blue curtain,table,above,below,1,eval,spatial,Positive,Is the blue curtain hanging above the table?,8|92|745|789,522|758|246|266
8d1e53413cd9c13f.jpg,/root/autodl-tmp/data/R-bench/validation/8d1e53413cd9c13f.jpg,traffic sign,traffic light,below,above,1,eval,spatial,Opposite,Is the traffic sign below the traffic light?,267|616|322|316,175|82|182|532
