image_id,s,o,r,label,split,family,qtype,d_id:s,d_id:o,d_id:so,d_inv:s,d_inv:o,d_inv:so,a_orig
8c4e736ef60aa3f9.jpg,man,red hat,wearing,1,calib,non-spatial,Positive,3.3125,3.703125,3.25,3.1875,2.9375,3.078125,1.671875
cc3be92a42a1ce64.jpg,man,clothing,wearing,0,calib,non-spatial,Positive,0.75,1.4062500596046448,2.65625,0.78125,0.4531249403953552,1.5781249403953552,2.171875
336bacff8461dbaa.jpg,woman,red swimsuit,wearing,1,eval,non-spatial,Positive,0.8124998807907104,0.5624998807907104,0.9218748807907104,2.015625,3.2968749403953552,1.953125,1.8593748807907104
9ae2d9c5782e3d8c.jpg,man,black coat,wearing,0,eval,non-spatial,Opposite,4.453125,4.453125,4.390625,2.0624999403953552,2.0624999403953552,2.1249999403953552,5.515625
ce7ee590cc097ae0.jpg,blonde barbie doll,pink lipstick,wearing,1,eval,non-spatial,Positive,3.6562500596046448,2.21875,3.84375,2.3437500596046448,1.4375,2.4375000596046448,3.71875
63e2c41f873864a3.jpg,man,santa costume,wearing,0,calib,non-spatial,Opposite,4.96875,4.96875,5.09375,2.59375,2.59375,2.65625,6.625
3d27c190d43ac211.jpg,man,swim cap,wearing,1,eval,non-spatial,Positive,0.546875,0.765625,0.578125,-0.15625,0.3125,-0.12499994039535522,2.921875
a51400dd646350f7.jpg,man,vest,wearing,0,calib,non-spatial,Opposite,1.640625,1.640625,1.25,2.6093750596046448,2.6093750596046448,2.34375,0.109375
55f1af9a02042d09.jpg,man,roller skates,wearing,1,eval,non-spatial,Positive,-0.26562488079071045,0.0,-0.26562488079071045,-0.34375,0.0,-0.34375,1.71875
5635c9b530f89131.jpg,man,black suit,wearing,0,eval,non-spatial,Opposite,2.296875,-0.1875,2.078125,2.671875,0.03125,2.046875,4.1875
c4e8395425f49d05.jpg,man,helmet,wearing,1,calib,non-spatial,Positive,3.2187499403953552,3.765625,3.125,3.71875,4.015625,3.7499999403953552,4.203125
125fd09ae6bccf6a.jpg,man,blue goggle,wearing,0,calib,non-spatial,Opposite,0.0,0.0,0.0,0.0,0.0,0.0,0.5781250596046448
c54175229271d3f0.jpg,woman,underwear,wearing,1,calib,non-spatial,Opposite,4.421875,3.90625,4.468750059604645,-0.625,-0.296875,-0.6562499403953552,4.859375
ec54e8eb3ba51fd9.jpg,boys,hats,wearing,0,calib,non-spatial,Positive,2.90625,0.515625,8.03125,2.5781250596046448,1.234375,3.6406250596046448,6.28125
ac36d564ad0b93e1.jpg,woman,blue outfit,wearing,1,eval,non-spatial,Positive,4.765625,4.90625,4.75,3.390625,3.6875,3.375,4.796875
c7133cc36acc887d.jpg,girl,heart-shaped gem,wearing,0,eval,non-spatial,Opposite,2.015625,2.015625,2.0,1.4531251192092896,1.4531251192092896,1.234375,4.21875
53859c6247a3db01.jpg,man,glasses,wearing,1,eval,non-spatial,Opposite,2.109375,2.28125,2.0625,1.609375,2.5625,1.609375,5.21875
626a3711b885a310.jpg,man,goggles,wearing,0,calib,non-spatial,Opposite,-1.6875,0.625,0.34375,-0.78125,-0.6562500596046448,-0.109375,1.6875
c22e29581c0e797e.jpg,man,blue helmet,wearing,1,eval,non-spatial,Opposite,1.734375,2.65625,1.5468748807907104,3.140625,2.8749999403953552,3.125,3.390625
409f7b5ca2a458c6.jpg,woman,swim cap,wearing,0,eval,non-spatial,Opposite,-0.515625,0.296875,-0.640625,-0.4375,0.265625,0.3593750596046448,3.5625
1e73dd071c85fe3d.jpg,man,helmet,wearing,1,calib,non-spatial,Positive,1.796875,3.34375,1.828125,0.921875,2.34375,0.9531249403953552,3.28125
24073df6a9c58c6b.jpg,boy,swim cap,wearing,0,eval,non-spatial,Opposite,0.0,0.0625,1.0,0.296875,-0.28125,1.0625,2.234375
ecb9d4f10c69569d.jpg,man,jeans,wearing,1,eval,non-spatial,Positive,-2.015625,0.0,-2.015625,-1.0625000596046448,0.0,-1.0625000596046448,-2.203125
9a716890c5e81744.jpg,woman,black dress,wearing,0,eval,non-spatial,Opposite,3.546875,3.546875,3.59375,4.359375,4.359375,4.4375,3.828125
1f7c714c88527e6b.jpg,man,shirt,wearing,1,calib,non-spatial,Positive,2.9999999403953552,3.109375,3.1093749403953552,1.921875,1.984375,2.0625000596046448,3.6875
a6fba3d8e01d2219.jpg,woman,glasses,wearing,0,eval,non-spatial,Opposite,4.078125,4.078125,4.15625,3.40625,3.40625,3.328125,5.609375
86463a5a7dcb1a69.jpg,man,cowboy hat,wearing,1,calib,non-spatial,Positive,3.109375,4.1875,3.203125,5.859375,4.390625,5.90625,4.90625
1f0c0b509013b719.jpg,woman,revealing top,wearing,0,eval,non-spatial,Opposite,2.1875,2.625,2.109375,3.2031250596046448,4.140625,3.1875,4.5625
295a7f2d76bcccb2.jpg,man,cowboy hat,wearing,1,eval,non-spatial,Positive,-1.390625,0.84375,-1.359375,1.328125,2.5,1.6875,3.546875
1a17241c6f0e6642.jpg,woman,roller skates,wearing,0,eval,non-spatial,Positive,1.578125,0.15625,1.78125,3.7031250596046448,0.171875,3.671875,4.28125
bc37ccba2857d1e7.jpg,man,headphones,wearing,1,calib,non-spatial,Positive,6.359375059604645,6.1875,6.593750059604645,3.34375,2.5,3.484375,5.859375
f2982de44f9ba275.jpg,batter,baseball glove,wearing,0,calib,non-spatial,Positive,-1.109375,0.546875,2.0937500596046448,-1.2812500596046448,-0.671875,-1.3125000596046448,2.75
582be29db5b1a39d.jpg,woman,fedora,wearing,1,eval,non-spatial,Positive,4.593750059604645,5.171875,4.140624940395355,4.15625,3.84375,3.90625,3.703125
a0da01a93a6f51bf.jpg,umpire,baseball glove,wearing,0,eval,non-spatial,Opposite,-0.5625,0.25,-0.20312494039535522,0.3281249403953552,-0.15625,0.18750005960464478,0.765625
bb38e87f8edff17e.jpg,man,accordion,wearing,1,eval,non-spatial,Positive,4.515625,5.859375,4.5625,1.9218749403953552,1.9843750596046448,1.9843750596046448,3.671875
114d6b81e7b1fa08.jpg,kids,martial arts uniforms,wearing,0,calib,non-spatial,Opposite,0.59375,1.3125,6.015625,1.0625,1.0,4.218749940395355,6.921875
2f8519bef8ae1be2.jpg,man,helmet,wearing,1,calib,non-spatial,Positive,2.2656249403953552,3.34375,2.21875,3.2187499403953552,3.40625,3.21875,2.96875
93b24942ce3d7bad.jpg,child,swimsuit,wearing,0,calib,non-spatial,Opposite,-2.5,-0.015625,-2.625,-1.1249999403953552,-0.10937494039535522,-1.8593749403953552,2.453125
c7133cc36acc887d.jpg,woman,tiara,wearing,1,eval,non-spatial,Positive,4.265625,4.265625,4.296874940395355,3.203125,3.203125,3.2343750596046448,3.625
af1efe94dd9f3cfa.jpg,woman,straw hat,wearing,0,eval,non-spatial,Positive,0.6406251192092896,-3.296875,-0.5156250596046448,1.1874999403953552,-1.6406250596046448,1.265625,-1.234375
f5288d905c37663c.jpg,person,trash can,wearing,1,calib,non-spatial,Opposite,3.2812499403953552,-0.25,2.671875,0.890625,0.265625,1.046875,3.765625
d5d1952f2fce9ab6.jpg,woman,hat,wearing,0,calib,non-spatial,Opposite,-1.296875,-0.15625,-1.359375,0.21875,0.140625,0.234375,-2.609375
4f7930bdc1214e9e.jpg,woman,wedding dress,wearing,1,calib,non-spatial,Positive,2.75,1.75,3.734375,3.3593750596046448,4.046875,3.578125,7.125
25ce96bd10afe1b0.jpg,people,red glasses,wearing,0,eval,non-spatial,Opposite,-1.921875,0.25,-0.359375,1.4375,1.109375,2.0625,1.375
8892e718f9108db9.jpg,man,hat,wearing,1,eval,non-spatial,Positive,6.000000059604645,1.171875,5.671875,6.140625059604645,3.3437501192092896,6.09375,5.375
7cf856f5398d8138.jpg,woman,skull,wearing,0,eval,non-spatial,Opposite,-0.1875,0.0,-0.09375,-0.14062494039535522,-0.10937494039535522,-0.09374994039535522,0.890625
421a93da4e4152f3.jpg,man,ball cap,wearing,1,eval,non-spatial,Random,3.46875,4.296875,3.46875,3.859375,3.0156248807907104,3.828125,4.78125
2a5afcdc389ddca3.jpg,person,backpack,wearing,0,calib,non-spatial,Opposite,0.234375,0.328125,0.421875,-0.109375,-1.3125,-1.5,6.4375
fb606f3170d6e48e.jpg,woman,blue jacket,wearing,1,eval,non-spatial,Positive,4.281250059604645,4.281250059604645,4.21875,5.375,5.375,5.359375,4.84375
c10540cd4f062e0c.jpg,woman,black shirt,wearing,0,eval,non-spatial,Opposite,3.796875,3.796875,3.9375,2.8281249403953552,2.8281249403953552,2.9531250596046448,3.9375
be67e17ec45f009e.jpg,man,suit,wearing,1,eval,non-spatial,Positive,4.28125,4.578125,4.9375,3.921875,3.8749999403953552,4.406249940395355,4.625
c0b0133682bf5fb2.jpg,man,montreal canadians jersey,wearing,0,eval,non-spatial,Opposite,0.5,4.375,4.234375,2.1875,4.6562498807907104,4.6250001192092896,3.171875
50f99527c1738ca2.jpg,man,striped shirt,wearing,1,calib,non-spatial,Positive,2.796875,3.09375,2.25,4.015625059604645,3.46875,3.71875,3.296875
7588a6de389ac33a.jpg,caterpillar,top hat,wearing,0,eval,non-spatial,Opposite,2.859375,3.984375,3.75,0.40625,0.859375,0.359375,4.5625
663389d2c9d562d8.jpg,man,helmet,wearing,1,eval,non-spatial,Positive,0.71875,2.375,0.734375,1.9062500596046448,2.484375,1.875,0.875
dd8a7bf210628fd7.jpg,woman,glasses,wearing,0,eval,non-spatial,Opposite,4.84375,0.421875,6.890625,4.234375,-1.96875,3.7187500596046448,6.3125
9a3d8225ac30a8eb.jpg,man,helmet,wearing,1,calib,non-spatial,Positive,3.8437499403953552,4.84375,3.828125,1.6093750596046448,1.984375,1.5937499403953552,4.734375
558e151c3fbc1ba3.jpg,woman,one piece uniform,wearing,0,eval,non-spatial,Opposite,2.625,1.2968751192092896,2.53125,3.765625,2.2343751192092896,3.703125,3.140625
66a8d1c74ad49ea1.jpg,man,hat,wearing,1,calib,non-spatial,Positive,1.625,0.0,1.625,2.75,0.0,2.75,-0.046875
1ced3ecaa077f2e4.jpg,person,swim cap,wearing,0,calib,non-spatial,Positive,0.46875,0.0,0.46875,1.703125,0.0,1.703125,3.546875
122804d032b58390.jpg,man,helmet,wearing,1,eval,non-spatial,Positive,3.71875,5.03125,3.7968750596046448,2.7031249403953552,3.5937500596046448,2.71875,4.4375
b22b89073480191e.jpg,girl,trousers,wearing,0,eval,non-spatial,Opposite,-2.484375,1.3125,-1.640625,-1.671875,1.984375,-0.046875,2.90625
8302f7352b501bc4.jpg,woman,high heels,wearing,1,eval,non-spatial,Opposite,1.515625,0.546875,1.5,3.828125,1.734375,3.796875,4.109375
5df386da132b567b.jpg,woman in the blue jacket,helmet,wearing,0,calib,non-spatial,Opposite,-1.984375,1.0,0.01562511920928955,1.875,0.703125,1.15625,1.828125
e27e575c922e7525.jpg,doll,necklace,wearing,1,eval,non-spatial,Positive,6.71875,5.546875,6.546875,3.453125,2.4218749403953552,3.34375,5.578125
c12a4117fe6910fc.jpg,man,scuba apparatus,wearing,0,calib,non-spatial,Random,1.2343749403953552,1.0625,1.6562500596046448,0.7656249403953552,0.0625,1.09375,2.171875
733abfb024695849.jpg,man,blue shirt,wearing,1,calib,non-spatial,Positive,1.90625,3.140625,2.015625,6.140625,5.453125,5.515625,4.171875
3220be9141f2d703.jpg,children,orange lifesavers,wearing,0,calib,non-spatial,Opposite,0.375,2.8125,5.625,0.90625,0.90625,2.640625,4.1875
64a40c0bc5e8a27a.jpg,person,glasses,wearing,1,calib,non-spatial,Positive,7.718750059604645,7.5625,7.812500059604645,5.8125,5.0625,5.765625,7.15625
589c3658dc27bcfd.jpg,woman,plaid skirt,wearing,0,calib,non-spatial,Opposite,5.484375,5.484375,5.5,4.625,4.625,4.609375,3.171875
c8a4a228c9df91ef.jpg,man,goggles,wearing,1,eval,non-spatial,Positive,3.984375,3.21875,3.890625,5.34375,2.890625,5.25,4.671875
c7a6a5f2a8f674ce.jpg,man,blue and yellow uniform,wearing,0,eval,non-spatial,Opposite,0.875,-0.640625,1.265625,1.28125,1.0,2.3125,2.3125
08bc48ffae1a678a.jpg,woman,hat,wearing,1,eval,non-spatial,Positive,2.390625,0.5625,2.515625,4.65625,0.9375,4.65625,0.859375
e4f48f34e6f386c8.jpg,woman,white strapless gown,wearing,0,calib,non-spatial,Opposite,1.96875,1.234375,2.03125,3.5625,2.46875,3.53125,3.359375
e6a6d650481599ba.jpg,man,helmet,wearing,1,calib,non-spatial,Positive,1.703125,3.9375,1.703125,1.8749999403953552,2.9218750596046448,1.6249999403953552,3.4375
25ce96bd10afe1b0.jpg,woman,glasses,wearing,0,eval,non-spatial,Positive,0.03125011920928955,-0.5625,0.0,-0.12499994039535522,0.15625,0.453125,1.96875
b5a1a0b0689eebd9.jpg,man,beard,wearing,1,eval,non-spatial,Positive,4.859375,4.84375,4.734375,4.0625,2.421875,4.250000059604645,6.859375
9f8550843e6f1ba6.jpg,woman,necklace,wearing,0,eval,non-spatial,Opposite,5.546875,5.546875,5.484374940395355,4.125,4.125,3.984375,4.640625
23f90952a8569149.jpg,woman,coat,wearing,1,calib,non-spatial,Positive,2.546875,2.546875,2.09375,2.828125,2.828125,2.96875,5.8125
8823286afacc9898.jpg,person,helmet,wearing,1,eval,non-spatial,Positive,2.21875,4.109375,2.328125,2.9374999403953552,3.203125,2.9999999403953552,3.78125
d9f6cc68c666b47c.jpg,woman,diving mask,wearing,1,calib,non-spatial,Positive,0.40625,0.40625,0.359375,1.46875,1.46875,1.03125,5.765625
88604d17afb317fd.jpg,woman,high heels,wearing,1,calib,non-spatial,Positive,3.546875,-1.875,3.984375,3.453125,0.71875,3.65625,3.40625
27c41bbdb49d6f5f.jpg,man,glasses,wearing,1,eval,non-spatial,Positive,4.53125,5.15625,4.5,4.546875,4.546875,4.59375,5.59375
a65def4ef8c48960.jpg,man,glasses,wearing,1,calib,non-spatial,Positive,6.109375,5.34375,5.937499940395355,5.265625,3.7499999403953552,5.1875,6.421875
f7acc51fbc7dafda.jpg,bride,veil,wearing,1,eval,non-spatial,Positive,2.609375,0.875,2.734375,3.234375,2.640625,3.3125000596046448,6.5625
a122feb61f920f4a.jpg,woman,gloves,wearing,1,calib,non-spatial,Positive,6.234375,0.03125,6.265625,3.875,0.78125,3.984375,4.546875
751093209b03118e.jpg,person in the middle of the image,suit,wearing,1,eval,non-spatial,Positive,0.203125,0.25,0.171875,-0.9375,-0.28125,-1.015625,1.78125
56fd536256dae19b.jpg,woman,stethoscope,wearing,1,calib,non-spatial,Positive,5.046875,1.6249998807907104,5.390625,4.859375,2.78125,5.125,3.46875
20ac9f71845cc508.jpg,woman,black dress,wearing,1,calib,non-spatial,Positive,2.390625,2.453125,2.171875,3.9375,4.078125059604645,4.15625,3.4375
6f804844ccc5126b.jpg,man,segway,wearing,1,eval,non-spatial,Positive,3.0,0.6875,1.671875,-0.07812494039535522,0.07812494039535522,-0.15625005960464478,3.34375
f98e23895593ab01.jpg,man,cowboy hat,wearing,1,eval,non-spatial,Positive,7.03125,3.828125,6.953125,7.140625,4.421875,7.109375,5.0
8f939cbb01f114d1.jpg,man,black shirt,wearing,1,eval,non-spatial,Positive,1.484375,0.734375,1.734375,2.375,0.984375,2.375,3.140625
2c217318b424591d.jpg,woman,crown,wearing,1,calib,non-spatial,Opposite,5.734375,2.53125,5.8125,4.84375,2.6875,4.9375,3.28125
da18b0ddaea31637.jpg,woman,gold earrings,wearing,1,eval,non-spatial,Positive,3.59375,-0.359375,3.578125,4.312499940395355,-0.1875,4.296875,4.28125
677041b1277f84d6.jpg,woman,necklace,wearing,1,calib,non-spatial,Positive,3.7656250596046448,0.6875,3.7968749403953552,1.71875,-0.5,1.859375,4.3125
7c8a5253847619a5.jpg,man,ear protection,wearing,1,eval,non-spatial,Positive,6.4375,6.015625,6.421875,5.953125,4.875000059604645,5.953125,7.734375
c8a4a228c9df91ef.jpg,man,sunglasses,wearing,1,eval,non-spatial,Positive,4.375,3.21875,4.296875,4.640625,2.375,4.562499940395355,4.453125
bb9ff06441cbac74.jpg,man,roman costume,wearing,1,calib,non-spatial,Positive,1.015625,0.0625,0.90625,0.765625,-0.078125,0.640625,6.421875
88fc866f92860d70.jpg,men,wear,wearing,1,eval,non-spatial,Positive,1.046875,1.046875,1.0625,0.703125,0.703125,0.65625,4.484375
dd5cce09d5f254cc.jpg,woman,knee high black stiletto boots,wearing,1,eval,non-spatial,Opposite,3.984375,2.984375,4.96875,3.578125,3.046875,4.078125,2.84375
585cfb9b59131505.jpg,woman,orange and black outfit,wearing,1,calib,non-spatial,Positive,2.234375,3.359375,2.09375,4.15625,4.953125,4.125,3.875
3c3b318ee1e2831c.jpg,man,red shirt,wearing,1,eval,non-spatial,Positive,3.3125,3.859375,4.265625,3.953125,3.421875,3.3906249403953552,4.421875
b4cb9fc067c1eb00.jpg,man,helmet,wearing,1,eval,non-spatial,Positive,4.046875059604645,3.6875,4.09375,4.296875,3.34375,4.328125,4.515625
81684fbe58540aa5.jpg,man,penguin shirt,wearing,1,eval,non-spatial,Positive,6.09375,0.328125,6.0625,5.921875,1.046875,5.953125,5.0625
708a077a553ade43.jpg,man,t-shirt,wearing,1,calib,non-spatial,Positive,-0.453125,-0.328125,-0.40625,-0.5625,-0.046875,-0.515625,2.609375
2fd31c13d1a5fdb3.jpg,man,jeans,wearing,1,eval,non-spatial,Positive,5.734375059604645,3.421875,5.750000059604645,4.890625,2.390625,4.859375,6.515625
04ccb05e32dc45de.jpg,person,jeans,wearing,1,eval,non-spatial,Positive,7.671875,7.906249940395355,7.765624940395355,5.46875,5.359375,5.374999940395355,6.9375
50c532b8fc3c8d01.jpg,woman,black outfit,wearing,1,calib,non-spatial,Positive,-2.390625,-2.46875,-2.421875,0.9218748807907104,0.828125,1.03125,1.15625
54b7a0bc0d489fe8.jpg,woman,red dress,wearing,1,eval,non-spatial,Positive,0.671875,2.328125,0.875,4.3125,4.5625,4.28125,6.21875
3dffd57e3f4e209b.jpg,man,glove,wearing,1,calib,non-spatial,Positive,4.734375,3.40625,4.734375,2.34375,3.2343749403953552,2.375,5.890625
738e234e59615c71.jpg,man,white robe,wearing,1,eval,non-spatial,Positive,3.6875,3.6875,4.40625,3.6874999403953552,3.6874999403953552,3.75,3.296875
51e6ff8c0af98410.jpg,woman,tiara,wearing,1,eval,non-spatial,Positive,3.21875,2.5,3.0156250596046448,4.125,1.890625,3.953125,2.359375
ab46f7ec075d89ae.jpg,boy,hat,wearing,1,eval,non-spatial,Positive,6.671875,5.046875,6.921875,4.234375059604645,3.953125,4.406249940395355,5.734375
1de38c170bce1b3c.jpg,woman,wedding dress,wearing,1,eval,non-spatial,Positive,5.171875,5.171875,7.265625,4.5625,4.5625,5.46875,7.84375
a75bd3ec4cd51c51.jpg,man,cowboy hat,wearing,1,calib,non-spatial,Positive,5.578125,6.140625,5.78125,4.96875,5.312500059604645,5.125,4.625
6bff678ea2346ac5.jpg,man,crown,wearing,1,eval,non-spatial,Positive,2.84375,2.15625,2.71875,1.0625,0.203125,1.0937500596046448,3.890625
d53f782a6f8bcabb.jpg,female doll,black and white striped swimsuit,wearing,1,eval,non-spatial,Opposite,2.78125,2.71875,2.78125,1.9531250596046448,1.859375,1.828125,3.6875
a62462153630add0.jpg,woman,blue shirt,wearing,1,eval,non-spatial,Positive,1.4375,1.4375,1.4687500596046448,1.4375,1.4375,1.4374998807907104,2.28125
1eecb0f1e2b07d33.jpg,man,red shirt,wearing,1,calib,non-spatial,Positive,3.296875,5.453124940395355,3.375,3.9062499403953552,4.125,3.453125,4.90625
4e555f6453a7db12.jpg,woman,shorts,wearing,1,eval,non-spatial,Positive,5.515624940395355,6.484375,5.562499940395355,5.203125,4.484374940395355,5.203125,6.046875
ef83b0da979ae261.jpg,man,sunglasses,wearing,1,eval,non-spatial,Opposite,5.359375,6.109375,5.390625,3.75,3.734375,3.71875,5.390625
a284f227c612b0c8.jpg,person,helmet,wearing,1,eval,non-spatial,Positive,4.9375,5.0625,4.953125,4.656250059604645,4.703125,4.6875,6.28125
aac405248e9b7c8b.jpg,man,red helmet,wearing,1,calib,non-spatial,Positive,1.8749998807907104,1.5624998807907104,1.7968748807907104,3.2343750596046448,2.359375,3.28125,1.9999998807907104
8f5895b7b49f26a8.jpg,woman,black shirt,wearing,1,calib,non-spatial,Positive,0.40625,4.15625,0.34375,0.8906250596046448,2.9531251192092896,0.9062501788139343,4.84375
05c6fc62d2980f50.jpg,man,sunglasses,wearing,1,calib,non-spatial,Positive,5.6875,5.71875,5.3125,4.09375,3.3125,3.8593750596046448,5.5625
34ff10aa56e103ba.jpg,man,red outfit,wearing,1,eval,non-spatial,Positive,3.875,0.46875,4.15625,4.421875,3.5,4.859375,2.78125
a62462153630add0.jpg,woman,black shorts,wearing,1,eval,non-spatial,Positive,-0.15625,-0.15625,-0.265625,0.671875,0.671875,0.6874999403953552,0.1875
78916540e81a1c6c.jpg,man,hat,wearing,1,eval,non-spatial,Opposite,5.078125,5.953125,5.140625,3.5625,2.96875,3.609375,6.203125
7c1d922420d9ae86.jpg,person,helmet,wearing,1,eval,non-spatial,Positive,0.75,1.171875,0.75,2.1875000596046448,0.78125,2.203125,2.234375
aa959cf33e2dab8e.jpg,man,glasses,wearing,1,eval,non-spatial,Positive,4.109375,2.1875,2.390625,2.21875,1.7812498807907104,2.0625,3.484375
5502a35f0f5ef825.jpg,man,shirt,wearing,1,eval,non-spatial,Positive,3.515625,4.1875,3.0,2.671875,4.281249940395355,3.421875,3.015625
d1b90f07c19a5085.jpg,girl,roller skates,wearing,1,calib,non-spatial,Positive,3.5624999403953552,-0.25,3.4999999403953552,3.5625,2.03125,3.5,3.0625
a2d7916e24db9dd3.jpg,man,glasses,wearing,1,eval,non-spatial,Positive,5.0625,6.875,5.046875,5.21875,4.375,5.203125,6.265625
8a5966f042ad8bac.jpg,man,white outfit,wearing,1,calib,non-spatial,Positive,0.796875,0.796875,0.8125,2.96875,3.0,2.84375,4.90625
4287fb387a363c94.jpg,woman,silver high heels,wearing,1,eval,non-spatial,Positive,3.8749999403953552,3.046875,4.03125,4.328125,2.921875,4.53125,4.75
318c91bd306e52e1.jpg,man,baseball glove,wearing,1,eval,non-spatial,Positive,7.21875,3.9999999403953552,7.578125,3.59375,2.421875,3.7031249403953552,4.984375
a068ea435a318d8d.jpg,man,helmet,wearing,1,eval,non-spatial,Positive,3.609375,6.796875,3.71875,4.125,4.984375,4.390625059604645,6.234375
756875881f971332.jpg,woman,bra,wearing,1,eval,non-spatial,Positive,0.07812494039535522,-1.4375,0.03125,2.046875,0.59375,1.96875,1.0625
dd18e0284551e30f.jpg,man,scarf,wearing,1,eval,non-spatial,Positive,2.96875,3.203125,3.09375,4.4375,3.9375,4.531250059604645,2.890625
00a3654c1cf00d11.jpg,man,yellow vest,wearing,1,calib,non-spatial,Positive,-0.03125,1.296875,2.15625,2.296875,2.5,3.1562498807907104,5.015625
a1f6ef9a71ba5b0f.jpg,woman,scarf,wearing,1,calib,non-spatial,Positive,6.109375,6.6562498807907104,6.078125,5.046875059604645,5.3125,5.0625,4.734375
c3f5a62386342c6d.jpg,man,glasses,wearing,1,eval,non-spatial,Positive,6.734375,7.125,6.78125,1.875,1.4843750596046448,2.046875,6.0
0ccdcc825086803a.jpg,woman,green costume,wearing,1,calib,non-spatial,Positive,1.015625,0.234375,1.09375,2.328125,1.234375,2.546875,3.84375
cc258d5fd4cde121.jpg,woman,miniskirt,wearing,1,calib,non-spatial,Positive,-0.03125,1.296875,0.03125,2.359375,2.484375,2.3593749403953552,1.578125
c43d8e515688b759.jpg,man,black shirt,wearing,1,eval,non-spatial,Positive,0.390625,0.390625,0.4375,0.46875,0.46875,0.4375,0.65625
f72798c9f0c92cd0.jpg,man,cycling clothes,wearing,1,eval,non-spatial,Positive,0.09375,2.453125,0.078125,2.890625,3.59375,2.578125,3.6875
c4bd11e7242a0eee.jpg,dog,muzzle,wearing,1,calib,non-spatial,Positive,3.875,3.765625,3.9218751192092896,1.421875,1.40625,1.46875,5.828125
91beb1e150bee50c.jpg,worker,orange vest,wearing,1,eval,non-spatial,Opposite,5.421875,5.578125,5.4375,4.953125,3.2656248807907104,5.015625,5.234375
c7ed5f6c0405e620.jpg,man,sunglasses,wearing,1,calib,non-spatial,Positive,5.828125,5.75,5.734375,3.90625,2.921875,3.9375,5.78125
32cc3e223017135d.jpg,man,red shirt,wearing,1,calib,non-spatial,Positive,4.53125,5.406249940395355,4.5,4.59375,4.953125,4.515625,4.71875
3b67f952f62a6389.jpg,woman,flowery top,wearing,1,calib,non-spatial,Positive,2.4843749403953552,2.4843749403953552,2.609375,3.25,3.25,3.4375,3.359375
985ff5921c34ad03.jpg,man,microphone,wearing,1,calib,non-spatial,Positive,5.359375,0.71875,5.34375,3.7343750596046448,0.75,3.734375,4.59375
b085f6708ee5a803.jpg,man,goggles,wearing,1,eval,non-spatial,Positive,2.203125,1.9375,2.46875,3.453125,2.5,3.671875,4.453125
2f7525f06ad69425.jpg,woman,glasses,wearing,1,eval,non-spatial,Positive,4.171875,4.109375,4.296875,4.46875,3.203125,4.546875,5.359375
3d27c190d43ac211.jpg,swimmer,goggles,wearing,1,eval,non-spatial,Positive,2.515625,2.796875,2.484375,4.328125,3.3124999403953552,4.3125,4.375
712bacc974c5a760.jpg,man,shirt,wearing,1,eval,non-spatial,Positive,3.578125,4.828125,3.453125,2.0625,2.0,1.890625,4.484375
537843c1be04501c.jpg,person,life jacket,wearing,1,eval,non-spatial,Positive,2.5,2.5,2.25,2.671875,2.671875,2.46875,4.921875
48e6a7f6cfe8f41b.jpg,woman,black leather jacket,wearing,1,eval,non-spatial,Positive,3.65625,2.6875,1.984375,3.75,3.96875,3.53125,4.390625
3264cb227a07af3f.jpg,man,plaid shirt,wearing,1,eval,non-spatial,Positive,4.546875,0.140625,4.593749940395355,4.390625,1.015625,4.437500059604645,5.546875
5278129f90393f7b.jpg,woman,shorts,wearing,1,eval,non-spatial,Positive,4.15625,2.515625,3.984375,2.765625,3.2187500596046448,3.171875,5.546875
edff7663ed66bb73.jpg,woman,pink fedora,wearing,1,eval,non-spatial,Opposite,4.625,4.171875,4.53125,3.203125,2.3593750596046448,3.125,3.078125
c6249d94f4b8fc0b.jpg,woman,blue gym outfit,wearing,1,eval,non-spatial,Positive,2.171875,1.875,2.140625,2.875,4.21875,2.828125,5.359375
d5f08b8d5ed6055f.jpg,woman,lingerie,wearing,1,calib,non-spatial,Positive,5.890625,1.796875,5.125,3.03125,1.9375,2.78125,7.1875
2dd05a7ffa09c95d.jpg,woman,silver dress,wearing,1,eval,non-spatial,Opposite,4.625,1.109375,4.859375,4.6875,2.46875,4.859375,3.609375
9ec8d039ae01d728.jpg,person,black shirt,wearing,1,calib,non-spatial,Positive,2.140625,2.046875,2.703125,3.265625,2.2968751192092896,3.421875,4.25
aa47170b86b03223.jpg,woman,black dress,wearing,1,eval,non-spatial,Positive,0.28125,2.90625,-0.203125,2.71875,1.96875,2.71875,3.984375
25f64e9aca8971ea.jpg,man,helmet,wearing,1,calib,non-spatial,Positive,2.890625,4.34375,3.046875,1.3124999403953552,2.4999999403953552,1.421875,0.359375
86c1bf61c39831f0.jpg,woman,necklace,wearing,1,eval,non-spatial,Positive,6.093750059604645,6.906249940395355,6.046875,5.890625059604645,4.84375,5.765625,6.421875
17a89e9968dfe0ef.jpg,man,gloves,wearing,1,eval,non-spatial,Positive,5.140625,1.78125,5.125000059604645,4.890625059604645,1.671875,4.890625059604645,6.109375
7b20e29f050bde28.jpg,woman,red dress,wearing,1,calib,non-spatial,Positive,2.75,2.75,6.703125,4.390625,3.078125,5.03125,7.4375
177bf73e23ce2913.jpg,woman,lipstick,wearing,1,calib,non-spatial,Positive,4.3437498807907104,2.78125,4.40625,3.640625,3.125,3.5937500596046448,6.25
0ed1db765472b01e.jpg,woman,miniskirt,wearing,1,eval,non-spatial,Positive,-0.4375,-0.640625,-0.25,1.703125,1.5937499403953552,1.9375,2.15625
e05709869a153b57.jpg,man,hat,wearing,1,calib,non-spatial,Positive,5.390625,6.234375,5.359375,4.71875,3.8125,4.78125,4.046875
9981302a90bd62b1.jpg,man,red coat,wearing,1,calib,non-spatial,Opposite,2.0625,4.015625,3.171875,3.875,4.437500059604645,4.0,4.453125
0515eb8d42f77988.jpg,woman,dress,wearing,1,eval,non-spatial,Positive,-2.6093750596046448,-2.6718749403953552,-2.0937499403953552,1.9375,2.265625,2.5,-0.7499999403953552
020feca9b536f1fe.jpg,woman,face mask,wearing,1,eval,non-spatial,Positive,5.21875,5.34375,5.21875,2.9843749403953552,2.703125,2.9687499403953552,6.671875
8671b9d2f05bd71e.jpg,man,fedora,wearing,1,calib,non-spatial,Positive,4.765625,5.234375,4.453125,4.234375059604645,3.765625,4.140625,4.078125
656abc78a9534c08.jpg,woman,fake mustache,wearing,1,calib,non-spatial,Positive,1.6875,2.8125,1.71875,0.78125,1.6562500596046448,0.5937499403953552,4.84375
a1460a2a0400f681.jpg,man,blue shirt,wearing,1,calib,non-spatial,Positive,-0.75,0.1875,-0.859375,0.109375,0.4062499403953552,0.09375,1.875
a6a954a213816783.jpg,woman,high heels,wearing,1,eval,non-spatial,Positive,3.21875,3.078125,5.953125059604645,5.21875,2.34375,6.0625,6.328125
12b999f7e3b75de1.jpg,woman,umbrella,wearing,1,eval,non-spatial,Positive,0.984375,3.28125,3.5625,0.5,0.14062494039535522,0.28125,3.265625
7db24634d94dfff1.jpg,man,hat,wearing,1,eval,non-spatial,Positive,3.8906249403953552,5.921875,3.8750000596046448,2.953125,3.546875,2.953125,4.453125
649179f339158a5a.jpg,woman,dress,wearing,1,eval,non-spatial,Positive,2.4375,5.9687501192092896,2.4375,4.312499940395355,5.71875,4.296875,4.125
06bfefab10984000.jpg,woman,blue bikini,wearing,1,calib,non-spatial,Positive,1.0625,1.0625,1.15625,4.421874940395355,4.421874940395355,4.234375059604645,4.4375
29ce03b542dccc4c.jpg,man,tan pants,wearing,1,eval,non-spatial,Positive,3.296875,3.296875,3.234375,3.859375,3.859375,3.8749999403953552,4.03125
cf8402aeb5c286d8.jpg,man,suit,wearing,1,eval,non-spatial,Positive,3.8125,3.3749999403953552,3.5156250596046448,2.328125,2.296875,1.890625,4.25
448a11c4a72c2dda.jpg,man,tie,wearing,1,calib,non-spatial,Positive,3.4531250596046448,3.03125,3.328125,4.734375,3.671875,4.53125,2.546875
f592b26ed34432ed.jpg,dog,pink sunglasses,wearing,1,eval,non-spatial,Opposite,3.53125,3.3906249403953552,3.3906250596046448,2.5312501192092896,2.8593751192092896,2.8437501192092896,3.953125
8fbab56fe49c05a2.jpg,man,helmet,wearing,1,calib,non-spatial,Positive,3.90625,4.34375,3.96875,2.625,4.093750059604645,2.65625,6.40625
ad3bf6c33e51de4a.jpg,woman,dress,wearing,1,eval,non-spatial,Positive,0.59375,0.546875,0.46875,2.4531249403953552,1.609375,2.390625,0.953125
e72fd1fd98da81db.jpg,man,red shirt,wearing,1,eval,non-spatial,Positive,5.53125,8.0625,6.3125,5.28125,6.78125,5.296875,6.640625
34619bc20c3736fe.jpg,man,sunglasses,wearing,1,calib,non-spatial,Positive,-1.234375,0.3281250596046448,-1.203125,1.1406249403953552,0.3125,1.1874998807907104,-0.0625
1ae697dce5fa2a7d.jpg,woman,black dress,wearing,1,calib,non-spatial,Positive,3.171875,0.703125,3.3437498807907104,4.65625,4.968750059604645,4.390625,5.328125
76c5e2e486a68f34.jpg,woman,purple dress,wearing,1,eval,non-spatial,Positive,4.578125,4.578125,4.90625,3.5156249403953552,3.5156249403953552,3.578125,4.640625
0430797dd00cd443.jpg,man,blue shirt,wearing,1,calib,non-spatial,Positive,0.078125,0.21875,0.75,1.65625,1.53125,2.046875,3.296875
2016eb0aad648088.jpg,man,hat,wearing,1,calib,non-spatial,Positive,6.109375,6.09375,6.109375,4.140625,3.921875,4.125,4.296875
5190ef5c93c9976c.jpg,man,swimwear,wearing,1,eval,non-spatial,Positive,1.328125,3.5312501192092896,1.9375,1.9374999403953552,2.921875,2.453125,1.609375
44c70f423305ccde.jpg,man,hat,wearing,1,calib,non-spatial,Positive,7.875,5.015625,7.71875,5.0625,1.84375,4.796875059604645,5.625
eadce84978423613.jpg,woman,boots,wearing,1,calib,non-spatial,Positive,-1.0937500596046448,0.0,-1.0937500596046448,0.234375,0.0,0.234375,-1.703125
8263c3e2f927ed31.jpg,man,helmet,wearing,1,calib,non-spatial,Positive,7.46875,5.531249940395355,7.296875,4.625,3.4687500596046448,4.609375,4.859375
30bb036c85129c7d.jpg,man,pink shoes,wearing,1,calib,non-spatial,Positive,4.1875,2.28125,4.171875,2.375,1.3281249403953552,2.4999999403953552,5.265625
10cae64b8b77b511.jpg,woman,hat,wearing,1,calib,non-spatial,Positive,4.375,6.296875,4.59375,3.3125,3.859375,3.484375,3.625
9db729e50a3915e5.jpg,man,helmet,wearing,1,calib,non-spatial,Positive,4.015625,4.4375,3.96875,4.171875,3.7031250596046448,4.15625,4.59375
3145aa24c245d02c.jpg,man,helmet,wearing,1,calib,non-spatial,Positive,-0.34375,1.78125,-0.34375,1.265625,1.984375,1.578125,4.625
c12a4117fe6910fc.jpg,man,hat,wearing,1,calib,non-spatial,Positive,5.46875,5.203125,5.484375,3.796875,2.359375,3.890625,5.171875
5feb53a3d3a241a8.jpg,woman,glasses,wearing,1,eval,non-spatial,Positive,1.953125,2.75,1.96875,2.4375,2.578125,2.5,4.796875
d698ab6f42fb2562.jpg,man,shorts,wearing,1,eval,non-spatial,Positive,4.71875,1.4531249403953552,4.6875,2.625,1.6718750596046448,2.640625,2.4375
2c4657c4bdff9441.jpg,man,red tie,wearing,1,calib,non-spatial,Opposite,6.703125,1.4375,6.453125,5.9375,3.59375,5.203125059604645,4.0625
0f2358e793950ca0.jpg,woman,helmet,wearing,1,calib,non-spatial,Positive,2.8125,4.171875,2.7968748807907104,5.250000059604645,4.468749940395355,5.25,4.59375
9e20494f658f6860.jpg,woman,red dress,wearing,1,calib,non-spatial,Positive,3.4375,3.328125,3.796875,4.15625,4.109375059604645,4.0625,3.34375
edca872cabc7b3bf.jpg,man,brown jacket,wearing,1,eval,non-spatial,Positive,2.25,2.484375,2.375,3.2812498807907104,3.5,3.1875,5.296875
0a4db5693da70448.jpg,man,glasses,wearing,1,eval,non-spatial,Positive,0.7031250596046448,0.0,0.7031250596046448,0.359375,0.0,0.359375,0.109375
810a5ed9f3f17d89.jpg,woman,balloon hat,wearing,1,eval,non-spatial,Positive,2.578125,0.609375,2.2031251192092896,5.140625,2.5,5.171875,4.15625
3b3bb701aa1bcace.jpg,man,green jacket,wearing,1,eval,non-spatial,Opposite,5.421874940395355,5.9375,5.828125,5.546875059604645,3.921875,5.546875,4.5
e5b8dcabafcd7cac.jpg,man,goggles,wearing,1,eval,non-spatial,Positive,2.90625,3.484375,2.890625,4.296875,3.421875,4.265625,4.953125
0472586d97db6daf.jpg,man,black and white shirt,wearing,1,calib,non-spatial,Positive,0.03125,0.546875,0.15625,2.1875,1.734375,2.125,1.6875
bb0a84b613a098f0.jpg,man,horse,wearing,1,calib,non-spatial,Positive,1.078125,2.046875,1.0,-1.328125,0.6875000596046448,-1.328125,5.09375
9e1ac717a74e5abc.jpg,woman,blue coat,wearing,1,calib,non-spatial,Positive,0.828125,3.578125,3.8750000596046448,2.875,2.71875,3.5312499403953552,4.484375
6c371c886f364e13.jpg,woman,plaid shirt,wearing,1,eval,non-spatial,Positive,4.921875,5.890625059604645,4.671875,5.625,5.96875,5.343749940395355,5.21875
e68d91cbc60ad21e.jpg,woman,crown,wearing,1,eval,non-spatial,Positive,2.609375,2.609375,2.703125,1.078125,1.078125,1.046875,3.609375
970c887d742f0466.jpg,man,glasses,wearing,1,calib,non-spatial,Positive,4.9374998807907104,5.984375,4.90625,3.4375,3.40625,3.421875,6.6875
abd556f244c58f8a.jpg,man,blue shirt,wearing,1,calib,non-spatial,Positive,3.96875,1.84375,4.109375,4.265624940395355,4.21875,4.296875,5.578125
5149ad60cbacc1f8.jpg,woman,orange tank top,wearing,1,eval,non-spatial,Positive,5.234375,5.296875,5.25,3.6875,4.828125,3.734375,3.796875
8bd8604e0da78098.jpg,woman,brown boots,wearing,1,eval,non-spatial,Positive,3.859375,0.59375,3.859375,5.015625,3.984375,4.890625059604645,4.390625
a057f34fdbf441d5.jpg,man,glasses,wearing,1,calib,non-spatial,Positive,6.34375,5.0624998807907104,6.390625059604645,4.859374940395355,3.4062500596046448,5.03125,6.796875
0737fd0c1d110dd7.jpg,man,hat,wearing,1,calib,non-spatial,Positive,5.84375,6.046875,5.6875,3.078125,3.1875000596046448,3.0156249403953552,5.96875
f458e93b6879a473.jpg,man,netted hat,wearing,1,eval,non-spatial,Positive,1.03125,2.453125,1.90625,1.515625,2.03125,1.765625,2.546875
1b02d463464d45f3.jpg,man,shorts,wearing,1,eval,non-spatial,Opposite,1.5625,3.25,1.4375,2.359375,3.328125,2.375,3.28125
448a11c4a72c2dda.jpg,man,shirt,wearing,1,calib,non-spatial,Positive,-0.96875,3.3125,0.8125,2.625,4.3125,4.234375,3.625
25459eef01dfa715.jpg,woman,zebra printed skirt,wearing,1,eval,non-spatial,Positive,3.6718749403953552,3.875,3.703125,3.859375,3.8437499403953552,3.921875,4.546875
4125df3dbe46a6af.jpg,person,helmet,wearing,1,eval,non-spatial,Positive,4.375,4.40625,4.375,4.8125,3.9843749403953552,4.8125,6.015625
ef19b86262c37f07.jpg,man,yellow tie,wearing,1,eval,non-spatial,Positive,3.78125,0.71875,3.8125,4.4531251192092896,3.3125,4.4375,1.390625
030c5a10124e6252.jpg,dog,sunglasses,wearing,1,eval,non-spatial,Positive,8.78125,6.3125,8.890625,3.296875,2.2187499403953552,3.375,6.109375
ad27ffa8d18c3c6f.jpg,woman,orange shirt,wearing,1,eval,non-spatial,Positive,4.453125,2.15625,4.53125,3.140625,3.6093750596046448,2.8437500596046448,4.25
f19fd946cbf61f18.jpg,woman,earrings,wearing,1,calib,non-spatial,Positive,5.96875,2.90625,5.96875,5.859375,1.203125,5.84375,6.25
5dca02aa6f303af0.jpg,woman,green jersey,wearing,1,calib,non-spatial,Positive,-0.09375,0.78125,0.15625,3.015625,3.8593750596046448,3.5312499403953552,3.59375
f9afa582c14f54d3.jpg,man,helmet,wearing,1,eval,non-spatial,Positive,5.09375,4.0625,5.234375,5.312499940395355,4.78125,5.625,5.484375
2be6ab51b1f3621b.jpg,man,helmet,wearing,1,eval,non-spatial,Positive,2.578125,-0.3125,2.640625,2.25,2.1093749403953552,2.265625,3.0625
49c4c823aaf4db99.jpg,goat,bell,wearing,1,calib,non-spatial,Positive,1.4687500596046448,0.03125,1.40625,3.15625,0.734375,3.1875000596046448,2.140625
7f50b68075ebd257.jpg,man,jeans,wearing,1,eval,non-spatial,Positive,4.046875,3.109375,4.3125,3.234375,3.21875,3.625,2.71875
d1b75eb64aeaea5c.jpg,man,red tie,wearing,1,eval,non-spatial,Positive,5.375,1.109375,5.4218748807907104,6.09375,4.187500059604645,6.140625,3.453125
897b8f010cd0869e.jpg,man,black shirt,wearing,1,calib,non-spatial,Positive,2.90625,4.734375,2.734375,3.609375,3.4843749403953552,3.7656249403953552,4.390625
8b50bca740622ce6.jpg,woman,white dress,wearing,1,calib,non-spatial,Positive,4.9375,4.9375,5.21875,4.03125,4.03125,4.09375,4.859375
6f11f23cea22966f.jpg,woman,black hat,wearing,1,eval,non-spatial,Positive,-0.453125,-0.171875,-0.578125,1.0156251192092896,1.15625,1.1249998807907104,2.03125
6732fe471c0e0595.jpg,woman,red dress,wearing,1,eval,non-spatial,Positive,-1.453125,-1.453125,-0.125,3.296875,3.296875,3.703125,3.75
2bc8d6bf8eb71c21.jpg,man,suit,wearing,1,calib,non-spatial,Positive,-0.765625,0.9375,0.75,2.125,2.203125,2.09375,5.4375
edff7663ed66bb73.jpg,woman,red hat,wearing,1,eval,non-spatial,Positive,3.640625,3.9218751192092896,3.734375,2.984375,2.390625,2.984375,2.046875
0e8aef71cc6618dc.jpg,woman,bra,wearing,1,eval,non-spatial,Positive,-0.7187498807907104,1.25,-0.796875,1.609375,1.5,1.5625,1.15625
3ecd3b0292520228.jpg,man,fedora hat,wearing,1,eval,non-spatial,Positive,-0.671875,0.140625,-0.59375,-0.078125,-0.125,0.0,2.953125
c54175229271d3f0.jpg,woman,tank top,wearing,1,calib,non-spatial,Positive,0.40625,1.6875,0.453125,-0.75,-0.109375,-0.734375,0.671875
0175f160ca091e7e.jpg,woman,pink dress,wearing,1,calib,non-spatial,Positive,3.2968749403953552,3.0000000596046448,3.3750000596046448,3.0625,3.0312500596046448,3.109375,3.671875
a00b61e302334fb0.jpg,teddy bear,purple ribbon,wearing,1,calib,non-spatial,Opposite,7.03125,5.28125,7.453125,1.984375,0.828125,2.078125,5.375
9fc6b9554a142b1a.jpg,man,blue hat,wearing,1,eval,non-spatial,Positive,2.1875,0.953125,2.2500000596046448,3.515625,2.3125,3.5,3.125
970c887d742f0466.jpg,baby,white and pink dress,wearing,1,calib,non-spatial,Positive,3.546875,3.546875,3.609375,2.2812500596046448,2.2812500596046448,2.3437500596046448,3.484375
8671dfc6ea502960.jpg,woman,scarf,wearing,1,calib,non-spatial,Positive,2.8124999403953552,2.8749999403953552,2.609375,3.2812499403953552,2.859375,3.3281250596046448,3.203125
41131630abcc1467.jpg,girl,goggles,wearing,1,calib,non-spatial,Positive,3.8906251192092896,3.1875,3.84375,4.531250059604645,3.5,4.359375059604645,5.890625
6c3c8be7922066ab.jpg,man,hat,wearing,1,calib,non-spatial,Positive,4.953125,4.828125,5.0625,4.21875,2.75,4.3125,4.765625
65ace40ac8556f83.jpg,person,helmet,wearing,1,eval,non-spatial,Positive,4.171875,4.203125,4.28125,3.3750000596046448,3.7812499403953552,3.46875,5.828125
86c1bf61c39831f0.jpg,woman,dress,wearing,1,eval,non-spatial,Positive,3.296875,4.874999940395355,2.75,4.140624940395355,4.609375,4.093750059604645,5.5625
4ed2e09b8eed119a.jpg,woman,purple,wearing,1,eval,non-spatial,Positive,-0.125,0.703125,-0.28125,3.828125,0.09375,3.8906250596046448,3.453125
eb99cee1f01b08ff.jpg,man,hat,wearing,1,eval,non-spatial,Positive,5.734375,4.984375,6.109374940395355,1.6562500596046448,1.28125,1.765625,5.234375
a5255a39b87c5cf4.jpg,woman,white jersey,wearing,1,eval,non-spatial,Opposite,2.015625,0.890625,2.234375,4.375,4.015625059604645,4.421875,3.140625
a122feb61f920f4a.jpg,woman,black bikini,wearing,1,calib,non-spatial,Opposite,-0.46875,1.09375,-0.42187488079071045,1.796875,2.1562499403953552,1.90625,1.359375
1b8c4e46421a0a9f.jpg,man,suit,wearing,1,eval,non-spatial,Positive,1.968749761581421,3.515624761581421,4.187499761581421,2.96875,1.46875,3.9687499403953552,3.968749761581421
c6335522c8e718cb.jpg,children,karate uniforms,wearing,1,calib,non-spatial,Positive,0.21875,0.0,0.203125,1.28125,2.671875,1.359375,5.984375
0fcb52bc7317ed58.jpg,person,skis,wearing,1,eval,non-spatial,Positive,0.25,0.46875,0.90625,1.140625,1.34375,1.59375,2.28125
07ced255ea911d85.jpg,woman,studded booties,wearing,1,calib,non-spatial,Positive,5.21875,0.0,5.21875,3.7968750596046448,0.0,3.7968750596046448,5.21875
ea2a84f5d29be501.jpg,man,helmet,wearing,1,calib,non-spatial,Positive,3.34375,5.078125,3.390625,1.703125,2.21875,1.7499999403953552,2.171875
0ca56558107bdae5.jpg,woman,sunglasses,wearing,1,eval,non-spatial,Positive,7.640625,7.156250059604645,7.859375,4.84375,3.96875,4.890625,6.453125
f98e23895593ab01.jpg,man,bright scarf,wearing,1,eval,non-spatial,Positive,6.1875,4.109375,6.1562498807907104,5.968749940395355,4.390625,5.953124940395355,4.15625
267fb36486a00fcc.jpg,man,tie,wearing,1,calib,non-spatial,Opposite,2.234375,2.9531251192092896,2.015625,3.265625,2.4218751192092896,3.234375,4.875
9c14fbd510d0584c.jpg,woman,orange athletic shirt,wearing,1,calib,non-spatial,Positive,0.78125,5.109375,1.0781251192092896,2.515625,3.0312499403953552,2.59375,2.9375
93f12eda23022ec1.jpg,man,swim cap,wearing,1,calib,non-spatial,Positive,2.796875,-0.15625,2.828125,5.859375,2.546875,5.890625,3.90625
2122242cd70556db.jpg,man,blue shirt,wearing,1,eval,non-spatial,Positive,-1.34375,0.875,-1.234375,2.59375,3.84375,4.375,2.4375
f155d2cee6e021f0.jpg,man,helmet,wearing,1,eval,non-spatial,Positive,6.359375,1.890625,6.421875,3.453125,2.0937499403953552,3.546875,6.4375
8d4d6659f45bd396.jpg,woman,headscarf,wearing,1,calib,non-spatial,Positive,4.828125,5.265625,4.5625,4.875000059604645,4.296875,4.46875,4.9375
ed0ec9f73c60f162.jpg,man,goggles,wearing,1,calib,non-spatial,Positive,5.75,4.3125,5.71875,5.09375,3.78125,4.9843748807907104,4.125
732d633744e9176c.jpg,man,goggles,wearing,1,calib,non-spatial,Positive,4.953125,5.40625,5.046875059604645,2.734375,3.546875,2.8437500596046448,4.578125
1ecab1a4be9ea551.jpg,woman,equestrian clothing,wearing,1,eval,non-spatial,Positive,2.859375,2.328125,2.21875,4.656249940395355,3.6250001192092896,3.84375,7.09375
11b06ea19b8a48d9.jpg,man,blue shirt,wearing,1,eval,non-spatial,Positive,4.96875,4.28125,4.96875,3.421875,3.390625,3.25,4.734375
d2d074cdb9224999.jpg,man,jacket,wearing,1,eval,non-spatial,Positive,-0.21875,0.5156250596046448,-0.21875,0.40625,0.140625,0.5,-0.359375
ee5fc4c50bc988d9.jpg,man,helmet,wearing,1,eval,non-spatial,Positive,2.78125,5.6875,2.78125,3.1874999403953552,3.875,3.328125,6.0625
90191d5d074c6692.jpg,woman,hat,wearing,1,calib,non-spatial,Positive,5.4375,7.921875,5.875000059604645,4.234375,4.328125,4.4375,6.453125
7edb152ac977cffc.jpg,woman,red sweater,wearing,1,eval,non-spatial,Positive,5.734375,5.734375,6.546875,4.328125059604645,4.328125059604645,4.296875,5.6875
b432735a2d626bc2.jpg,boy,sunglasses,wearing,1,eval,non-spatial,Opposite,-1.015625,1.71875,-0.96875,-0.296875,1.0625,-0.015625,4.484375
2af92219df5acff0.jpg,man,helmet,wearing,1,calib,non-spatial,Positive,4.28125,5.359374940395355,4.156249940395355,3.265625,3.0468749403953552,3.2500000596046448,4.796875
e0cff9ae2c4ccba7.jpg,man,smile,wearing,1,eval,non-spatial,Positive,-0.828125,-0.828125,-0.828125,0.453125,0.453125,0.5625,0.984375
e2c55ae7f4b7ddd0.jpg,woman,fur on her sleeves,wearing,1,eval,non-spatial,Positive,4.09375,1.8125,4.34375,0.21875,-0.0625,0.203125,3.15625
3ecd3b0292520228.jpg,man,black hat,wearing,1,eval,non-spatial,Opposite,-0.203125,-0.390625,-0.171875,0.046875,0.0625,0.14062511920928955,2.890625
596ec3440b5a9f93.jpg,man,helmet,wearing,1,eval,non-spatial,Positive,4.71875,3.515625,4.703125,4.890624940395355,4.046875,4.875,4.765625
0ee147db8a6b3908.jpg,man,silly hat,wearing,1,calib,non-spatial,Positive,0.96875,0.21875,1.015625,2.0625,1.15625,2.015625,3.203125
d32303a62c007868.jpg,woman,jacket,wearing,1,eval,non-spatial,Positive,5.40625,7.34375,7.53125,3.5625,1.609375,4.593750059604645,6.984375
1242ab123b538f53.jpg,man,baseball glove,wearing,1,eval,non-spatial,Positive,2.40625,2.890625,2.453125,0.84375,1.375,0.890625,4.84375
c5a39dd0737e5b4a.jpg,man,hoodies,wearing,1,calib,non-spatial,Positive,2.125,-0.140625,2.140625,4.296875059604645,-0.25,4.312499940395355,1.046875
4b7fec19dc4a59c8.jpg,man,goggles,wearing,1,calib,non-spatial,Positive,2.203125,2.953125,2.203125,3.84375,3.1406249403953552,3.84375,3.796875
897300fded8443d5.jpg,man,helmet,wearing,1,calib,non-spatial,Positive,5.203125,1.578125,5.15625,3.171875,0.234375,3.140625,2.359375
aebbe4f246bcf0ee.jpg,man,yellow tie,wearing,1,eval,non-spatial,Positive,5.515625,1.125,5.4375,5.609375059604645,3.1093748807907104,5.531249940395355,4.21875
e4fabe3c9e27d528.jpg,person,trousers,wearing,1,calib,non-spatial,Positive,0.0,0.0,0.0,0.0,0.0,0.0,2.296875
52df5aaa15e6cd70.jpg,woman,blue blouse,wearing,1,calib,non-spatial,Positive,0.984375,0.984375,2.2343749403953552,4.640625,4.640625,4.34375,3.0
07c216b2baad22e7.jpg,woman,dress,wearing,1,eval,non-spatial,Positive,1.65625,2.234375,1.875,1.6874999403953552,2.375,1.796875,2.984375
a903e7bb7226fc2c.jpg,man,silver rings,wearing,1,eval,non-spatial,Positive,0.3125,0.265625,0.375,0.03125,0.046875,0.03125,3.53125
479da084bf0d679f.jpg,man,kilt,wearing,1,eval,non-spatial,Positive,2.328125,5.828125,5.8125,2.5,4.40625,4.53125,5.296875
081b5acdf94c392a.jpg,woman,hat,wearing,1,calib,non-spatial,Positive,6.578125,8.28125,6.078125,5.859375059604645,6.046875059604645,5.406249940395355,5.984375
13b9d8ab697d0893.jpg,man,tennis clothes,wearing,1,calib,non-spatial,Positive,2.78125,3.03125,2.96875,5.359375,5.296875,5.265625,6.921875
1fe277f5abfc7d74.jpg,woman,necklace,wearing,1,eval,non-spatial,Opposite,5.1875,2.6875,5.046875,4.328125059604645,2.265625,4.359375,5.8125
87b4844e765307ba.jpg,man,blue shirt,wearing,1,eval,non-spatial,Positive,0.859375,0.890625,2.1875,3.546875,3.03125,4.500000059604645,5.09375
d301b7ccedbb6a60.jpg,man,green shirt,wearing,1,eval,non-spatial,Positive,2.34375,2.9843749403953552,2.640625,3.125,2.171875,3.0000000596046448,3.765625
33877ac31b17f815.jpg,woman,necklace,wearing,1,eval,non-spatial,Positive,4.59375,5.562499940395355,4.640625,3.9375000596046448,4.343750059604645,4.093749940395355,6.203125
5149ad60cbacc1f8.jpg,woman,black exercise pants,wearing,1,eval,non-spatial,Positive,0.3125,0.21875,0.0625,2.234375,2.2656250596046448,2.4375,0.890625
38136306a3600d6f.jpg,man,coat,wearing,1,eval,non-spatial,Positive,2.671875,2.65625,2.875,3.890625,2.9375,3.734375,3.921875
422d4210cdcdb6a5.jpg,man,tennis racket,wearing,1,eval,non-spatial,Positive,2.203125,1.875,2.5625,-0.09374988079071045,0.765625,0.3125,4.359375
8c74211b512b477d.jpg,man,hat,wearing,1,calib,non-spatial,Positive,4.765625,4.765625,4.921875,3.65625,3.65625,3.78125,3.921875
0b1fbd3ba02701cd.jpg,woman,traditional dress,wearing,1,calib,non-spatial,Positive,-1.21875,-0.140625,-1.171875,-0.0156252384185791,0.0625,0.046875,4.578125
c22e29581c0e797e.jpg,person,blue outfit,wearing,1,eval,non-spatial,Positive,1.28125,2.671875,4.0,3.3125,3.859375,4.140625,5.71875
3fb92e36f73cd84f.jpg,woman,dress,wearing,1,calib,non-spatial,Positive,4.921875,4.8125,4.890625,3.8437500596046448,3.875,3.8124999403953552,6.296875
5a194770238332d2.jpg,woman,headdress,wearing,1,eval,non-spatial,Positive,2.4062498211860657,2.4374998211860657,2.4374999403953552,0.046875,1.09375,1.125,1.9687498807907104
050e8ca25cd35ba5.jpg,man,helmet,wearing,1,calib,non-spatial,Positive,2.640625,2.0312500596046448,2.640625,2.625,1.265625,2.640625,2.953125
84af25555f7c818b.jpg,woman,pink bathing suit,wearing,1,eval,non-spatial,Positive,0.15625,1.265625,0.703125,3.015625,3.5,3.1875,3.796875
437c6697e0af46b6.jpg,man,helmet,wearing,1,eval,non-spatial,Positive,4.984375,5.390624940395355,5.109375059604645,5.171875,4.703124940395355,5.296875,6.0
ddba6c84ada96d2b.jpg,man,hat,wearing,1,eval,non-spatial,Positive,6.046875,5.812500059604645,6.15625,4.6875,2.84375,4.734375059604645,6.34375
8d4d6659f45bd396.jpg,woman,backpack,wearing,1,calib,non-spatial,Positive,7.703125,5.71875,7.609375,5.09375,2.96875,5.03125,5.96875
3a18c41d6a250c1a.jpg,woman,backpack,wearing,1,eval,non-spatial,Positive,7.359375,8.015625,7.875,4.953125,4.609375059604645,5.1875,6.84375
1a00561698778497.jpg,woman,glasses,wearing,1,eval,non-spatial,Positive,4.171875,4.484375,4.09375,4.6875,4.125000059604645,4.75,5.15625
bde0112066be318e.jpg,man,sunglasses,wearing,1,calib,non-spatial,Positive,4.578125,4.859375,4.625,3.890625,3.109375,3.9375,5.21875
b22b89073480191e.jpg,woman,yellow jacket,wearing,1,eval,non-spatial,Positive,2.2812499403953552,3.7812499403953552,1.9687500596046448,3.875,3.9218750596046448,3.125,2.796875
2e9721f274303090.jpg,man,hat,wearing,1,eval,non-spatial,Positive,3.9375,4.4375,3.78125,4.062499940395355,4.140625,3.90625,3.828125
446d0255587e7fce.jpg,woman,cowboy hat,wearing,1,calib,non-spatial,Positive,2.59375,2.546875,2.578125,3.09375,1.7500001192092896,3.0625,4.28125
a80531a76936a34a.jpg,man,accordion,wearing,1,eval,non-spatial,Positive,5.640625,4.0625,5.578125,1.59375,1.078125,1.484375,2.671875
3b78e75f33d9b90a.jpg,man,helmet,wearing,1,eval,non-spatial,Positive,5.390625,5.453125,5.5625,4.437500059604645,3.90625,4.453125,5.28125
65e46fc0805f86f1.jpg,woman,bikini,wearing,1,eval,non-spatial,Positive,1.7343749403953552,-0.23437511920928955,2.0312499403953552,2.515625,2.359375,2.703125,1.453125
98b5f8fbfff0d05d.jpg,man,hat,wearing,1,eval,non-spatial,Positive,5.515624940395355,7.375,5.343749940395355,4.890625,4.921875,5.0,5.96875
bc6b86f27e8186c2.jpg,man,hat,wearing,1,eval,non-spatial,Positive,6.453125,8.296875,6.203125059604645,5.703125,4.71875,5.734375,5.359375
e83b2787e1dc695b.jpg,people,clothes,wearing,1,calib,non-spatial,Positive,1.234375,0.421875,1.453125,2.640625,2.5,3.234375,6.109375
1050b3c3f36090a3.jpg,woman,high heels,wearing,1,eval,non-spatial,Positive,1.9375,-0.046875,2.03125,4.046875059604645,1.03125,4.125,1.6875
231a40bf7aa6ddb9.jpg,woman,black dresses,wearing,1,calib,non-spatial,Positive,1.859375,0.953125,1.484375,2.546875,3.484375,4.562500059604645,4.8125
84ad4ec3892221c7.jpg,man,glasses,wearing,1,eval,non-spatial,Positive,4.687499940395355,3.296875,4.921874940395355,4.59375,3.375,4.90625,5.671875
c16a846baefae10f.jpg,woman,black clothes,wearing,1,calib,non-spatial,Positive,-0.4375,0.328125,-0.46875,2.0937499403953552,1.96875,3.3906250596046448,2.953125
6feb315c15e4fe18.jpg,man,comfortable jeans,wearing,1,calib,non-spatial,Positive,0.0,0.0,0.0,0.0,0.0,0.0,1.828125
018d4a117c1d7e16.jpg,man,red hat,wearing,1,eval,non-spatial,Positive,3.84375,0.640625,3.8906250596046448,3.8125,2.15625,3.8437499403953552,3.265625
8ae3bac7967df4b7.jpg,man,military uniform,wearing,1,eval,non-spatial,Positive,5.609375,5.609375,5.0,6.015625,6.015625,5.53125,5.0625
6f11f23cea22966f.jpg,woman,feather boa,wearing,1,eval,non-spatial,Positive,1.796875,3.078125,1.890625,2.09375,2.9218749403953552,2.265625,3.59375
3be189900a496924.jpg,man,orange riding suit,wearing,1,calib,non-spatial,Opposite,4.109374940395355,2.6562499403953552,4.203125,3.21875,2.75,3.2343749403953552,3.390625
d3f6bc7d12972707.jpg,man,helmet,wearing,1,eval,non-spatial,Positive,4.53125,3.546875,4.484375,4.421875059604645,4.8125,4.421875059604645,5.578125
3838d7bebf4a2914.jpg,man,cap,wearing,1,calib,non-spatial,Positive,4.625,5.749999940395355,4.5625,3.59375,2.90625,3.5,4.859375
db2682e944a9915c.jpg,man,mask,wearing,1,eval,non-spatial,Positive,2.78125,2.78125,3.515625,0.609375,0.609375,0.5625,4.546875
897485e4e7699ab2.jpg,man,grey shirt,wearing,1,eval,non-spatial,Positive,2.3125,0.75,2.375,1.171875,1.0,1.3125,3.5625
75b0b8cd08840f4e.jpg,man,boot,wearing,1,calib,non-spatial,Positive,4.453125,4.453125,4.6875,3.0,3.0,3.03125,5.671875
3a39040ecd47e0f6.jpg,man,orange shirt,wearing,1,calib,non-spatial,Positive,6.875,6.90625,6.859375,4.4375,4.84375,4.40625,4.625
adbbe2ecb92408ec.jpg,woman,high heels,wearing,1,calib,non-spatial,Positive,-1.125,-1.171875,-0.9218750596046448,1.40625,0.6406249403953552,1.46875,-0.109375
115150a6ba4eb0ca.jpg,man,glasses,wearing,1,eval,non-spatial,Positive,5.640625,7.515625,5.5,4.21875,3.65625,4.046875,6.84375
291f50e909f7872e.jpg,man,blue shirt,wearing,1,calib,non-spatial,Positive,2.5625,2.5625,2.9375,4.171875,4.171875,4.265625,2.734375
26d3e6efda2035c0.jpg,woman,belt,wearing,1,eval,non-spatial,Positive,3.25,3.28125,3.4375,3.3906250596046448,2.5,3.265625,3.359375
29faa8b48f111791.jpg,man,cap,wearing,1,calib,non-spatial,Positive,6.59375,6.796875059604645,6.65625,5.703124940395355,4.46875,5.734375,6.296875
879caa754388ec1b.jpg,girl,goggles,wearing,1,eval,non-spatial,Positive,3.34375,3.484375,3.359375,4.28125,2.78125,4.390625,5.0
b15736bdd7914941.jpg,woman,necklace,wearing,1,eval,non-spatial,Positive,5.4375,4.5,5.359375,5.234375,3.5,5.25,6.546875
810a5ed9f3f17d89.jpg,woman,glasses,wearing,1,eval,non-spatial,Positive,3.90625,6.734374940395355,4.40625,4.546875059604645,4.96875,4.75,5.984375
3b2444d13b3b30e1.jpg,man,tie,wearing,1,calib,non-spatial,Positive,5.015625,2.390625,5.03125,5.34375,2.46875,5.343749940395355,5.109375
cacc2f4eae5232bf.jpg,man,sunglasses,wearing,1,calib,non-spatial,Positive,0.84375,0.0,0.84375,0.25,0.0,0.25,-0.046875
66f190cca20533ed.jpg,man,sun hat,wearing,1,eval,non-spatial,Positive,2.515625,2.515625,2.375,1.625,1.625,1.515625,3.703125
5502a35f0f5ef825.jpg,man,jeans,wearing,1,eval,non-spatial,Positive,0.5156251192092896,-1.0624999403953552,-0.7499998807907104,3.609375,2.171875,3.1874999403953552,-1.8437498807907104
51e6ff8c0af98410.jpg,woman,dangling earrings,wearing,1,eval,non-spatial,Positive,3.171875,0.640625,3.171875,4.624999940395355,0.625,4.609375,4.53125
42c05e6f790f4ef6.jpg,man,purple shirt,wearing,1,eval,non-spatial,Positive,6.234375,6.234375,6.671875,5.343750059604645,5.343750059604645,5.046875,5.984375
0ca56558107bdae5.jpg,woman,hat,wearing,1,eval,non-spatial,Positive,4.671875,5.5625,4.921875,6.578125,3.921875,6.4375,3.5
4b7fec19dc4a59c8.jpg,man,swim cap,wearing,1,calib,non-spatial,Positive,1.9531248807907104,2.0000001192092896,1.9375001192092896,4.937500059604645,3.921875,4.906249940395355,3.875
09e094375efab7fe.jpg,woman,head scarf,wearing,1,calib,non-spatial,Positive,4.984375,4.453125,5.015624940395355,2.9375,2.765625,3.03125,4.375
df051a0847309c44.jpg,man,black hat,wearing,1,eval,non-spatial,Positive,0.265625,0.265625,0.34375,1.625,1.625,1.6875,0.28125
43ec4aa29ee2b16a.jpg,man,jacket,wearing,1,eval,non-spatial,Positive,2.359375,4.515625,2.953125,3.1562500596046448,3.828125,3.5468749403953552,4.09375
2635637b838c6355.jpg,woman,black lace dress,wearing,1,calib,non-spatial,Positive,0.96875,1.765625,0.828125,2.0625,3.109375,2.09375,4.265625
6a6018122172653c.jpg,person,red jacket,wearing,1,eval,non-spatial,Opposite,3.5,3.265625,3.46875,2.4687500596046448,2.171875,2.46875,3.875
a8d7f65b1f6c2b76.jpg,woman,green,wearing,1,eval,non-spatial,Positive,7.9375,0.0,7.96875,1.78125,1.1920928955078125e-07,1.8125,5.09375
96454288fb7fe59d.jpg,man,suit,wearing,1,eval,non-spatial,Positive,-1.5625,2.0468749403953552,-1.75,2.1875,4.203125,2.390625,2.96875
1519b2618048f525.jpg,man,sunglasses,wearing,1,eval,non-spatial,Positive,5.828125,6.46875,5.828125,5.078125059604645,4.453125,5.078125059604645,6.078125
673cc9eb412dcb63.jpg,woman,green hat,wearing,1,calib,non-spatial,Positive,4.640625,4.625,4.71875,4.15625,3.671875,4.234375,3.484375
1250a079d3fbd919.jpg,woman,black shirt,wearing,1,calib,non-spatial,Opposite,0.96875,2.4375,1.078125,3.1875,2.84375,3.140625,1.546875
38136306a3600d6f.jpg,man,hat,wearing,1,eval,non-spatial,Positive,5.53125,5.640625,5.828125,4.718749940395355,4.140625,4.781250059604645,5.25
e42ce843c6e48119.jpg,woman,jacket,wearing,1,eval,non-spatial,Positive,1.5625,1.5312500596046448,1.59375,1.1249999403953552,0.8749999403953552,1.0312499403953552,0.9843750596046448
94c53be316c9a02e.jpg,man,black tank top,wearing,1,calib,non-spatial,Positive,2.703125,1.90625,2.71875,3.984375,3.890625,4.03125,3.015625
390cce601a67389a.jpg,woman,swim cap,wearing,1,eval,non-spatial,Positive,1.765625,2.40625,1.546875,4.28125,4.359375,3.734375,4.8125
fbde77a07ece0cc0.jpg,woman,wedding dress,wearing,1,calib,non-spatial,Positive,5.531249940395355,5.531249940395355,5.8125,5.312499940395355,5.312499940395355,4.90625,5.921875
91beb1e150bee50c.jpg,man,hard hat,wearing,1,eval,non-spatial,Positive,5.046875,3.15625,5.25,5.046875,0.515625,5.078125059604645,5.453125
aaf5b5b51d27d3a2.jpg,person,red shirt,wearing,1,eval,non-spatial,Positive,5.65625,3.0,5.65625,3.96875,2.171875,3.71875,2.734375
ed39ece290eabd5d.jpg,person,helmet,wearing,1,eval,non-spatial,Positive,3.71875,3.71875,3.65625,4.359375,4.359375,4.1875,6.296875
7465f120066a02cd.jpg,woman,red shoe,wearing,1,eval,non-spatial,Positive,0.046875,0.0,0.0625,0.23437505960464478,0.046875,0.23437505960464478,-0.046875
e8ed4fb8d2ff2258.jpg,man,fedora,wearing,1,eval,non-spatial,Positive,2.9375,3.453125,2.46875,4.828125,3.796875,4.671875,2.15625
af76f0576cc7dbd4.jpg,woman,pink coat,wearing,1,calib,non-spatial,Positive,1.5937498807907104,2.7343749403953552,2.53125,2.171875,1.640625,2.5781249403953552,3.453125
561f1cadde8c0725.jpg,woman,sunglasses,wearing,1,eval,non-spatial,Positive,6.34375,7.078125,6.1875,4.468750298023224,4.859375178813934,4.468750238418579,6.515625
81eab2350699a82e.jpg,man,tie,wearing,1,eval,non-spatial,Positive,4.953125,2.390625,4.968750059604645,5.015625,3.671875,5.015625,5.703125
a02435a31346db04.jpg,man,top hat,wearing,1,eval,non-spatial,Positive,5.6875,3.0312498807907104,5.546875,5.359375,2.265625,5.265625,4.828125
4c74600e9138e5d8.jpg,woman,glasses,wearing,1,calib,non-spatial,Positive,1.546875,-0.53125,1.8281249403953552,1.90625,-0.375,2.078125,2.046875
115bec3d6d7f09f2.jpg,woman,shorts,wearing,1,eval,non-spatial,Positive,1.40625,0.3125,1.328125,3.78125,4.265625,3.875,4.75
9b1b545868d185b4.jpg,girl,purple dress,wearing,1,eval,non-spatial,Positive,1.9375,0.765625,2.328125,3.8125,2.765625,3.921875,6.0625
5bcc87c13b42e844.jpg,girl,pink clothing,wearing,1,eval,non-spatial,Positive,2.375,0.140625,2.0625,3.90625,1.515625,3.3281250596046448,6.171875
a2e9e0465112b0e2.jpg,man,hat,wearing,1,eval,non-spatial,Positive,4.1875,4.859375,4.234375,4.578125,3.609375,4.640625,4.15625
922f5338ce970728.jpg,woman,blue scarf,wearing,1,calib,non-spatial,Positive,-1.1718749403953552,-1.609375,-1.640625,-0.59375,-0.78125,-0.78125,-0.5625
4ee8d73a64ba1853.jpg,woman,pink shirt,wearing,1,calib,non-spatial,Positive,0.40625,2.40625,0.4375,4.28125,3.3125,4.203125,3.296875
3e49a1c1b227ea28.jpg,person,white top,wearing,1,eval,non-spatial,Positive,0.84375,0.578125,1.90625,3.171875,3.625,3.7500000596046448,2.40625
70f4fa357528a5d3.jpg,woman,headset,wearing,1,calib,non-spatial,Positive,4.59375,5.453125,4.859375,4.187499940395355,3.734375,4.34375,4.46875
106c8de22ed8d1d4.jpg,man,chef's uniform,wearing,1,eval,non-spatial,Positive,7.281250059604645,7.453125059604645,7.093750059604645,5.96875,6.109375,5.65625,6.609375
227d9e3550c9ec57.jpg,woman,purse,wearing,1,eval,non-spatial,Positive,2.0625,1.078125,1.78125,3.6875,3.328125,3.78125,3.40625
9c39a9f507ee1787.jpg,woman,high heels,wearing,1,eval,non-spatial,Positive,5.171875,4.531249940395355,5.0,4.734375,3.8906249403953552,4.75,5.3125
60854ae38aa4b07c.jpg,woman,red high heels,wearing,1,eval,non-spatial,Positive,4.640625,5.015625,5.671875,4.09375,4.5625,4.890625,6.046875
20b92c77c1b03b11.jpg,woman,floral dress,wearing,1,eval,non-spatial,Positive,3.59375,4.65625,3.375,4.343750059604645,4.03125,4.21875,4.1875
d7c4f4dcc1207ef1.jpg,man,soccer ball,wearing,1,eval,non-spatial,Opposite,3.796875,0.515625,3.625,0.015625,-0.078125,0.03124988079071045,5.1875
b5be42aef68ebf08.jpg,man,hat,wearing,1,eval,non-spatial,Positive,9.046875,8.3125,9.203125,5.515625,4.359375,5.734375,6.640625
8105247aae5f048c.jpg,man,gloves,wearing,1,eval,non-spatial,Positive,6.0,2.296875,6.0,4.25,2.8437499403953552,4.125,4.34375
a96f938d1ed1fdc5.jpg,man,shorts,wearing,1,eval,non-spatial,Positive,0.75,2.15625,0.359375,4.140624940395355,5.25,4.062499940395355,4.34375
68624a5135fb2f39.jpg,man,red tie,wearing,1,calib,non-spatial,Positive,2.109375,-0.890625,2.078125,4.484375059604645,1.9687498807907104,4.468750059604645,0.4375
15e2134bf1363429.jpg,person,jeans,wearing,1,calib,non-spatial,Positive,2.90625,0.84375,2.71875,2.921875,3.0625,3.03125,4.859375
4caa7f161916628e.jpg,man,brown sweater,wearing,1,eval,non-spatial,Positive,0.609375,1.859375,0.96875,3.90625,3.546875,3.953125,1.078125
8adaad8fefce4d9b.jpg,man,yellow tie,wearing,1,eval,non-spatial,Positive,6.015625,0.734375,6.21875,4.140625,2.6875,4.15625,5.28125
76f8fdd48b7ff734.jpg,man,blue shirt,wearing,1,calib,non-spatial,Positive,3.15625,3.953125,3.3125,3.765625,3.875,3.59375,4.78125
1e9c75745b953123.jpg,man,orange hat,wearing,1,calib,non-spatial,Opposite,5.265625,4.109375059604645,5.34375,4.765625,3.578125,4.734375059604645,3.203125
f7f83ef0ae3406b2.jpg,woman,bikini,wearing,1,eval,non-spatial,Positive,0.875,1.90625,1.031250238418579,3.828125,4.1875,3.7968750596046448,5.015625
fa5e9d6dc2185614.jpg,woman,skirt,wearing,1,calib,non-spatial,Positive,3.75,5.203125,3.4218749403953552,2.875,3.921875,2.9531250596046448,4.109375
21bf3a99e1062d37.jpg,man,cowboy hat,wearing,1,eval,non-spatial,Positive,5.21875,7.1875,6.046875,5.03125,5.3125,5.28125,4.59375
9bed0e9513710c7b.jpg,man,suit,wearing,1,calib,non-spatial,Positive,1.671875,2.3281250596046448,2.015625,4.40625,4.015625,4.5625,1.765625
f9bbc488119907a5.jpg,man,helmet,wearing,1,calib,non-spatial,Positive,4.828125,4.5,5.015625,4.531249940395355,4.3125,4.703125059604645,5.90625
5635c9b530f89131.jpg,man,flower,wearing,1,eval,non-spatial,Positive,3.0,3.953125,2.90625,0.671875,1.140625,0.6875,6.109375
cfe604ed92fd4229.jpg,man,suit,wearing,1,calib,non-spatial,Positive,3.3906250596046448,3.3906250596046448,3.3125,4.984375,4.984375,4.984375,4.203125
711fbfa40b208b59.jpg,man,camouflage clothing,wearing,1,eval,non-spatial,Positive,4.890625,3.921875,4.859375,4.65625,3.4375,4.46875,7.640625
ae3dd169da01729f.jpg,man,glasses,wearing,1,calib,non-spatial,Positive,4.5000001192092896,6.34375,4.46875,3.203125,3.4218750596046448,3.21875,6.46875
4925ad38f1167993.jpg,man,military uniform,wearing,1,eval,non-spatial,Positive,4.484375,4.484375,4.562500059604645,2.3750000596046448,2.3750000596046448,2.3437499403953552,3.9375
09625dc24eb205b4.jpg,man,shirt,wearing,1,eval,non-spatial,Positive,1.046875,1.046875,1.1875,2.1875,2.1875,2.125,3.671875
61362bfc3e9f61c1.jpg,woman,black,wearing,1,eval,non-spatial,Positive,0.796875,3.125,4.03125,0.828125,0.90625,1.1875,4.453125
383ffb16d582355d.jpg,man,glasses,wearing,1,eval,non-spatial,Positive,4.6718748807907104,4.25,4.8125,4.359375,2.265625,4.578125059604645,6.515625
cef4977e5f34377b.jpg,man,hat,wearing,1,eval,non-spatial,Positive,5.734375,5.734375,5.890625,5.031249940395355,5.031249940395355,5.171874940395355,5.625
8823286afacc9898.jpg,woman,sunglasses,wearing,1,eval,non-spatial,Opposite,4.34375,4.468750059604645,4.40625,3.9999999403953552,2.921875,4.031250059604645,5.296875
dca4384cbb60e052.jpg,man,flower,wearing,1,calib,non-spatial,Positive,7.59375,4.812499940395355,7.640625,3.7656249403953552,3.3125,3.765625,5.546875
e0d9b46ea2950a9d.jpg,man,jacket,wearing,1,eval,non-spatial,Positive,4.9375,6.4375,4.96875,5.0625,3.546875,4.71875,5.609375
ecc5148293fb7014.jpg,man,fancy clothes,wearing,1,calib,non-spatial,Positive,0.0,0.0,0.0,0.0,0.0,0.0,-2.3125
fcc7a64a32ff820c.jpg,person,red tights,wearing,1,eval,non-spatial,Positive,1.015625,-0.59375,1.1562498807907104,2.03125,0.828125,2.140625,3.125
d5a1e51d937f330f.jpg,man,helmet,wearing,1,calib,non-spatial,Opposite,4.609375,5.578125,4.65625,2.3437500596046448,2.84375,2.34375,5.6875
56136a5dd78b5454.jpg,man,helmet,wearing,1,eval,non-spatial,Positive,3.515625,4.921875,3.390625,4.640625,4.5625,4.734374940395355,4.03125
84930606ad9bc457.jpg,woman,white dress,wearing,1,eval,non-spatial,Positive,-0.015625,1.015625,-0.21875,1.3124998807907104,3.109375,1.453125,2.78125
b2e355c7a82ce546.jpg,woman,green shirt,wearing,1,eval,non-spatial,Positive,5.609375059604645,5.609375059604645,5.828125,5.6875,5.6875,5.875,4.625
cae06c543974920a.jpg,jockey,gray jacket,wearing,1,eval,non-spatial,Positive,2.078125,2.796875,3.046875,4.0,3.53125,4.09375,3.625
4d55c519a24906d3.jpg,man,cowboy hat,wearing,1,eval,non-spatial,Positive,1.8125,1.484375,1.78125,1.515625,1.40625,1.4999998807907104,3.453125
508252750223d78f.jpg,woman,bowtie,wearing,1,eval,non-spatial,Positive,1.9375,3.59375,1.90625,4.3125,3.875,4.296875059604645,1.640625
cecebfac91ae2c38.jpg,man,hat,wearing,1,eval,non-spatial,Positive,6.203125,6.203125,6.3125,5.21875,5.21875,5.234375,4.0625
8302f7352b501bc4.jpg,woman,red dress,wearing,1,eval,non-spatial,Positive,2.4531251192092896,4.390625,2.96875,3.046875,4.203125,3.28125,4.265625
6a6881aefff9ad58.jpg,man,glasses,wearing,1,eval,non-spatial,Positive,3.5312501192092896,5.765625,3.328125,2.109375,2.9687500596046448,1.921875,5.359375
218a7e0c84466325.jpg,people,helmets,wearing,1,eval,non-spatial,Positive,2.0625,2.0625,1.84375,1.671875,1.671875,1.703125,6.578125
74f60e61ddeb2346.jpg,woman,silver swim cap,wearing,1,eval,non-spatial,Positive,3.484375,4.25,3.4999999403953552,3.875,4.21875,3.84375,4.3125
fc9221e13d8ebee1.jpg,woman,black skirt,wearing,1,calib,non-spatial,Positive,1.390625,1.640625,1.734375,4.90625,3.7499999403953552,5.343749940395355,3.5625
894e4bc127342011.jpg,man,glasses,wearing,1,calib,non-spatial,Positive,6.718749940395355,6.59375,6.734375,5.562499940395355,5.046875059604645,5.609375,6.296875
8990927c8bbdf344.jpg,man,ponytail,wearing,1,calib,non-spatial,Positive,3.46875,5.578124940395355,3.484375,4.296874940395355,4.265625,4.218749940395355,4.609375
438f461a5f6d8e7e.jpg,man,race car,wearing,1,eval,non-spatial,Positive,3.2187499403953552,4.015625,3.953125,0.046874940395355225,-0.18750005960464478,-0.18750005960464478,2.78125
aa6c7c9bf1188b05.jpg,man,swim cap,wearing,1,eval,non-spatial,Positive,0.078125,-0.140625,0.0625,1.15625,-0.484375,1.1406250596046448,0.15625
41610b3b53176620.jpg,woman,green shirt,wearing,1,calib,non-spatial,Positive,-2.3281248807907104,1.5781251192092896,-2.0781248807907104,0.46875,2.5,0.890625,1.8437501192092896
00575b9132bb3746.jpg,man,helmet,wearing,1,eval,non-spatial,Positive,2.1875,3.984375,2.1875,1.796875,3.25,1.8437500596046448,4.03125
e653bcd0d994c49c.jpg,man,hat,wearing,1,calib,non-spatial,Positive,0.390625,2.5,0.171875,1.328125,2.578125,1.171875,3.8125
79585e8be9df5c22.jpg,man with the camera,headphones,wearing,1,eval,non-spatial,Opposite,1.046875,1.0468749403953552,1.0312499403953552,2.34375,1.9843750596046448,2.3125,1.75
bf671231fd9e7070.jpg,man,glasses,wearing,1,eval,non-spatial,Positive,4.46875,5.03125,4.328125,3.3593750596046448,3.125,3.4218749403953552,4.328125
4f3ea0b2bc75000c.jpg,man,roller skates,wearing,1,eval,non-spatial,Positive,3.640625,0.453125,3.6093750596046448,3.6250000596046448,0.3125,3.609375,3.015625
cf2d9403b6aabe42.jpg,man,red strap,wearing,1,calib,non-spatial,Positive,3.453125,1.2031249403953552,3.65625,2.0468748807907104,1.4218748807907104,2.1249998807907104,1.78125
c0dea6f5a9da743e.jpg,woman,blue shirt,wearing,1,calib,non-spatial,Positive,0.15625,-0.203125,1.015625,4.140625,2.671875,4.578125059604645,3.484375
f19ecb261dd1a702.jpg,man,blue tent,wearing,1,eval,non-spatial,Positive,1.015625,4.375,4.25,0.1875,1.09375,1.1875,5.6875
3fd61b93eb10b236.jpg,person,glasses,wearing,1,eval,non-spatial,Positive,5.984375,2.171875,6.0625,4.375000059604645,2.3437501192092896,4.46875,6.109375
0f5c46b60af6a324.jpg,girl,sandals,wearing,1,eval,non-spatial,Positive,4.34375,1.71875,4.328125,2.5937499403953552,1.328125,2.609375,4.46875
1fe277f5abfc7d74.jpg,woman,tiara,wearing,1,eval,non-spatial,Positive,1.171875,1.640625,0.796875,3.296875,1.7343751192092896,3.09375,2.65625
ae4580cd106bb09e.jpg,woman,black,wearing,1,eval,non-spatial,Positive,0.828125,0.75,0.75,1.0625,0.8125,1.125,4.515625
d00e6b4237dc5111.jpg,woman,black vest,wearing,1,calib,non-spatial,Positive,1.0781248807907104,2.046875,0.828125,3.0,2.5781251192092896,2.921875,3.015625
8bd8604e0da78098.jpg,woman,yellow top,wearing,1,eval,non-spatial,Opposite,-0.640625,3.203125,-0.421875,3.515625,5.171875,3.703125,1.375
2c209664cc9be9e6.jpg,man,protective helmet,wearing,1,eval,non-spatial,Positive,4.8281251192092896,4.703125,4.8593748807907104,1.0625,0.921875,1.09375,2.953125
561fe7f628410a18.jpg,woman,black shirt,wearing,1,calib,non-spatial,Positive,0.34375,4.3125,0.859375,2.1874999403953552,2.796875,2.71875,2.875
2117bc938d9d9ea4.jpg,person,microphone,wearing,1,eval,non-spatial,Positive,0.39062488079071045,0.6093748807907104,0.8906248807907104,3.3749999403953552,0.375,3.453125,1.9218748807907104
d7311f959251527d.jpg,person,roller skates,wearing,1,calib,non-spatial,Positive,2.4062500596046448,0.21875,2.5312499403953552,3.5625,2.671875,3.75,3.015625
6e8bd110b49ef26b.jpg,woman,visor,wearing,1,eval,non-spatial,Positive,3.1406250596046448,3.9375,3.15625,3.171875,2.125,3.1875,3.71875
3a445d61763c1234.jpg,man,glasses,wearing,1,eval,non-spatial,Positive,6.843749940395355,7.734375,6.671875,4.359375059604645,4.328124940395355,4.484375,6.390625
70f4fa357528a5d3.jpg,woman,microphone,wearing,1,calib,non-spatial,Positive,3.09375,1.28125,3.109375,4.171874940395355,1.640625,4.171875,5.703125
73dee0f201062631.jpg,man,glasses,wearing,1,eval,non-spatial,Positive,5.921875,6.28125,5.687500059604645,4.359375,3.7187500596046448,4.296875,6.0
ca3ef34d7304dd6c.jpg,woman,green heels,wearing,1,eval,non-spatial,Random,0.921875,-0.421875,0.9375000596046448,3.2968751192092896,-0.28124988079071045,3.2968751192092896,0.71875
63e2c41f873864a3.jpg,girl,dress,wearing,1,calib,non-spatial,Positive,0.609375,0.71875,0.40625,2.40625,2.453125,2.1875,2.84375
3f4d12195722201c.jpg,man,glasses,wearing,1,calib,non-spatial,Positive,0.671875,0.3749999403953552,0.671875,1.625,0.6562499403953552,1.6249999403953552,0.875
a6a954a213816783.jpg,woman,miniskirt,wearing,1,eval,non-spatial,Positive,-0.9687499403953552,1.1718749403953552,-0.7343751788139343,3.015625,2.328125,3.09375,0.9531249403953552
7a3df8b7ff0fa4b4.jpg,woman,dress,wearing,1,calib,non-spatial,Positive,6.09375,6.359375,5.828125,5.234375,5.359375,5.015625,5.328125
429a17e931a48e84.jpg,girl,orange dress,wearing,1,calib,non-spatial,Positive,4.046875,4.046875,4.015625,3.171875,3.171875,3.203125,2.265625
a8c01f09da2657bd.jpg,man,helmet,wearing,1,calib,non-spatial,Positive,1.265625,3.078125,1.359375,0.65625,2.6406250596046448,0.78125,2.8125
ea1d27e168a16bcd.jpg,woman,hat,wearing,1,eval,non-spatial,Positive,7.625,6.890625,7.53125,3.4375000596046448,1.78125,3.40625,6.5
21d49b0df09b3757.jpg,man,glasses,wearing,1,eval,non-spatial,Positive,3.78125,4.59375,3.78125,4.28125,4.265625,4.34375,5.28125
ca3ef34d7304dd6c.jpg,woman,miniskirt,wearing,1,eval,non-spatial,Positive,0.859375,-0.328125,0.625,3.234375,2.40625,3.4531249403953552,1.921875
9a716890c5e81744.jpg,man,suit,wearing,1,eval,non-spatial,Positive,5.062500059604645,5.062500059604645,5.046875059604645,3.640625,3.640625,3.5468749403953552,5.875
1de38c170bce1b3c.jpg,man,suit,wearing,1,eval,non-spatial,Positive,3.609375,3.609375,3.546875,4.000000059604645,4.000000059604645,4.000000059604645,4.34375
ed2fcee42f94162d.jpg,man,helmet,wearing,1,calib,non-spatial,Positive,1.375,3.5781250596046448,1.359375,-0.4062500596046448,1.125,-0.453125,2.734375
1bd0c9a68b41d02c.jpg,man,swim cap,wearing,1,calib,non-spatial,Positive,3.296875,1.1875,3.4375,4.921875,2.34375,5.09375,4.890625
cb3bf3a4c2945191.jpg,man,helmet,wearing,1,eval,non-spatial,Positive,3.2499999403953552,3.625,3.359375,0.59375,0.03125,0.6406250596046448,2.53125
3728914be4a6f601.jpg,person,helmet,wearing,1,eval,non-spatial,Positive,2.984375,3.921875,3.09375,3.9218750596046448,4.15625,3.953125,5.453125
125fd09ae6bccf6a.jpg,woman,yellow swim cap,wearing,1,calib,non-spatial,Positive,0.078125,0.078125,0.078125,0.2812499403953552,0.2812499403953552,0.3124999403953552,-0.984375
6022a450df278025.jpg,person,helmet,wearing,1,calib,non-spatial,Positive,6.843749940395355,6.140625,6.921874940395355,5.484375,4.90625,5.406250059604645,6.328125
d93e3709b373b9eb.jpg,dog,sunglasses,wearing,1,calib,non-spatial,Positive,7.609375,6.5625,7.703125,2.84375,1.921875,2.84375,5.53125
03b9130b70a5adcf.jpg,woman,bra,wearing,1,eval,non-spatial,Positive,-2.3750001192092896,-0.34375,-2.359375,2.2031250596046448,1.53125,2.171875,-0.46875
8618ec6384468b52.jpg,man,helmet,wearing,1,eval,non-spatial,Positive,3.3125,1.828125,3.28125,3.296875,3.328125,3.265625,5.390625
48abd1db27d7de96.jpg,woman,swimsuit,wearing,1,eval,non-spatial,Positive,1.75,1.828125,0.921875,4.000000059604645,4.6875,4.421874940395355,2.796875
23a41085bee808f6.jpg,woman in black leggings,necklace,wearing,1,eval,non-spatial,Positive,5.4375,4.65625,5.4375,3.546875,3.125,3.59375,5.84375
a6a954a213816783.jpg,woman,black miniskirt,wearing,1,eval,non-spatial,Opposite,2.015625,1.78125,2.171875,3.1875,2.1718749403953552,3.3125,2.765625
3a18c41d6a250c1a.jpg,woman,glasses,wearing,1,eval,non-spatial,Random,4.4375,4.171874940395355,4.484375,5.09375,4.484375,5.109375059604645,4.625
c307c0f31c862a17.jpg,man,helmet,wearing,1,calib,non-spatial,Positive,3.890625,0.890625,2.96875,3.09375,1.703125,2.421875,3.953125
8f0145255b05f727.jpg,woman,blue dress,wearing,1,calib,non-spatial,Positive,-1.75,-0.14062494039535522,-1.703125,0.484375,0.359375,0.4375,-1.015625
93f12eda23022ec1.jpg,swimmer,goggles,wearing,1,calib,non-spatial,Positive,4.5625,3.65625,4.546875,5.109375,2.796875,5.09375,5.5
06a4b34d1e9c7599.jpg,man,watch,wearing,1,calib,non-spatial,Positive,1.765625,2.078125,1.65625,2.546875,2.9843750596046448,2.546875,3.703125
1e31049b92896373.jpg,man,red shirt,wearing,1,calib,non-spatial,Positive,6.078125,6.4375,5.875,3.3124999403953552,3.28125,3.0624999403953552,5.828125
7465f120066a02cd.jpg,woman,green shirt,wearing,1,eval,non-spatial,Positive,1.859375,-0.21875,2.046875,1.578125,0.359375,1.71875,3.921875
a5d472f1030b942f.jpg,woman,blazer,wearing,1,eval,non-spatial,Positive,4.15625,3.40625,4.109375,4.25,2.890625,4.390624940395355,3.03125
d60af2913ab8e98c.jpg,woman,bikini,wearing,1,eval,non-spatial,Positive,-0.18750005960464478,-0.21875005960464478,-0.7187500596046448,2.25,1.65625,2.0937500596046448,0.9531249403953552
67e89bcc0dc88204.jpg,woman,headdress,wearing,1,eval,non-spatial,Positive,6.078125,1.796875,6.34375,5.828125059604645,3.1562501192092896,5.812499940395355,6.09375
fa2a71fdd3a34387.jpg,person,plaid shirt,wearing,1,calib,non-spatial,Positive,5.671875,4.984375,5.84375,4.625,2.828125,4.71875,4.65625
1f7c30f0c24fda91.jpg,man,yellow sweater,wearing,1,eval,non-spatial,Positive,4.65625,0.328125,4.53125,4.062500059604645,1.96875,4.40625,3.4375
f856eeb4589e190f.jpg,skater,goggles,wearing,1,calib,non-spatial,Positive,6.828125,4.281249940395355,6.796875,6.1406248807907104,3.65625,6.125,5.140625
3e7f47c92b313f1f.jpg,man,hat,wearing,1,calib,non-spatial,Positive,5.90625,7.1875,5.890624940395355,5.125000059604645,5.609375,5.062499940395355,6.78125
2fae1af41b918fef.jpg,man,tie,wearing,1,eval,non-spatial,Positive,2.578125,1.125,1.953125,4.328125,3.125,4.0625,5.40625
0b424bab5710e452.jpg,man,hat,wearing,1,calib,non-spatial,Positive,5.796875,6.703125,5.9375,4.578125,5.09375,4.703125,5.59375
f96805120c622954.jpg,man,cast,wearing,1,calib,non-spatial,Opposite,5.687499940395355,5.0625,6.015625,2.546875,2.0312498807907104,2.5625,6.078125
69788246df023ddf.jpg,man,hat,wearing,1,eval,non-spatial,Positive,1.078125,0.234375,1.15625,2.453125,1.234375,2.296875,0.921875
9265227e8b79f7b5.jpg,man,hat,wearing,1,eval,non-spatial,Positive,4.03125,5.203125,4.109375,3.453125,2.671875,4.515624940395355,5.6875
75ed7924c47f984d.jpg,man,sunglasses,wearing,1,calib,non-spatial,Opposite,5.59375,6.890625,5.53125,3.1875,2.4687499403953552,3.09375,5.640625
b15736bdd7914941.jpg,woman,wedding dress,wearing,1,eval,non-spatial,Positive,6.15625,2.609375,5.999999940395355,4.921875,2.03125,4.90625,6.234375
91c4e85dd0511f1d.jpg,man,hat,wearing,1,eval,non-spatial,Positive,5.875,7.281250059604645,5.890625,5.203125,4.375,5.1875,6.296875
5278129f90393f7b.jpg,person,sandals,wearing,1,eval,non-spatial,Positive,1.75,2.515625,2.203125,2.0625000596046448,2.3125,2.1718749403953552,3.34375
7ca21ac836ba67c6.jpg,man,helmet,wearing,1,calib,non-spatial,Opposite,6.703125,5.203125,6.6875,4.875,4.312499940395355,4.859375,6.609375
2c08e140e00f5fdc.jpg,man,helmet,wearing,1,eval,non-spatial,Positive,-0.21875,0.28125,-0.25,2.15625,1.703125,2.21875,3.4375
0b8a351a260bc898.jpg,woman,tights,wearing,1,eval,non-spatial,Positive,1.1875,1.1875,1.875,4.578125178813934,4.578125178813934,5.046875238418579,2.109375
62f5b3b114f74ea8.jpg,woman,scarf,wearing,1,calib,non-spatial,Positive,4.937499940395355,5.34375,4.921875,5.171875,3.46875,5.296875059604645,5.515625
6f722f46dd08b8d8.jpg,man,helmet,wearing,1,eval,non-spatial,Positive,6.593750059604645,4.578125,6.296874940395355,5.499999940395355,3.21875,5.281249940395355,5.84375
8409089d99c0ffa2.jpg,man,helmet,wearing,1,calib,non-spatial,Positive,6.203125059604645,6.156250059604645,6.453124940395355,3.546875,4.078125,3.7187499403953552,5.484375
d3ecef711821a6dc.jpg,man,hat,wearing,1,calib,non-spatial,Positive,6.53125,6.59375,6.59375,6.140625,5.90625,6.03125,5.15625
9d7c3742f1cb9cf3.jpg,woman,bikini,wearing,1,calib,non-spatial,Positive,3.15625,2.234375,3.25,3.7812499403953552,3.140625,3.8125,3.390625
0013ea2087020901.jpg,child,diaper,wearing,1,eval,non-spatial,Positive,0.921875,0.75,0.828125,2.6718748211860657,1.0781249403953552,2.4843748211860657,1.828125
c7e5f40a0f905e5b.jpg,woman,maroon and white shirt,wearing,1,eval,non-spatial,Positive,0.765625,2.640625,0.765625,3.3437500596046448,4.718749940395355,3.375,2.46875
7c7db17e4e5ddd66.jpg,person,helmet,wearing,1,calib,non-spatial,Positive,4.984375,4.3749998807907104,5.015625,3.84375,4.203125,3.859375,6.296875
d2d5e5cc2b420898.jpg,man,helmet,wearing,1,eval,non-spatial,Positive,7.890625,6.03125,7.859375,4.140625,2.6875,4.124999940395355,5.203125
5e87eaf2ecc31207.jpg,woman,hat,wearing,1,eval,non-spatial,Positive,2.984375,2.984375,2.96875,1.53125,0.8125,1.5625,4.59375
b87e0053938bbad6.jpg,woman,camera,wearing,1,eval,non-spatial,Positive,-0.375,-2.953125,-0.015625,2.796875,-0.640625,3.109375,-0.109375
1cd308dd54d1fd90.jpg,man,glasses,wearing,1,eval,non-spatial,Positive,4.90625,6.0,5.0625,5.578125,4.328125,5.71875,6.203125
4ad6955cadc6eafa.jpg,woman,skirt,wearing,1,eval,non-spatial,Positive,2.140625,3.421875,2.6875,3.0468749403953552,3.265625,3.546875,3.53125
3b7e3f16aae9787d.jpg,woman,black leather jacket,wearing,1,calib,non-spatial,Positive,5.015625,3.21875,4.828124940395355,3.5312499403953552,2.6875,3.375,5.296875
491b8785879a5af3.jpg,person behind the desk,uniform,wearing,1,eval,non-spatial,Positive,0.171875,-0.140625,-0.015625,0.125,0.0781252384185791,0.03125011920928955,1.171875
124d86a6d3953a13.jpg,man,glasses,wearing,1,eval,non-spatial,Positive,5.812500059604645,3.34375,5.874999940395355,4.90625,4.3125,4.953124940395355,5.65625
6c8dafac9ee9d86e.jpg,man,red shirt,wearing,1,eval,non-spatial,Positive,5.40625,5.40625,5.640625,3.75,3.75,3.828125,3.828125
07ced255ea911d85.jpg,woman,red top,wearing,1,calib,non-spatial,Positive,1.921875,4.4375,1.671875,2.53125,2.171875,2.5625,3.46875
85c499f10d7a6ae3.jpg,man,hat,wearing,1,eval,non-spatial,Opposite,2.625,3.65625,2.65625,3.8593749403953552,4.109375,3.9531250596046448,1.234375
b29c5fb9bf8b4cf7.jpg,woman,hat,wearing,1,calib,non-spatial,Positive,0.140625,0.140625,0.15625,0.062499940395355225,0.062499940395355225,5.960464477539063e-08,5.203125
c5a39dd0737e5b4a.jpg,man,scarf,wearing,1,calib,non-spatial,Positive,3.484375,2.21875,3.578125,4.40625,1.09375,4.296875,3.3125
5e77e54ee62483fe.jpg,woman,bikini,wearing,1,eval,non-spatial,Positive,-0.14062494039535522,-0.8124999403953552,-0.265625,1.703125,-0.9531250596046448,1.4062498807907104,0.6718750596046448
ece322ca4786d582.jpg,man,blue shirt,wearing,1,eval,non-spatial,Positive,0.015625,0.8125,0.03125,4.109375,4.4375,4.15625,4.671875
9e11f75d740f84fe.jpg,man,helmet,wearing,1,eval,non-spatial,Positive,0.40625,3.40625,0.40625,2.984375,4.578125,3.046875,3.140625
424e586e378cac34.jpg,woman,jeans,wearing,1,eval,non-spatial,Positive,2.515625,2.53125,2.1875,3.6406250596046448,4.171874940395355,4.21875,2.4375
758cb6bee81ec9f8.jpg,man,blue shirt,wearing,1,eval,non-spatial,Positive,-3.703125,-1.859375,-4.234375,-1.078125,-1.3125,-0.890625,-1.9375
a2ead0b3c35a18bd.jpg,woman,black shirt,wearing,1,calib,non-spatial,Opposite,5.25,4.5625,5.25,4.406249940395355,3.96875,4.671874940395355,5.4375
c7a79f9e87286930.jpg,woman,red headband,wearing,1,eval,non-spatial,Positive,0.0,0.0,0.0,0.0,0.0,0.0,-2.40625
9d94d83310780c6f.jpg,woman,pink top,wearing,1,eval,non-spatial,Positive,0.96875,1.765625,0.96875,2.96875,3.03125,2.84375,4.46875
4a55f408ddfb54e5.jpg,woman,pink goggles,wearing,1,eval,non-spatial,Positive,5.9375,3.703125,5.859375,4.046875,2.609375,3.96875,4.109375
ecc1b92e865ed769.jpg,man,two large fish,holding,1,calib,non-spatial,Positive,4.328125,5.578124940395355,4.953125,4.999999940395355,3.078125,5.03125,4.703125
81eab2350699a82e.jpg,man,glasses,holding,0,eval,non-spatial,Opposite,4.375,4.375,4.484375,3.0,3.0,2.9218749403953552,4.15625
b085f6708ee5a803.jpg,man,paintball gun,holding,1,eval,non-spatial,Positive,3.203125,1.625,3.5468750596046448,2.828125,2.046875,3.25,3.109375
e5e3f9f035499de1.jpg,mouse,metal rod,holding,0,calib,non-spatial,Opposite,3.8906250596046448,1.2812500596046448,3.9687500596046448,1.2500000596046448,0.59375,1.21875,0.8750000596046448
3ab64d8f62ae62b8.jpg,man,gun,holding,1,calib,non-spatial,Positive,6.546875,3.984375,6.828125,4.46875,3.359375,4.40625,5.109375
1109ae1bfb4efe78.jpg,woman,briefcase,holding,0,calib,non-spatial,Positive,0.859375,0.40624988079071045,1.84375,0.15625,-0.5781251192092896,0.125,2.390625
409f7b5ca2a458c6.jpg,man,ball,holding,1,eval,non-spatial,Positive,0.984375,-0.15625,1.3593750596046448,0.78125,1.078125,1.578125,1.890625
d6b8b01e4ce6950a.jpg,person,snowboard,holding,0,calib,non-spatial,Opposite,-0.71875,0.203125,-0.734375,-0.015625,0.109375,0.015625,3.71875
2bb371dc7d9c1509.jpg,person,baby,holding,1,eval,non-spatial,Opposite,2.078125,4.515625,3.625,2.359375,3.796875,2.7968749403953552,4.265625
e42ce843c6e48119.jpg,woman,handbag,holding,0,eval,non-spatial,Opposite,4.5,3.234375,4.484375,4.937499940395355,3.9375,4.937499940395355,4.265625
6e012cc0602d3dc1.jpg,man,pen,holding,1,calib,non-spatial,Opposite,5.046875,3.953125,5.03125,3.84375,3.25,3.859375,3.875
b127ae8c8113f431.jpg,person,mirror,holding,0,eval,non-spatial,Positive,1.875,1.484375,1.578125,0.8593750596046448,1.203125,1.203125,1.03125
a903e7bb7226fc2c.jpg,man,big camera,holding,1,eval,non-spatial,Opposite,2.828125,2.4375,2.703125,5.03125,4.078125,4.796875,3.71875
c7803107deac5ad4.jpg,person,plate of food,holding,0,calib,non-spatial,Positive,0.59375,1.859375,1.640625,2.40625,1.984375,2.875,2.9375
9bed0e9513710c7b.jpg,man,saxophone,holding,1,calib,non-spatial,Opposite,1.84375,1.125,1.703125,0.21875,0.15625,0.125,0.40625
4dea4e5cd46ba41d.jpg,beekeeper,honeycomb,holding,0,calib,non-spatial,Opposite,0.390625,2.7343751192092896,3.765625,0.140625,0.78125,0.8125,4.640625
1de38c170bce1b3c.jpg,man and woman,hands,holding,1,eval,non-spatial,Positive,0.859375,0.859375,2.140625,1.0625,1.0625,1.390625,4.640625
3b67f952f62a6389.jpg,person,violin,holding,0,calib,non-spatial,Opposite,3.125,1.5625,3.765625,2.546875,0.5625,3.3593749403953552,4.90625
81b9fa22daadac52.jpg,man,drink,holding,1,eval,non-spatial,Positive,4.59375,6.71875,4.53125,3.8593750596046448,3.640625,3.7968749403953552,6.21875
82e651da7cf386ae.jpg,person,musical instrument,holding,0,calib,non-spatial,Positive,2.5625,0.9375,3.484375,1.7187500596046448,0.28125,2.1250000596046448,5.671875
a65def4ef8c48960.jpg,man,violin,holding,1,calib,non-spatial,Opposite,6.796875,3.875,7.125,5.75,3.5312499403953552,5.984375,5.8125
8cf429a0d52fdb0e.jpg,man,ladder,holding,0,calib,non-spatial,Positive,-1.6875,1.3124999403953552,1.21875,-0.578125,1.40625,1.390625,2.1875
2e9721f274303090.jpg,person,bag,holding,1,eval,non-spatial,Positive,3.453125,1.046875,2.203125,4.234375,1.875,3.953125,7.421875
c43d8e515688b759.jpg,man,camera,holding,0,eval,non-spatial,Opposite,1.015625,-0.15625,1.125,-0.59375,-0.203125,-0.515625,3.953125
894ea4d95293e3ac.jpg,woman,baby,holding,1,calib,non-spatial,Positive,2.90625,1.703125,2.9375,1.96875,1.328125,1.921875,2.828125
34da64f7fecdfa2a.jpg,people,dogs,holding,0,calib,non-spatial,Opposite,0.171875,0.453125,-0.140625,0.90625,0.203125,-0.171875,4.6875
60f414af039ebc6e.jpg,person,fishing rod,holding,1,calib,non-spatial,Positive,1.578125,5.90625,3.046875,2.625,2.40625,3.3281249403953552,5.125
f6fec6257ff0adca.jpg,easter bunny toy,colorful egg,holding,0,eval,non-spatial,Opposite,7.124999940395355,7.28125,7.328124940395355,4.46875,3.21875,4.5625,6.390625
51e462fdaa1bbd48.jpg,man,baseball glove,holding,1,calib,non-spatial,Positive,0.265625,1.671875,1.671875,0.796875,2.1562498807907104,2.1406251192092896,4.96875
b7a27e5c85498f67.jpg,person,bowling ball,holding,0,calib,non-spatial,Positive,-0.453125,-0.25,-0.8125,-0.2968750596046448,-0.109375,-0.34375,0.234375
9d94d83310780c6f.jpg,woman,racket,holding,1,eval,non-spatial,Positive,2.96875,2.1875,5.3125,4.562500059604645,1.375000238418579,4.515625059604645,6.40625
0fe12f551f900aca.jpg,medical professionals,medical tools,holding,0,eval,non-spatial,Opposite,0.859375,2.078125,1.25,0.34375,0.28125,0.875,7.0
a2ead0b3c35a18bd.jpg,man,microphone,holding,1,calib,non-spatial,Positive,4.312500059604645,3.4375,4.21875,2.1718749403953552,1.8750000596046448,2.1406250596046448,3.390625
b053b1f12641af60.jpg,woman,wine glass,holding,0,calib,non-spatial,Positive,-0.3125000596046448,-0.046875059604644775,-0.4687500596046448,-0.015624940395355225,0.0,0.062499940395355225,0.5624999403953552
c7a6a5f2a8f674ce.jpg,man,rugby ball,holding,1,eval,non-spatial,Positive,3.546875,4.53125,3.609375,2.1406249403953552,2.28125,2.25,4.28125
c149c16556ee5d81.jpg,person,wok,holding,0,eval,non-spatial,Positive,0.78125,-0.046875,0.140625,1.0781249403953552,-0.015625,0.359375,3.65625
75af61ac171379a9.jpg,man,paddle,holding,1,calib,non-spatial,Positive,1.453125,0.125,1.4375,2.59375,2.3125,2.578125,2.8125
2c209664cc9be9e6.jpg,man,woman,holding,0,eval,non-spatial,Random,-0.34375,0.6875,-0.078125,0.7968750596046448,0.84375,0.7968749403953552,1.21875
651488dd9316c839.jpg,boy,weapon,holding,1,calib,non-spatial,Positive,1.828125,3.765625,5.921875059604645,3.109375,2.8125,3.4062499403953552,5.625
3244bcda9de87cdf.jpg,large toy box,cardboard house,holding,0,eval,non-spatial,Opposite,2.421875,2.421875,2.2656249403953552,1.390625,1.390625,1.2968749403953552,1.34375
a5b2ac4f2041db39.jpg,person,three-wheeled vehicle,holding,1,eval,non-spatial,Positive,1.734375,4.703125,6.015625,0.53125,1.296875,1.6250000596046448,4.640625
118cd0d11952fb69.jpg,man,guitar,holding,0,calib,non-spatial,Positive,-0.515625,-0.39062511920928955,-0.515625,-0.9531249403953552,-0.8593749403953552,-0.8749999403953552,1.546875
086224b8c3266d3e.jpg,person,wok,holding,1,eval,non-spatial,Positive,0.375,2.296875,2.296875,0.15625,1.96875,1.875,1.796875
66147ef0d4be0638.jpg,man,model boat,holding,0,eval,non-spatial,Positive,0.453125,0.5625,0.59375,0.09375,0.203125,0.359375,3.265625
96dd97e7202ab34e.jpg,man,little girl,holding,1,eval,non-spatial,Positive,0.921875,1.40625,0.6875,1.34375,1.46875,1.296875,2.3125
84af25555f7c818b.jpg,person,side of the boat,holding,0,eval,non-spatial,Opposite,2.5,2.5,2.578125,1.515625,1.515625,1.5937500596046448,4.640625
0430797dd00cd443.jpg,person,bowling ball,holding,1,calib,non-spatial,Positive,0.9375,0.53125,1.15625,2.09375,0.0,2.0625,1.546875
af7c6395e7fdbeb5.jpg,man,drink,holding,0,eval,non-spatial,Opposite,-0.203125,-0.53125,-1.125,0.203125,0.0,0.3125,2.984375
e7e921cb531a874a.jpg,person,rifle,holding,1,calib,non-spatial,Positive,-0.453125,-0.0625,0.09375,-0.25,0.21875,0.296875,4.234375
bce4712aedb6eb6b.jpg,person,fish,holding,0,calib,non-spatial,Positive,-0.46875,-0.25,-0.9375000596046448,0.109375,-0.21875,-0.0625,-1.484375
1a08289e9fcda126.jpg,man,mobile phone,holding,1,eval,non-spatial,Positive,2.703125,6.03125,8.46875,2.328125,2.78125,4.34375,7.71875
8adaad8fefce4d9b.jpg,man,microphone,holding,0,eval,non-spatial,Opposite,-0.046875,-1.78125,-2.374999761581421,0.8750000596046448,-1.2187499403953552,-0.7812500596046448,1.609375
f24ca937211d91af.jpg,person,hamburger,holding,1,eval,non-spatial,Positive,2.046875,3.40625,5.40625,1.828125,3.546875,4.59375,6.578125
148aa1f69209814f.jpg,man,soccer ball,holding,0,eval,non-spatial,Opposite,2.515625,0.59375,2.25,1.6249998807907104,0.9999999403953552,1.4843749403953552,3.234375
bb1eb0727b1b8d8e.jpg,man,guitar,holding,1,eval,non-spatial,Positive,1.546875,0.296875,1.828125,4.0625,2.671875,4.265625,2.1875
c4d079292d390271.jpg,person,skateboard,holding,0,calib,non-spatial,Positive,1.09375,0.03125,1.4375,0.06250005960464478,-0.546875,0.10937494039535522,3.734375
f15a6e4c696003f7.jpg,person,dog,holding,1,eval,non-spatial,Positive,7.6875,4.0625,7.671875,3.3906250596046448,1.2187501192092896,3.375,5.78125
22a5848e375335e3.jpg,clown statue,hands,holding,0,calib,non-spatial,Opposite,1.328125,1.328125,1.9375,0.0625,0.0625,0.046875059604644775,3.84375
1a00561698778497.jpg,person,book,holding,1,eval,non-spatial,Opposite,3.5,2.78125,3.53125,2.9843750596046448,1.9687501192092896,3.0156249403953552,4.5625
30a50c305d4fcd41.jpg,woman,musical note chart,holding,0,eval,non-spatial,Opposite,-0.984375,1.3125000596046448,0.984375,-0.5,0.23437494039535522,-0.4375,0.59375
71631731c0d63e45.jpg,person,mobile phone,holding,1,calib,non-spatial,Opposite,4.375,0.515625,4.078125,3.90625,0.859375,3.7968749403953552,4.234375
f56ca856f3594aef.jpg,man,cup,holding,0,eval,non-spatial,Opposite,2.640625,2.640625,2.625,0.78125,0.78125,0.859375,2.3125
bde0112066be318e.jpg,man,black vehicle,holding,1,calib,non-spatial,Positive,3.0,4.984375,5.21875,1.9687499403953552,2.2031250596046448,2.3749999403953552,4.390625
200907829e4fbe95.jpg,person,microphone,holding,0,eval,non-spatial,Opposite,3.296875,2.046875,3.28125,2.0,0.5625,2.0625,4.203125
809d426b0ed06d55.jpg,man,american flag,holding,1,eval,non-spatial,Positive,0.765625,0.90625,1.328125,2.1093750596046448,0.17187488079071045,2.25,2.78125
021fffa3d66f9b77.jpg,two men,woman,holding,0,eval,non-spatial,Opposite,-1.40625,4.515625,2.859375,-0.15625,2.3750000596046448,1.5937500596046448,2.9375
ecbfd9984a9c4f94.jpg,person,handlebar,holding,1,calib,non-spatial,Opposite,-1.5312500596046448,-0.6562500596046448,-2.1250000596046448,1.28125,0.875,0.8125,0.7968749403953552
ccbbb3175f571466.jpg,man,glass of wine,holding,0,calib,non-spatial,Opposite,2.453125,-0.21875,3.75,3.59375,-0.421875,3.6093750596046448,5.125
e39c966fed9f14ac.jpg,man,child,holding,1,calib,non-spatial,Positive,2.15625,1.96875,1.90625,1.796875,1.5468751192092896,1.46875,3.21875
9ddd7110b59880c8.jpg,cup,coffee,holding,1,calib,non-spatial,Positive,5.578125,5.703125,5.03125,2.109375,1.03125,2.09375,6.640625
76b42cf5f4f5200e.jpg,man,rifle,holding,1,eval,non-spatial,Positive,1.953125,4.640625,6.546875,1.8750000596046448,1.453125,2.203125,4.578125
117142f3ff2f20d1.jpg,man,camera,holding,1,calib,non-spatial,Opposite,2.328125,3.171875,2.359375,1.828125,0.953125,1.828125,4.203125
731173d27e06b210.jpg,man,book,holding,1,calib,non-spatial,Positive,0.7499999403953552,1.4375,0.4218750596046448,1.21875,1.1406249403953552,1.1875,1.328125
116557a2d9bc5e70.jpg,man,tennis racket,holding,1,eval,non-spatial,Positive,1.953125,6.328125059604645,4.96875,3.46875,3.8125,3.3125,5.828125
45a98c6eb828a0c9.jpg,person,microphone,holding,1,calib,non-spatial,Positive,2.953125,3.359375,2.921875,1.046875,1.125,1.0,6.25
c3cfa71fc24e8110.jpg,child,baseball bat,holding,1,calib,non-spatial,Positive,2.671875,2.03125,6.21875,4.453124940395355,3.2968750596046448,4.671875,4.921875
92f8153301227be5.jpg,man,baseball bat,holding,1,eval,non-spatial,Positive,5.875,1.34375,5.984375,6.406249940395355,3.328125,6.375000059604645,5.671875
54b7a0bc0d489fe8.jpg,woman,red purse,holding,1,eval,non-spatial,Opposite,-0.21875,0.640625,-0.234375,2.0624999403953552,0.9999999403953552,2.03125,0.625
09c0e499d462dabc.jpg,person,baby,holding,1,eval,non-spatial,Positive,0.40625,0.265625,1.15625,3.34375,4.296875059604645,5.359375059604645,2.3125
e7d0dde7b8712e83.jpg,person,sandwich,holding,1,calib,non-spatial,Positive,5.609375,6.578125,6.578125,2.984375,4.046875,3.96875,5.8125
141419f93246899e.jpg,woman,beverage,holding,1,eval,non-spatial,Opposite,1.640625,2.34375,1.609375,1.171875,1.265625,1.1875,5.796875
5076fe95c0ea798d.jpg,person,hamburger,holding,1,eval,non-spatial,Positive,3.21875,4.5,3.484375,4.375,4.281249940395355,4.625,5.234375
b976627ae8163b64.jpg,person,paddle,holding,1,calib,non-spatial,Positive,-0.828125,2.984375,2.84375,1.6875,2.3906250596046448,2.203125,3.765625
175ef697cb84c875.jpg,man,paddle,holding,1,eval,non-spatial,Positive,0.65625,3.5625,3.546875,2.703125,3.53125,3.5312499403953552,3.484375
30f0848269103d1f.jpg,person,bottle of nail polish,holding,1,eval,non-spatial,Positive,4.53125,4.53125,4.703125,1.375,1.375,1.515625,4.875
3fd61b93eb10b236.jpg,person,camera,holding,1,eval,non-spatial,Opposite,1.421875,0.34375,2.0625,2.0156250596046448,-0.390625,1.15625,4.609375
3ec2b4d262e2ac4c.jpg,boy,drumstick,holding,1,eval,non-spatial,Positive,1.765625,1.84375,1.796875,1.453125,1.359375,1.40625,3.953125
90f42332062eab57.jpg,boy,saw,holding,1,eval,non-spatial,Positive,-0.25,0.96875,0.28125,-0.875,0.5781250596046448,0.0,3.03125
97b57bf58e7b224d.jpg,boy,arrows,holding,1,eval,non-spatial,Opposite,0.25,2.03125,-0.078125,-0.875,0.5,-1.203125,3.203125
25f64e9aca8971ea.jpg,man,umbrella,holding,1,calib,non-spatial,Positive,2.21875,7.625,7.1875,2.53125,2.7812499403953552,3.234375,4.390625
6f2f0cf8a9076421.jpg,boy,penguin,holding,1,calib,non-spatial,Positive,5.90625,3.890625,6.0,1.9375000596046448,0.9062500596046448,2.1562500596046448,3.765625
eb57c0aece83cc1a.jpg,boy,flag,holding,1,calib,non-spatial,Positive,3.34375,1.03125,2.828125,3.984375,1.25,3.4375,5.09375
c0dea6f5a9da743e.jpg,person,book,holding,1,calib,non-spatial,Opposite,3.5,-0.109375,3.453125,3.125,-0.03125,3.203125,3.5625
b29dbe546b191404.jpg,person,orange ball,holding,1,calib,non-spatial,Positive,-0.7968751192092896,-1.140625,-0.859375,-0.45312511920928955,-0.546875,-0.4687500596046448,-2.71875
ed0147f94eaf2efd.jpg,man,putter,holding,1,eval,non-spatial,Positive,0.359375,-0.53125,0.453125,1.953125,0.71875,2.046875,2.1875
e56b89906a82c334.jpg,woman in the center,drink,holding,1,calib,non-spatial,Positive,1.1718748807907104,1.1718748807907104,1.0,-0.015625,-0.015625,0.03125,3.046875
a26b2c00a79d2c0d.jpg,man,drumsticks,holding,1,eval,non-spatial,Positive,0.875,0.765625,0.9687500596046448,1.703125,0.7968750596046448,1.7499999403953552,1.6875
c16a846baefae10f.jpg,woman,umbrella,holding,1,calib,non-spatial,Positive,5.71875,5.125,5.859375,4.593749940395355,4.703125,4.859375,3.28125
86964f4fbe40ae5a.jpg,man,pool stick,holding,1,calib,non-spatial,Positive,-0.296875,0.0,-0.40625,0.359375,-0.140625,0.2656250596046448,0.8125
cbdfc5549fd06095.jpg,man,basketball,holding,1,eval,non-spatial,Positive,3.453125,1.171875,3.390625,3.28125,2.796875,3.265625,4.5
f98a01e056b70647.jpg,man,reins,holding,1,eval,non-spatial,Positive,0.46875,1.03125,0.46875,1.5,1.125,1.59375,3.109375
34e6e3ad05e112b7.jpg,person,rabbit,holding,1,eval,non-spatial,Positive,3.96875,4.96875,4.59375,2.9374999403953552,4.40625,3.796875,3.21875
7c8a5253847619a5.jpg,person,gun,holding,1,eval,non-spatial,Opposite,5.2656251192092896,1.21875,4.625,3.421875,2.296875,3.0,3.453125
467660b9511d6404.jpg,man,fish,holding,1,calib,non-spatial,Positive,4.6875,3.390625,4.59375,5.09375,3.84375,5.015625,4.3125
9f862b6373ba22da.jpg,koala,two branches,holding,1,eval,non-spatial,Positive,1.984375,0.140625,1.484375,1.953125,-0.09375,1.875,1.25
36233c5bd75baeac.jpg,toy fisherman,toy fish,holding,1,eval,non-spatial,Positive,0.171875,0.171875,0.234375,1.359375,1.359375,1.296875,0.390625
d32303a62c007868.jpg,woman,plastic bag,holding,1,eval,non-spatial,Opposite,3.71875,4.328125,3.625,4.21875,2.3125,4.203125059604645,5.3125
738e234e59615c71.jpg,man,flag,holding,1,eval,non-spatial,Positive,2.421875,7.4375,5.515625,2.59375,3.515625,4.078125,5.296875
114d6b81e7b1fa08.jpg,person,knife,holding,1,calib,non-spatial,Positive,4.96875,4.984375,4.890625,2.21875,1.90625,2.203125,2.125
7afb90178c425e18.jpg,woman,gun,holding,1,eval,non-spatial,Positive,1.75,1.890625,3.6718749403953552,-0.03125,-0.3281250596046448,-0.2656250596046448,4.390625
2ae47fa15fea397b.jpg,little girl,red umbrella,holding,1,eval,non-spatial,Positive,2.21875,5.4375,4.96875,3.953125,3.953125,4.296875,4.015625
f56ca856f3594aef.jpg,boy,smile,holding,1,eval,non-spatial,Positive,2.765625,2.765625,2.96875,1.21875,1.21875,1.0937499403953552,2.921875
29faa8b48f111791.jpg,man,fish,holding,1,calib,non-spatial,Opposite,3.7343750596046448,5.500000059604645,6.5468748807907104,2.3281250596046448,4.28125,3.9218750596046448,4.640625
c020aa3c539efe6f.jpg,man,drill,holding,1,eval,non-spatial,Positive,2.078125,0.4375,2.0,1.625,0.078125,1.796875,4.234375
f809f32741b70e19.jpg,woman,racket,holding,1,calib,non-spatial,Positive,-0.90625,0.0,-0.90625,-0.21875,0.0,-0.21875,0.34375
a0da01a93a6f51bf.jpg,baseball player,bat,holding,1,eval,non-spatial,Positive,5.890625,3.65625,5.84375,4.421875059604645,1.734375,4.359375,6.046875
f12da65ede4f822a.jpg,person,coffee cup,holding,1,calib,non-spatial,Positive,5.109375,5.328125,5.109375,5.046875059604645,5.406250059604645,5.09375,7.3125
a5255a39b87c5cf4.jpg,girl,basketball,holding,1,eval,non-spatial,Positive,2.6562501192092896,2.015625,2.578125,3.875,3.125,3.296875,4.5625
c6fa0a8fcd9961f1.jpg,woman,camera,holding,1,calib,non-spatial,Positive,0.640625,1.4531249403953552,0.84375,0.71875,0.1875,0.7968750596046448,2.328125
abd556f244c58f8a.jpg,man,table tennis racket,holding,1,calib,non-spatial,Positive,3.84375,1.96875,4.875,4.1875,3.078125,4.90625,5.15625
0ba4f62f6a92a5a5.jpg,person,ski poles,holding,1,calib,non-spatial,Positive,0.75,3.265625,3.6093749403953552,3.734375,4.109375,4.375,4.0625
eadce84978423613.jpg,woman,big bag,holding,1,calib,non-spatial,Opposite,4.062499940395355,5.109375,4.421875059604645,5.390625,5.796875059604645,5.640625,3.625
97b57bf58e7b224d.jpg,man,bow and arrow,holding,1,eval,non-spatial,Positive,2.609375,1.78125,2.078125,3.2968749403953552,2.6249999403953552,3.109375,4.015625
91c4e85dd0511f1d.jpg,man,accordion,holding,1,eval,non-spatial,Opposite,4.734375,5.234375,5.0,4.8125,4.546875,4.859375,4.125
1992db553680cac6.jpg,woman,parasol,holding,1,eval,non-spatial,Opposite,1.453125,2.390625,4.71875,2.140625,0.140625,3.171875,3.953125
479da084bf0d679f.jpg,man,weapon,holding,1,eval,non-spatial,Positive,4.28125,7.125,7.046875,2.734375,4.046875,4.125,6.25
1519b2618048f525.jpg,man,shotgun,holding,1,eval,non-spatial,Positive,4.515625,5.125,4.375000059604645,4.343749940395355,3.671875,4.46875,3.40625
286954cbfed9d91c.jpg,person,pastry,holding,1,eval,non-spatial,Positive,-0.09375,1.84375,3.984375,3.171875,0.234375,4.59375,4.890625
24073df6a9c58c6b.jpg,man,ball,holding,1,eval,non-spatial,Positive,2.609375,1.359375,2.015625,3.0312499403953552,1.7656250596046448,2.796875,3.296875
34a492cbd64e7740.jpg,person,can of red bull,holding,1,eval,non-spatial,Positive,-0.421875,2.9687500596046448,3.90625,2.96875,5.500000059604645,6.593749940395355,3.9375
2dfb0cd7ac014fc1.jpg,woman,umbrella,holding,1,eval,non-spatial,Positive,0.59375,6.0,6.0,1.6718749403953552,1.453125,2.328125,5.65625
897b8f010cd0869e.jpg,man,oboe,holding,1,calib,non-spatial,Positive,1.65625,1.078125,1.625,1.953125,1.375,1.9531251192092896,-0.671875
c4e149d593d12ae7.jpg,man,fish,holding,1,calib,non-spatial,Positive,2.21875,-0.4375,2.265625,3.65625,-0.359375,3.65625,3.484375
58b9f0a6a926368d.jpg,man,pool stick,holding,1,calib,non-spatial,Positive,3.21875,2.15625,3.234375,4.46875,2.46875,4.468749940395355,3.25
34025871515dde45.jpg,person,ice cream cone,holding,1,eval,non-spatial,Positive,0.84375,5.109375,4.828125,3.34375,5.046875,4.921875,3.765625
2d7a6c57f56faf45.jpg,man,ball,holding,1,eval,non-spatial,Positive,4.609375,3.1875,4.609375,4.265625059604645,3.59375,4.250000059604645,4.71875
f98e23895593ab01.jpg,man,railing,holding,1,eval,non-spatial,Opposite,3.765625,2.859375,3.609375,1.1875001192092896,0.4843750596046448,1.109375,2.546875
df051a0847309c44.jpg,man,accordion,holding,1,eval,non-spatial,Positive,3.2343751192092896,4.84375,6.9375,3.8906250596046448,3.3281250596046448,4.40625,5.203125
092a6148eaac712e.jpg,man,lacrosse stick,holding,1,calib,non-spatial,Positive,-0.03125,0.484375,-0.078125,2.453125,2.125,2.0625,4.25
669d43a0b5f46ce4.jpg,man,ball,holding,1,calib,non-spatial,Positive,2.140625,0.9375,3.03125,2.140625,1.203125,2.9374999403953552,3.3125
91ef144b7c8bba2f.jpg,man,guitar,holding,1,calib,non-spatial,Positive,2.0,0.5,2.265625,0.25,-0.53125,0.40625,4.59375
75df3364755c336b.jpg,girl,basketball,holding,1,eval,non-spatial,Positive,1.171875,1.8125,1.203125,3.90625,3.5625,3.9375000596046448,2.75
ee55097d1850379c.jpg,man,oar,holding,1,calib,non-spatial,Random,-1.5,2.90625,0.984375,3.0312500596046448,2.9375000596046448,1.6250001192092896,2.15625
f589a533207de3dc.jpg,man,weapon,holding,1,calib,non-spatial,Positive,1.296875,3.421875,1.65625,1.5,1.953125,1.765625,6.171875
17a89e9968dfe0ef.jpg,beekeeper,beehive,holding,1,eval,non-spatial,Opposite,2.765625,1.375,2.578125,1.125,0.34375,1.328125,3.8125
942e91b079b37c7f.jpg,person,hamster,holding,1,eval,non-spatial,Positive,6.6875,3.921875,6.9375,5.75,4.5,5.78125,6.21875
b14f752e43df1621.jpg,woman,beer,holding,1,eval,non-spatial,Opposite,3.6875,2.484375,3.53125,3.625,3.40625,3.5,4.609375
c0b0133682bf5fb2.jpg,man,hockey stick,holding,1,eval,non-spatial,Positive,3.109375,2.390625,3.421875,3.75,0.921875,3.65625,5.875
df9cb342a2c613e4.jpg,vase,flowers,holding,1,eval,non-spatial,Positive,2.0625,1.921875,1.9375,1.125,1.59375,1.578125,4.75
b3cb3f910aa4d959.jpg,person,purse,holding,1,calib,non-spatial,Opposite,1.796875,1.46875,1.375,1.5625,2.0,1.71875,3.625
af7db20683e56df5.jpg,boy,pillow,holding,1,calib,non-spatial,Positive,3.328125,3.78125,3.3125,2.328125,1.59375,1.9062500596046448,3.5
236e8449dcd6c7a9.jpg,man,table tennis racket,holding,1,calib,non-spatial,Positive,1.953125,0.703125,1.8125,1.96875,0.40625,1.96875,3.953125
dd8a7bf210628fd7.jpg,man,book,holding,1,eval,non-spatial,Positive,1.953125,0.84375,2.6875,1.234375,0.171875,1.5312500596046448,3.0625
561fe7f628410a18.jpg,woman,large white handbag,holding,1,calib,non-spatial,Positive,3.671875,3.1406249403953552,2.828125,3.421875,2.5625,3.09375,3.65625
c7ed5f6c0405e620.jpg,man,crab,holding,1,calib,non-spatial,Positive,6.984375,8.3125,6.875,5.296875,5.53125,5.109374940395355,6.796875
a7935166240eb68b.jpg,man,camera,holding,1,eval,non-spatial,Positive,-0.53125,1.515625,-0.46875,-0.1875,1.25,-0.140625,3.765625
6e8bd110b49ef26b.jpg,person,golf flag pole,holding,1,eval,non-spatial,Opposite,0.671875,1.453125,1.3125,1.40625,1.9062500596046448,1.734375,3.671875
98b5f8fbfff0d05d.jpg,man,wood,holding,1,eval,non-spatial,Positive,3.890625,6.390625,7.5625,4.249999940395355,3.375,3.9687499403953552,6.21875
51d93439435b2c0f.jpg,man,microphone,holding,1,calib,non-spatial,Positive,7.03125,5.109375,6.984375,4.34375,2.953125,4.328125,5.515625
aef0a8bc66d5205d.jpg,people,parachute,riding,1,eval,non-spatial,Positive,0.265625,3.015625,3.296875,0.25,1.65625,1.7656251192092896,2.640625
67c9dd8871b245ae.jpg,people,motorcycles,riding,0,eval,non-spatial,Positive,1.671875,-0.09375,1.625,2.671875,0.046875,2.359375,6.828125
9981302a90bd62b1.jpg,man,segway,riding,1,calib,non-spatial,Positive,-0.515625,3.296875,3.015625,0.546875,0.328125,0.15625,2.34375
2c08e140e00f5fdc.jpg,man,custom bike,riding,0,eval,non-spatial,Opposite,-0.96875,0.140625,-0.6875,0.46875,-0.421875,1.984375,2.6875
72157cefa7c57ec8.jpg,boy,bicycle,riding,1,calib,non-spatial,Positive,3.40625,0.40624988079071045,1.625,1.78125,0.171875,0.375,2.25
a068ea435a318d8d.jpg,man,bicycle,riding,0,eval,non-spatial,Random,-1.0,-0.53125,-0.8125,5.265625,4.4375,5.9375,2.25
00c5be8db0e25f5e.jpg,man,tank,riding,1,calib,non-spatial,Positive,-2.203125,1.796875,1.796875,-0.453125,0.609375,0.59375,2.09375
a0b8948a5a669d86.jpg,man,bike,riding,0,calib,non-spatial,Random,1.21875,0.078125,1.015625,6.8125,5.140625,6.265625,3.5625
3be189900a496924.jpg,person,bicycle,riding,1,calib,non-spatial,Positive,3.578125,2.359375,6.609375,3.84375,1.578125,4.312499940395355,8.0625
c6324f32dbc3a847.jpg,man,bike,riding,0,calib,non-spatial,Opposite,-5.609375,-5.171875,-5.625,-3.703125,-3.03125,-3.96875,-0.1875
34ff10aa56e103ba.jpg,man,motorcycle with one wheel,riding,1,eval,non-spatial,Opposite,0.359375,0.546875,3.4375,2.40625,1.3593749403953552,2.1875,2.046875
67d2d798ebba1e74.jpg,man,bicycle,riding,0,calib,non-spatial,Opposite,-0.546875,1.921875,1.203125,0.96875,1.25,0.765625,0.59375
b6b804401adcbe4a.jpg,boy,yellow robot,riding,1,calib,non-spatial,Positive,1.015625,5.1718748807907104,5.828125,1.3593751192092896,2.3593751192092896,2.7656251192092896,3.328125
295a7f2d76bcccb2.jpg,girl,horse,riding,1,eval,non-spatial,Opposite,-0.5468749403953552,-0.10937494039535522,-1.9062499403953552,1.5937500596046448,0.5625000596046448,0.90625,0.9062500596046448
c4e8395425f49d05.jpg,man,bike,riding,0,calib,non-spatial,Random,0.5625,1.375,2.6093750596046448,2.703125,1.015625,2.8125,3.453125
663389d2c9d562d8.jpg,man,green motorcycle,riding,1,eval,non-spatial,Opposite,1.375,2.953125,4.749999940395355,3.515625,2.640625,2.9531249403953552,4.125
531e105f0f382294.jpg,girl,zebra,riding,0,calib,non-spatial,Opposite,1.46875,1.375,1.171875,1.7031249403953552,1.734375,1.7499999403953552,0.9375
aaf5b5b51d27d3a2.jpg,person,yellow jet ski,riding,1,eval,non-spatial,Opposite,0.01562488079071045,3.1718748807907104,2.4062499403953552,0.9999999403953552,2.09375,1.671875,1.8437498807907104
7c7db17e4e5ddd66.jpg,person,motorcycle,riding,1,calib,non-spatial,Positive,2.96875,5.84375,6.171875,2.65625,2.84375,3.140625,6.84375
d672a62768a6c629.jpg,man,bicycle,riding,0,calib,non-spatial,Opposite,4.078125,2.03125,4.1875,2.4375,1.796875,2.46875,4.1875
56136a5dd78b5454.jpg,person,bicycle,riding,1,eval,non-spatial,Opposite,5.1875,2.25,6.390625,5.578125,3.5625,5.562500059604645,7.6875
a5b2ac4f2041db39.jpg,man,small tricycle,riding,0,eval,non-spatial,Opposite,0.4374999403953552,2.84375,2.703125,-0.14062494039535522,0.21875005960464478,0.453125,1.21875
ed2fcee42f94162d.jpg,man,skateboard,riding,1,calib,non-spatial,Positive,1.625,3.3125,4.296875,0.8125,0.875,1.390625,5.640625
d0ffc5d3a209d1f0.jpg,man,bicycle,riding,0,eval,non-spatial,Opposite,0.234375,1.21875,1.8125,5.843750059604645,5.609375059604645,5.75,1.96875
8823286afacc9898.jpg,person,bicycle with two wheels,riding,1,eval,non-spatial,Positive,-0.578125,1.984375,-0.375,1.78125,2.828125,1.515625,1.546875
9c9d7f518c96cad9.jpg,person,horse,riding,0,eval,non-spatial,Opposite,-0.609375,0.5312500596046448,0.421875,-0.20312505960464478,-0.3750000596046448,-0.0625,-0.015625
2be6ab51b1f3621b.jpg,people,segways,riding,1,eval,non-spatial,Positive,-0.10937494039535522,0.17187505960464478,0.5937500596046448,0.84375,0.4374999403953552,0.421875,0.9687500596046448
8fbab56fe49c05a2.jpg,man,motorcycle,riding,0,calib,non-spatial,Opposite,2.046875,2.734375,2.390625,1.3749999403953552,1.796875,1.765625,5.171875
ce696a0b196b8e36.jpg,person,motorcycle,riding,1,calib,non-spatial,Positive,-2.078125,-6.34375,-1.640625,-0.390625,-0.53125,0.078125,-3.3125
749d4f4298609255.jpg,man,motorcycle,riding,0,calib,non-spatial,Opposite,0.640625,-0.703125,0.421875,4.4062498807907104,4.53125,4.1718748807907104,3.34375
83ad1edb154a2106.jpg,child,bicycle,riding,1,eval,non-spatial,Positive,1.265625,3.03125,3.15625,-0.015625,-0.046875,-0.125,2.75
762a0af3ba694ae9.jpg,people,van,riding,0,calib,non-spatial,Opposite,0.015625,0.75,0.78125,0.015625,0.6875000596046448,0.6875,2.203125
2b2bc6125f83ff18.jpg,person,whale,riding,1,eval,non-spatial,Positive,0.40625,4.921875,2.890625,0.6093749403953552,1.3437499403953552,0.9374999403953552,1.421875
98dd164dfd089339.jpg,man,unicycle,riding,0,calib,non-spatial,Positive,-0.015625,-0.3437500596046448,0.28125,0.28125,0.71875,1.171875,0.515625
61b9f3a4db94791b.jpg,man,motorized scooter,riding,1,eval,non-spatial,Positive,-0.5,-0.046875,2.609375,4.374999940395355,3.5937501192092896,4.421875,2.828125
bf646c5c90dea12c.jpg,woman,bicycle,riding,0,calib,non-spatial,Positive,-0.421875,0.625,0.1875,1.125,0.90625,0.75,3.4375
b4cb9fc067c1eb00.jpg,man,wave,riding,1,eval,non-spatial,Opposite,0.828125,3.21875,2.859375,1.703125,4.15625,4.015625,5.515625
662bf0ac81e57758.jpg,person,horse,riding,0,eval,non-spatial,Positive,0.0,1.3125,1.3125,0.0,1.3125000596046448,1.3125000596046448,0.796875
66fb599a59a53707.jpg,person,antique car,riding,1,eval,non-spatial,Opposite,3.3749999403953552,4.125,4.1875,3.046875,3.21875,3.234375,4.03125
83ad1edb154a2106.jpg,man,bicycle,riding,0,eval,non-spatial,Random,0.328125,0.0,0.15625,-0.484375,-0.765625,-0.609375,-1.28125
7c1d922420d9ae86.jpg,person,bicycle,riding,1,eval,non-spatial,Positive,3.796875,1.859375,3.046875,2.390625,1.140625,1.78125,6.484375
5fa0491945756036.jpg,woman,horse,riding,0,eval,non-spatial,Positive,-1.296875,1.09375,1.03125,-0.3437499403953552,-0.09374994039535522,-0.031249940395355225,-0.171875
bb0a84b613a098f0.jpg,man,horse,riding,1,calib,non-spatial,Random,-1.6249999403953552,-1.4687499403953552,-1.6249999403953552,0.34375,1.6406250596046448,0.265625,0.4062500596046448
ed39ece290eabd5d.jpg,person,track,riding,1,eval,non-spatial,Positive,-0.390625,-0.828125,1.25,3.890625,3.5625,5.4375,4.5625
4125df3dbe46a6af.jpg,person,motorcycle,riding,1,eval,non-spatial,Positive,6.281250059604645,5.125,7.25,5.671875,4.2187498807907104,5.375,6.90625
0690bd5e0f95ddab.jpg,man,jet ski,riding,1,eval,non-spatial,Positive,-1.03125,-1.171875,-1.1875,0.10937505960464478,-0.671875,-0.625,2.171875
94c53be316c9a02e.jpg,man,skateboard,riding,1,calib,non-spatial,Positive,6.984375,1.6875,6.96875,2.171875,1.171875,2.1875,5.546875
437c6697e0af46b6.jpg,man,dirt bike,riding,1,eval,non-spatial,Opposite,-1.421875,-1.109375,3.1875,5.374999940395355,4.625,5.921875,3.1875
421a93da4e4152f3.jpg,man,horse,riding,1,eval,non-spatial,Positive,1.015625,5.703125,4.53125,2.0468750596046448,2.34375,2.6093750596046448,4.546875
a8c01f09da2657bd.jpg,person,three-wheeled wheelchair,riding,1,calib,non-spatial,Opposite,0.0625,3.8125,3.296875,1.4374998807907104,2.828125,2.4062500596046448,2.734375
344a9140fb86e57d.jpg,woman,horse,riding,1,eval,non-spatial,Opposite,2.28125,0.140625,0.609375,1.2343749403953552,-0.203125,-0.015625,1.515625
395939397d472c3b.jpg,woman,horse,riding,1,calib,non-spatial,Positive,1.484375,0.625,2.875,1.5937500596046448,0.7031249403953552,1.9531250596046448,2.921875
a202156cdcee0cb1.jpg,people,gondola,riding,1,calib,non-spatial,Opposite,0.703125,0.40625,1.875,1.65625,1.0,2.359375,3.703125
a0b8948a5a669d86.jpg,person,blue bicycle,riding,1,calib,non-spatial,Opposite,4.3906248807907104,3.21875,5.03125,5.453125,3.953125,5.03125,6.25
a284f227c612b0c8.jpg,man,motorcycle,riding,1,eval,non-spatial,Opposite,-5.7187501192092896,-4.96875,-3.421875,-1.0781249403953552,-3.109375,-1.4375,-3.84375
6022a450df278025.jpg,man,white bicycle,riding,1,calib,non-spatial,Opposite,3.625,1.890625,5.0625,4.546875,2.921875,4.828125,4.0625
aac405248e9b7c8b.jpg,lifeguard,jet ski,riding,1,calib,non-spatial,Opposite,-0.515625,2.171875,1.5,1.96875,2.703125,2.921875,1.1875
26192da5ce2afa62.jpg,man,bike,riding,1,calib,non-spatial,Positive,-0.9375,0.71875,-2.546875,0.5000000596046448,0.23437505960464478,-0.6093749403953552,0.15625
a8c01f09da2657bd.jpg,man,bicycle,riding,1,calib,non-spatial,Positive,-0.921875,-0.546875,-0.90625,-0.9375000596046448,-1.328125,-1.90625,1.234375
4f3ea0b2bc75000c.jpg,man,roller skates,riding,1,eval,non-spatial,Opposite,3.515625,3.046875,3.484375,3.34375,1.90625,3.328125,3.109375
5b42b58ab16c05c0.jpg,person,skateboard,riding,1,eval,non-spatial,Positive,5.640625,1.8125,5.125000059604645,2.65625,2.9062499403953552,2.71875,5.71875
ab46f7ec075d89ae.jpg,boy,tricycle,riding,1,eval,non-spatial,Positive,1.46875,3.09375,6.609375,3.1875,2.515625,3.6718750596046448,4.21875
115bec3d6d7f09f2.jpg,woman,blue bicycle,riding,1,eval,non-spatial,Positive,2.859375,6.687500059604645,6.359374940395355,3.078125,3.515625,3.546875,5.828125
d2d5e5cc2b420898.jpg,person,segway,riding,1,eval,non-spatial,Opposite,-0.359375,2.0468748807907104,2.046875,0.5,0.3593750596046448,0.46875,0.078125
6f722f46dd08b8d8.jpg,man,bicycle,riding,1,eval,non-spatial,Opposite,6.9375,0.0,6.9375,3.890625238418579,0.0,3.890625238418579,5.78125
b5730a42515dad94.jpg,person,horse,riding,1,eval,non-spatial,Positive,2.625,1.609375,1.609375,0.453125,-0.171875,-0.109375,1.828125
d7e0a40ffb2d0cbe.jpg,woman,horse,riding,1,calib,non-spatial,Positive,2.0625,1.1874998807907104,0.890625,1.5937498211860657,0.6562498807907104,0.5781248807907104,3.140625
7a9767c9f102b469.jpg,child,bicycle,riding,1,eval,non-spatial,Positive,6.281249940395355,4.3125,4.796875,4.328125,3.96875,3.40625,5.609375
f155d2cee6e021f0.jpg,man,three-wheeled bicycle,riding,1,eval,non-spatial,Opposite,-0.640625,0.5625,1.0,1.203125,0.8437498807907104,1.53125,2.109375
1669479168968bcc.jpg,person,motorcycle,riding,1,eval,non-spatial,Positive,-0.71875,-3.703125,-2.09375,1.15625,0.1875,1.0625,0.484375
92fae2a17e2daee1.jpg,man,camel,riding,1,eval,non-spatial,Positive,5.84375,4.609375,4.984375,2.0156248807907104,2.2343748807907104,2.9062498807907104,4.34375
4eb478ec0835cfdd.jpg,girl,bicycle,riding,1,eval,non-spatial,Positive,3.625,4.78125,5.499999761581421,1.53125,2.359375,1.46875,8.03125
abc0ab097170ece3.jpg,boy,surfboard,riding,1,eval,non-spatial,Positive,-0.9531250596046448,2.046875,1.03125,0.5781249403953552,1.796875,1.234375,-0.28125
519e416a87403ee4.jpg,man,horse,riding,1,calib,non-spatial,Positive,1.546875,2.65625,2.640625,1.8125,1.515625,1.4218749403953552,1.796875
ce968272a6353f8f.jpg,people,hot air balloon,riding,1,calib,non-spatial,Positive,-0.359375,2.09375,2.171875,0.109375,1.4375,1.453125,2.421875
c22e29581c0e797e.jpg,person,bicycle,riding,1,eval,non-spatial,Positive,0.78125,1.75,5.890625,3.46875,2.890625,4.765625,6.390625
71df582bfb39b541.jpg,man,bicycle,riding,1,calib,non-spatial,Positive,-1.25,2.078125,1.2187500596046448,0.45312511920928955,0.5781251192092896,0.32812511920928955,1.78125
1e73dd071c85fe3d.jpg,man,bike,riding,1,calib,non-spatial,Positive,-3.15625,-2.546875,-2.671875,-0.9062500596046448,-1.421875,-1.59375,2.140625
6a316f2b341bdc0b.jpg,boy,bike,riding,1,calib,non-spatial,Opposite,5.609375,2.71875,6.9375,0.5625,-0.21875005960464478,0.453125,5.4375
f15a6e4c696003f7.jpg,person,motorcycle,riding,1,eval,non-spatial,Positive,1.828125,2.328125,5.34375,2.8125,2.0781248807907104,3.109375,6.59375
531e105f0f382294.jpg,girl,carousel,riding,1,calib,non-spatial,Positive,4.6875,5.921875,5.828125,1.671875,1.65625,1.578125,10.21875
9e11f75d740f84fe.jpg,man,bicycle,riding,1,eval,non-spatial,Opposite,5.03125,2.984375,6.765625,5.296875,3.84375,6.328125,5.4375
b6b804401adcbe4a.jpg,man,small yellow cart,riding,1,calib,non-spatial,Opposite,1.859375,1.046875,0.421875,0.734375,1.390625,-0.5,1.75
9fc6b9554a142b1a.jpg,man,black bicycle,riding,1,eval,non-spatial,Opposite,1.734375,1.75,1.0,3.734375,2.375,4.078125,3.046875
bbc1921cc7fb24fb.jpg,person,bike,riding,1,calib,non-spatial,Positive,2.921875,2.53125,9.109375,4.625,1.828125,5.359375,8.125
c4e8395425f49d05.jpg,man,motorcycle,riding,1,calib,non-spatial,Opposite,-2.625,4.171875,1.0625,1.625,2.640625,1.484375,-0.234375
d5a1e51d937f330f.jpg,man,motorcycle,riding,1,calib,non-spatial,Positive,2.046875,1.640625,2.59375,-0.046875059604644775,-0.4062500596046448,-0.3750000596046448,5.453125
591eff0709a14d1c.jpg,man,jet ski,riding,1,eval,non-spatial,Positive,-0.453125,-2.53125,-2.15625,2.984375,1.296875,2.7343750596046448,0.984375
2d2726d5de7256f6.jpg,man,tractor,riding,1,calib,non-spatial,Positive,0.109375,-2.609375,-2.609375,0.140625,0.12500011920928955,0.12500005960464478,0.03125
abd556f244c58f8a.jpg,man,red paddle,playing,1,calib,non-spatial,Opposite,1.015625,4.484375,3.015625,0.1875,2.2812499403953552,1.5625,3.0625
3ecc39c24fe3d233.jpg,person,trumpet,playing,0,calib,non-spatial,Opposite,-0.4375,5.046875,2.3749999403953552,-1.59375,2.7812499403953552,1.578125,2.9375
0374141ebf11632e.jpg,boy,instrument,playing,1,eval,non-spatial,Positive,4.6875,-0.984375,6.046875,1.4218748807907104,0.26562488079071045,1.5624998807907104,4.453125
18da2f5082dcfbfc.jpg,boy,smile,playing,0,eval,non-spatial,Opposite,1.9062500596046448,0.375,1.8749999403953552,1.359375,0.10937511920928955,1.34375,2.734375
705cd0f2472a5424.jpg,man,piano,playing,1,eval,non-spatial,Positive,4.734375,5.859375,6.2812498807907104,6.046875,5.53125,6.015625,8.09375
80fc17a6b8901997.jpg,woman,violin,playing,0,eval,non-spatial,Opposite,0.53125,-0.015624940395355225,0.4374999403953552,6.359375,5.0937498807907104,6.5,-0.46875
9bed0e9513710c7b.jpg,man,saxophone,playing,1,calib,non-spatial,Positive,0.984375,0.34375,0.953125,-0.07812488079071045,-0.828125,-0.1875,-1.265625
42c05e6f790f4ef6.jpg,man,chess,playing,0,eval,non-spatial,Opposite,1.59375,1.59375,1.421875,1.65625,1.65625,1.296875,5.0
ea2a84f5d29be501.jpg,person,accordion outside,playing,1,calib,non-spatial,Opposite,6.515625,7.21875,6.40625,2.625,2.71875,2.671875,5.71875
0374141ebf11632e.jpg,man,two instruments,playing,0,eval,non-spatial,Opposite,4.078125,2.265625,4.625,2.140625,0.640625,2.34375,2.3125
267fb36486a00fcc.jpg,man,piano,playing,1,calib,non-spatial,Positive,4.828125,5.03125,6.671875,3.96875,3.625,4.3125,5.484375
d1ef645e3687eb31.jpg,men,volleyball,playing,0,calib,non-spatial,Opposite,0.6250000596046448,0.6250000596046448,0.5156250596046448,1.46875,1.46875,1.546875,0.5000000596046448
4a6fbccdd21b9dc3.jpg,person,saxophone,playing,1,eval,non-spatial,Positive,-0.12499994039535522,2.96875,2.9375,0.9687498807907104,2.7968748807907104,2.8437498807907104,0.34375
3d0632f06eb870d1.jpg,people,bean bags,playing,0,calib,non-spatial,Opposite,2.09375,2.203125,4.015625,2.375,1.171875,5.265625,5.75
1be0a6a7ac54abe7.jpg,person,cello,playing,1,eval,non-spatial,Positive,7.484375,0.5,7.25,5.640625,2.0,5.234375,4.734375
76f8fdd48b7ff734.jpg,person,drums,playing,0,calib,non-spatial,Opposite,0.2968750596046448,1.9531250596046448,0.7812500596046448,1.5781248807907104,2.8281248807907104,1.7343748807907104,0.5937500596046448
bb1eb0727b1b8d8e.jpg,man,guitar,playing,1,eval,non-spatial,Positive,0.765625,-0.046875,0.9843751192092896,3.296875,2.453125,3.578125,2.96875
4a6fbccdd21b9dc3.jpg,person,trombone,playing,0,eval,non-spatial,Opposite,0.015625,0.796875,0.671875,-0.03125,1.453125,1.3593751192092896,-1.171875
8a90edff9e8d885e.jpg,woman,accordion,playing,1,calib,non-spatial,Positive,6.640625,6.90625,6.875,3.984375,3.90625,4.015625,4.296875
16aaa6421eaf9905.jpg,man,musical instrument,playing,1,eval,non-spatial,Positive,1.359375,1.765625,3.875,1.1249998807907104,1.4218749403953552,1.359375,4.421875
3a30bba9227d2d2b.jpg,woman in blue,player in grey,playing,1,eval,non-spatial,Positive,0.09375,0.1875,-0.265625,0.609375,-0.125,-0.125,2.203125
f8ca4926b5b4ef8b.jpg,man,drums,playing,1,eval,non-spatial,Positive,2.8125,0.75,1.9687498807907104,3.609375,1.859375,3.015625,3.859375
3034bfb0f7cefcb7.jpg,person,necklace,playing,1,eval,non-spatial,Positive,6.0,6.0,6.140625,0.5468749403953552,0.5468749403953552,0.4687500596046448,5.953125
067e21aeda713b53.jpg,person,violin,playing,1,eval,non-spatial,Positive,3.9687499403953552,0.296875,4.109375,3.21875,2.3906251192092896,3.25,3.796875
1f7c30f0c24fda91.jpg,man,banjo,playing,1,eval,non-spatial,Positive,0.65625,2.828125,3.203125,1.0156251192092896,2.640625,3.234375,1.4375
1f7c30f0c24fda91.jpg,person,guitar,playing,1,eval,non-spatial,Positive,-4.296875,-5.296875,1.140625,0.5625001192092896,-0.328125,1.46875,-1.078125
d199144d2c868f25.jpg,girl,brass instrument,playing,1,eval,non-spatial,Opposite,6.4375,6.453124940395355,7.4687498807907104,6.3125,6.421875,6.84375,5.46875
173eda5586f0dc07.jpg,girl,accordion,playing,1,eval,non-spatial,Positive,6.6249998807907104,5.421875,6.765625,3.96875,4.078125,3.9218750596046448,4.671875
4043197c1365a336.jpg,man,ping pong,playing,1,calib,non-spatial,Opposite,3.390625,0.859375,3.390625,2.375,0.6875,2.375,5.515625
ed0147f94eaf2efd.jpg,man,short cut lawn,playing,1,eval,non-spatial,Opposite,1.71875,-0.171875,1.375,0.9218748807907104,0.21875,1.359375,2.640625
9d79a3329d8a5e44.jpg,dog,tennis ball,playing,1,eval,non-spatial,Positive,5.15625,5.125,5.15625,4.125,3.21875,4.1249998807907104,4.0
3034bfb0f7cefcb7.jpg,person,flute,playing,1,eval,non-spatial,Positive,5.9375,5.9375,6.015625,3.84375,3.84375,3.921875,5.09375
ba9cb8884bf69279.jpg,man,drum,playing,1,eval,non-spatial,Opposite,-0.953125,-0.8125,-0.453125,-0.625,-0.625,-0.015625,2.546875
0a3873442ad329c2.jpg,man,piano,playing,1,eval,non-spatial,Positive,6.453125,5.140625,7.390625,4.578125,4.765625,4.625,6.3125
a5659ba44eaf480d.jpg,men,basketball,playing,1,eval,non-spatial,Positive,0.921875,2.8750000596046448,1.796875,0.90625,1.703125,1.296875,3.28125
1e9c75745b953123.jpg,man,trumpet,playing,1,calib,non-spatial,Positive,4.46875,4.375000059604645,4.25,4.0468751192092896,3.546875,3.890625,4.109375
3cf84110ea52ff43.jpg,men,trombones,playing,1,calib,non-spatial,Opposite,-0.234375,-0.078125,0.0,1.21875,1.59375,1.734375,2.390625
a75bd3ec4cd51c51.jpg,man,accordion,playing,1,calib,non-spatial,Positive,3.296875,4.0625,3.390625,3.328125,3.53125,2.96875,4.515625
86fa28d162ee13dc.jpg,man,guitar,playing,1,eval,non-spatial,Positive,6.1875,5.296875,6.8125001192092896,5.890625,6.25,6.25,4.984375
91ef144b7c8bba2f.jpg,men,guitar,playing,1,calib,non-spatial,Positive,1.1562498807907104,0.28125,1.296875,1.015625,0.625,1.1875,2.984375
90d47269222ec0ab.jpg,person,piano,playing,1,calib,non-spatial,Positive,7.03125,6.65625,7.234375,4.140625,4.109375,4.15625,5.46875
8b50bca740622ce6.jpg,woman,harp,playing,1,calib,non-spatial,Positive,-0.515625,2.296875,2.3437500596046448,1.328125,2.0624999403953552,2.625,1.921875
200907829e4fbe95.jpg,man,guitar,playing,1,eval,non-spatial,Positive,3.6875,3.40625,3.796875,2.546875,3.25,3.390625,4.03125
cfe604ed92fd4229.jpg,man,musical instrument,playing,1,calib,non-spatial,Positive,9.625,3.46875,8.984375,6.90625,3.296875,6.78125,7.921875
62f5b3b114f74ea8.jpg,woman,harp,playing,1,calib,non-spatial,Positive,3.46875,7.4375,5.000000059604645,2.78125,4.484375,3.2656250596046448,4.375
800d5e751f4adeb1.jpg,man,accordion,playing,1,calib,non-spatial,Positive,6.25,6.90625,6.546875,4.5625,4.546875,4.765625,3.953125
6cee5cf8a3a9c090.jpg,person,piano,playing,1,calib,non-spatial,Positive,6.765625,9.125,9.015625,4.859375,5.625,5.5625,6.984375
737e7c74b773fa33.jpg,man,roller hockey,playing,1,calib,non-spatial,Opposite,2.96875,1.3125,4.21875,1.4375001192092896,1.40625,2.125,2.71875
5dd747ff8c8178a6.jpg,boy,harp,playing,1,eval,non-spatial,Positive,1.09375,4.828125,4.1562498807907104,1.0,1.875,1.6875,2.171875
1cd308dd54d1fd90.jpg,man,accordion,playing,1,eval,non-spatial,Positive,6.062499940395355,6.203125,6.015625,3.21875,3.140625,3.3125,5.140625
3e33859ab2167cd4.jpg,person,piano,playing,1,eval,non-spatial,Positive,0.6875,1.625,1.859375,4.984375,6.265625,6.265624940395355,2.59375
51da239e2fc5d489.jpg,person,keyboard,playing,1,eval,non-spatial,Positive,2.828125,0.90625,2.796875,4.3125,3.40625,4.9531251192092896,2.6875
c38ff84151e26deb.jpg,woman wearing black clothes,harp,playing,1,eval,non-spatial,Positive,1.515625,4.5625,4.65625,1.9375000596046448,2.859375,3.3125,4.203125
116557a2d9bc5e70.jpg,man,tennis,playing,1,eval,non-spatial,Positive,5.484375,5.8125,5.6875,3.375000238418579,3.421875238418579,2.953125238418579,8.09375
54d94faa73c0a680.jpg,boy,yellow ball,playing,1,calib,non-spatial,Positive,3.1875,1.3125,3.140625,3.234375,1.90625,3.234375,5.421875
402dd57d3615b9f7.jpg,person,harp,playing,1,calib,non-spatial,Positive,0.796875,5.921875,5.96875,2.953125,4.4375,4.4375,3.21875
ac8cd22259045ec4.jpg,people,cafe,eating,1,eval,non-spatial,Positive,0.5,6.5468748807907104,6.5625,0.15625,1.890625,1.890625,4.875
ce05c78f65ee8ade.jpg,jaguar,plants,eating,0,calib,non-spatial,Opposite,-2.1093750596046448,0.078125,-2.2656250596046448,0.203125,0.6093748807907104,0.21875,-1.90625
91ec1c47d9908244.jpg,squirrel,berries,eating,1,eval,non-spatial,Positive,2.609375,0.578125,2.625,2.0625,0.84375,2.0625,4.03125
a83d31d69e28914b.jpg,woman,pastry,eating,0,calib,non-spatial,Opposite,0.09375,-0.2343752384185791,0.0,0.12500011920928955,0.17187505960464478,0.15625005960464478,3.75
06f6ec0edb1818e2.jpg,giraffe,grass,eating,1,eval,non-spatial,Positive,2.0625,2.71875,2.484375,2.453125,2.2031250596046448,2.421875,1.359375
6b93600bf7b77a49.jpg,deer,background,eating,0,calib,non-spatial,Opposite,2.1562500596046448,2.1562500596046448,2.2500000596046448,0.609375,0.609375,0.625,0.7343750596046448
571db87ed7eadabb.jpg,rhinoceros,grass,eating,1,calib,non-spatial,Opposite,5.328125,5.90625,5.281250059604645,1.703125,1.59375,2.0625,4.5625
d8719e9ba942ab84.jpg,giraffe,green leaves,eating,0,calib,non-spatial,Opposite,0.4375,0.4843750596046448,0.5625,2.671875,2.625,2.6875001192092896,1.40625
4dd5c9237289e31a.jpg,panda,bamboo,eating,1,calib,non-spatial,Positive,3.390625,2.828125,4.28125,2.15625,1.421875,2.296875,3.515625
9cb82597259fc7fa.jpg,tapir,grass,eating,0,eval,non-spatial,Opposite,1.0937499403953552,0.515625,2.0,0.8124999403953552,0.046875,1.046875,1.484375
e2d6553151f7231b.jpg,people,food truck,eating,1,calib,non-spatial,Opposite,0.828125,3.71875,3.765625,-0.09375,0.4375,0.4375,2.25
2cff2da279756f7a.jpg,dragonfly,green leaf,eating,0,eval,non-spatial,Opposite,0.53125,0.53125,0.453125,0.4843750596046448,0.4843750596046448,0.3125,-1.53125
2647aeeff6ef00be.jpg,giraffe,grass,eating,1,eval,non-spatial,Positive,3.609375,3.609375,3.640625,1.828125,1.828125,1.84375,0.625
60d266d03b2ea416.jpg,people,table,eating,0,calib,non-spatial,Opposite,-0.90625,3.96875,3.03125,0.453125,0.859375,0.953125,2.90625
d8719e9ba942ab84.jpg,giraffe,small tree,eating,1,calib,non-spatial,Positive,3.03125,2.875,3.15625,1.9531248807907104,1.953125,2.0,3.09375
f1b2711ca0e0729a.jpg,boy,food,eating,1,eval,non-spatial,Positive,0.90625,-0.140625,0.125,0.921875,0.65625,0.921875,4.90625
6a6881aefff9ad58.jpg,man,food,eating,1,eval,non-spatial,Positive,2.203125,0.421875,2.1875001192092896,3.703125,1.3125,3.703125,4.03125
241fa3a6aabc7381.jpg,sea lion,water,swimming,1,calib,non-spatial,Positive,5.296875,1.046875,3.34375,,,,5.390625
d72dd8e6f1493ac1.jpg,shark,another shark,swimming,0,eval,non-spatial,Opposite,2.890625,2.890625,2.984375,,,,1.40625
c9a9c94c00eaf042.jpg,fish,coral,swimming,1,eval,non-spatial,Positive,3.1875,5.21875,5.25,,,,5.328125
626a3711b885a310.jpg,woman,marked lane,swimming,1,calib,non-spatial,Positive,0.90625,1.28125,1.015625,,,,2.390625
0a72fef43a51c479.jpg,dolphin,blue water,swimming,1,eval,non-spatial,Positive,0.296875,5.124999940395355,5.203125,,,,4.734375
c59a5b26c1404980.jpg,goldfish,pond,swimming,1,eval,non-spatial,Positive,2.484375,3.9531250596046448,4.0625,,,,3.171875
34ad56315c274a21.jpg,duck,water,swimming,1,calib,non-spatial,Positive,3.78125,4.3125,4.234375,,,,4.078125
ef7032c808636ca7.jpg,shark,water,swimming,1,calib,non-spatial,Positive,0.859375,1.96875,1.984375,,,,2.171875
9911e7a3eb6a5288.jpg,yellow jellyfish,deep ocean,swimming,1,calib,non-spatial,Positive,1.515625,2.03125,1.859375,,,,0.28125
7d1c8d4cd681a22e.jpg,seahorse,water,swimming,1,calib,non-spatial,Positive,-1.203125,-0.25,-1.484375,,,,-0.890625
7d0ae9c754aa907f.jpg,dolphin,ocean water,swimming,1,eval,non-spatial,Positive,0.0625,1.46875,1.6875,,,,1.5
68ce06b52564fa0e.jpg,harbor seal,water,swimming,1,eval,non-spatial,Positive,1.2187499403953552,1.9531248807907104,1.9999998807907104,,,,1.9999998807907104
40adb7cb1e71790f.jpg,dolphin,water,swimming,1,eval,non-spatial,Positive,4.546875,5.53125,5.59375,,,,5.578125
d72dd8e6f1493ac1.jpg,shark,water,swimming,1,eval,non-spatial,Positive,2.6875,3.859375,3.921875,,,,2.859375
1d6787c750b6a6b1.jpg,whale shark,other fish,swimming,1,eval,non-spatial,Positive,-0.203125,-1.1920928955078125e-07,-0.359375,,,,1.90625
7e56e4983ad94787.jpg,jellyfish,underwater,swimming,1,eval,non-spatial,Positive,-0.40625,5.328125,5.25,,,,2.96875
c03e2829c1f8e983.jpg,man,rocket,looking at,1,calib,non-spatial,Positive,0.59375,2.15625,3.1875,0.90625,3.6875,4.078125,3.421875
15e2134bf1363429.jpg,person,books on the shelf,looking at,0,calib,non-spatial,Opposite,1.46875,-1.015625,0.640625,2.078125,-0.171875,1.875,1.875
6b93600bf7b77a49.jpg,ostrich,camera,looking at,1,calib,non-spatial,Positive,4.390625,4.390625,4.28125,2.390625,2.390625,2.484375,3.96875
3a0b72a274530636.jpg,man,flower on the floor,looking at,0,eval,non-spatial,Opposite,1.4375,-0.65625,0.4375,0.859375,-0.28125011920928955,0.3125,2.140625
3f4d12195722201c.jpg,man,wood burning stove,looking at,1,calib,non-spatial,Positive,3.1093750596046448,3.1562500596046448,3.1093750596046448,2.71875,3.453125,3.34375,3.75
d8fee8d5c89796ef.jpg,man,green car,looking at,0,eval,non-spatial,Positive,-0.5,3.3125,3.328125,0.53125,3.09375,3.1249999403953552,3.34375
601bcc8207662a15.jpg,people,fish at the market,looking at,1,calib,non-spatial,Positive,0.828125,0.203125,1.53125,0.78125,0.421875,1.1875,6.59375
c5f1de5718e6342b.jpg,man,white sports car,looking at,0,eval,non-spatial,Opposite,0.921875,3.203125,3.1875,1.40625,3.765625,3.828125,3.578125
6eb70509fcd7d06b.jpg,chicken,egg,looking at,1,eval,non-spatial,Positive,3.078125,1.796875,3.859375,2.9843751192092896,1.1093751788139343,2.7968751192092896,2.828125
6e9dcdbee43b0346.jpg,person,book,looking at,0,calib,non-spatial,Positive,0.26562511920928955,1.25,0.03125,1.453125,0.9375,1.7499999403953552,2.15625
d790aadf45f34031.jpg,boy,menu,looking at,1,calib,non-spatial,Opposite,1.546875,2.890625,3.15625,3.546875,3.546875,4.234375059604645,3.40625
5df386da132b567b.jpg,girl in the bike helmet,woman with the red backpack,looking at,1,calib,non-spatial,Positive,0.984375,0.109375,0.53125,1.640625,0.53125,1.78125,2.3125
eb8a27e1fc9506a0.jpg,police officers,antique black car,looking at,1,eval,non-spatial,Opposite,0.0,5.656249940395355,5.656249940395355,0.0,4.46875,4.46875,5.359375
f6348d5f1f9494b4.jpg,man,blue antique car,looking at,1,eval,non-spatial,Positive,0.125,3.109375,3.03125,0.0,4.796875059604645,4.703125,5.265625
df754b5d85cef4f2.jpg,person,car,driving,1,eval,non-spatial,Positive,-0.1875,3.3750001192092896,3.15625,,,,1.578125
9c7e9f0b7713352b.jpg,truck,bus,driving,0,calib,non-spatial,Opposite,-0.359375,0.96875,0.875,,,,2.140625
a30d03e30dca89ea.jpg,man,pickup truck,driving,1,calib,non-spatial,Positive,0.15625,0.6249998807907104,0.6250001192092896,,,,2.390625
8b3cbd186fbe298e.jpg,woman,tractor,driving,0,calib,non-spatial,Opposite,-0.140625,-1.265625,-1.484375,,,,-0.34375
91e377ce5737895e.jpg,man,riding lawnmower,driving,1,calib,non-spatial,Positive,2.984375,2.1875,3.5,,,,2.703125
64430a732bf65089.jpg,man,jeep,driving,1,eval,non-spatial,Positive,1.96875,3.421875,3.3125,,,,3.40625
78916540e81a1c6c.jpg,man,horse and carriage,driving,1,eval,non-spatial,Positive,0.765625,-0.453125,1.09375,,,,3.546875
0e50ea14c4fc1353.jpg,man,car,driving,1,eval,non-spatial,Positive,-0.4375,2.46875,2.5,,,,2.203125
044a3e7c7b006202.jpg,tank,street,driving,1,eval,non-spatial,Positive,2.328125,1.171875,4.875,,,,4.84375
37d1a85b903eb8c7.jpg,person,go-cart,driving,1,eval,non-spatial,Opposite,4.0625,3.4375,3.921875,,,,3.765625
cf92d0c26b461d85.jpg,man,tractor,driving,1,calib,non-spatial,Positive,2.6875,3.40625,3.390625,,,,1.796875
85ddb7e0f60156a3.jpg,woman,car,driving,1,eval,non-spatial,Positive,0.34375011920928955,2.7031251192092896,2.5781251192092896,,,,1.6875001192092896
6bc56f8366132974.jpg,pineapple,lemon,interacting with,1,eval,non-spatial,Opposite,0.4687500596046448,0.48437511920928955,0.40625011920928955,0.28124988079071045,-0.3906250596046448,0.171875,0.8750000596046448
987f07dd15401231.jpg,person,trees,interacting with,0,eval,non-spatial,Opposite,0.3125000596046448,-0.5624999403953552,-0.062499940395355225,0.6406250596046448,0.171875,0.6875000596046448,-0.4374999403953552
19682f51b9c5e5d5.jpg,goat,rocks,interacting with,0,calib,non-spatial,Opposite,0.8281250596046448,0.15625005960464478,0.5312500596046448,2.328125,0.296875,2.03125,0.0625
775ac6a03dbec98c.jpg,people,fancy grey car,interacting with,0,calib,non-spatial,Opposite,0.953125,3.09375,3.078125,0.65625,4.265625,4.265625,1.9531248807907104
1518f0d086ee12a0.jpg,canadian flag,tree,interacting with,0,eval,non-spatial,Opposite,1.890625,2.21875,3.703125,1.59375,0.7187499403953552,2.71875,1.15625
be02ff4211196dce.jpg,matte black fan,black suv,interacting with,0,calib,non-spatial,Opposite,3.34375,3.328125,3.3125,1.34375,1.328125,1.40625,0.953125
2d6a5ad44a5b0a4d.jpg,cannons,eiffel tower,interacting with,0,eval,non-spatial,Opposite,1.296875,-0.3125,1.4374998807907104,0.40625011920928955,-0.140625,0.421875,-0.34375
3f4f9e6257355eea.jpg,brown cowboy hat,dark-colored area,interacting with,0,calib,non-spatial,Opposite,4.281250059604645,4.281250059604645,4.21875,3.046875,3.046875,2.9843750596046448,3.609375
d2e270714f830a69.jpg,cell phone,coffee cup,interacting with,0,eval,non-spatial,Opposite,-0.296875,-0.296875,-0.25,-0.046874940395355225,-0.046874940395355225,5.960464477539063e-08,-0.390625
ea1d27e168a16bcd.jpg,woman wearing polka dots,person holding a google,interacting with,0,eval,non-spatial,Random,0.25,1.0625,0.96875,0.21875,1.390625,1.328125,-1.171875
6ed3e3ebe9a5fde5.jpg,woman,monitor,watching,1,calib,non-spatial,Positive,3.15625,1.03125,3.140625,3.265625,1.609375,3.328125,4.609375
ec724ef6386c46fd.jpg,police officer,man adjusting the bike,watching,0,eval,non-spatial,Opposite,4.5,1.734375,4.656250059604645,4.421874940395355,3.5625,4.84375,5.40625
9aea7f9fcea795d1.jpg,people,small bridge,watching,1,eval,non-spatial,Positive,-0.34375,5.796875,5.84375,1.0,3.015625,2.9999998807907104,4.375
0b1fbd3ba02701cd.jpg,people,dancers,watching,0,calib,non-spatial,Opposite,0.2031247615814209,0.15625,0.421875,1.109375,0.03125,1.7812498807907104,4.171875
751093209b03118e.jpg,spectators,fencers,watching,1,eval,non-spatial,Opposite,1.234375,2.984375,2.953125,0.96875,2.09375,2.078125,5.375
4ece4336cb293790.jpg,man,billiard balls,watching,1,eval,non-spatial,Positive,2.015625,0.78125,2.765625,1.359375,0.671875,1.140625,5.171875
9cb82597259fc7fa.jpg,woman,animal,watching,1,eval,non-spatial,Positive,1.4375,1.75,2.859375,1.140625,1.890625,2.8125001192092896,6.203125
58798929a694cd43.jpg,man,blue martini,drinking,1,calib,non-spatial,Opposite,4.28125,4.71875,4.234375,2.265625,2.1406250596046448,2.1562499403953552,3.515625
3332995b230f5680.jpg,woman,icee,drinking,0,eval,non-spatial,Opposite,4.796875,6.734375,6.765625,1.796875,1.953125,1.921875,7.421875
240290e2f775af42.jpg,person,juice,drinking,1,calib,non-spatial,Positive,1.515625,-1.265625,1.484375,1.7499999403953552,2.234375,1.71875,0.140625
976649e55a61ced7.jpg,person,one of the cups of coffee,drinking,0,calib,non-spatial,Opposite,1.375,0.453125,1.453125,0.8125,-0.375,0.875,3.71875
141419f93246899e.jpg,girl,water,drinking,1,eval,non-spatial,Positive,1.078125,1.15625,0.9375,0.7187499403953552,1.109375,0.7031249403953552,1.046875
cf234869c1b3211a.jpg,man,beverage,drinking,1,eval,non-spatial,Positive,4.375,2.046875,4.34375,0.4218750596046448,-0.078125,0.390625,5.25
8617694c95033edf.jpg,horse,wood,carrying,1,eval,non-spatial,Opposite,5.46875,6.5,7.125,2.609375,1.890625,2.4375,6.09375
9aef214668a40012.jpg,bird,snake,carrying,1,calib,non-spatial,Positive,2.078125,1.625,2.078125,1.53125,1.4375001192092896,1.5312501192092896,-0.5
6c1175970fef91b1.jpg,truck,kayak,carrying,1,calib,non-spatial,Positive,4.0,5.15625,6.109375,2.515625,2.359375,3.46875,6.78125
cd96d08a348989b7.jpg,fox,animal,carrying,1,eval,non-spatial,Positive,4.28125,3.09375,4.374999940395355,1.09375,1.15625,0.875,3.65625
c020aa3c539efe6f.jpg,man,power drill,using,1,eval,non-spatial,Opposite,2.21875,1.15625,2.171875,2.734375,1.390625,3.109375,4.59375
43d3e75d8266c4b6.jpg,woman,camera,using,1,calib,non-spatial,Positive,1.109375,1.8125,1.34375,1.96875,0.5,1.765625,3.578125
9d42af30c97b8e32.jpg,woman,laptop,using,1,eval,non-spatial,Positive,4.65625,1.828125,4.46875,2.703125,4.124999940395355,2.8125,2.90625
333452abf04d1b2b.jpg,girl,book,reading,1,calib,non-spatial,Positive,0.828125,2.40625,1.0625,1.890625,1.796875,2.359375,3.375
e823885c5fe5400a.jpg,woman,book,reading,1,calib,non-spatial,Positive,1.34375,2.328125,2.375,0.8281251192092896,1.1250000596046448,1.046875,3.625
6280218c3acff468.jpg,knife,cantaloupe,next to,1,eval,spatial,Positive,2.859375,1.328125,3.25,3.3593750596046448,0.640625,3.59375,4.203125
3264cb227a07af3f.jpg,man,skateboard,next to,0,eval,spatial,Opposite,-4.390625,-1.0625,-1.953125,3.578125,4.421875,4.46875,-1.6875
ab5671e8a5e8979d.jpg,man,cello,next to,1,eval,spatial,Opposite,0.45312488079071045,1.078125,3.0625,0.390625,1.828125,2.578125,2.25
0032257bf3cd56d0.jpg,elephant,tree,next to,0,eval,spatial,Opposite,1.609375,-0.40625,1.4531248807907104,5.5624998807907104,0.1875,5.5312498807907104,3.40625
41daff74d5f52e69.jpg,white sports car,red car,next to,1,calib,spatial,Positive,6.3125,0.96875,6.3125,4.578125,1.3281251192092896,4.53125,3.875
7466e622ed878695.jpg,deer,rocks,next to,0,eval,spatial,Opposite,0.96875,-0.03125,0.9375,3.03125,0.578125,3.015625,2.328125
81b9fa22daadac52.jpg,man,truck,next to,1,eval,spatial,Positive,2.140625,1.59375,1.609375,4.390625,4.5,4.500000059604645,3.796875
0fbd1b85fc01d2ae.jpg,white van,blue station wagon,next to,0,calib,spatial,Opposite,2.359375,2.359375,2.34375,2.9531250596046448,2.9531250596046448,2.875,4.359375
f470e767bb1f5070.jpg,man,car,next to,1,eval,spatial,Opposite,2.125,1.703125,1.875,1.2812499403953552,1.875,1.71875,2.5
cf5c3c91e3591b4e.jpg,pen,calculator,next to,0,eval,spatial,Opposite,-1.15625,-1.5,-1.640625,0.984375,3.390625,3.421875,-1.0
b3c1dc254d821440.jpg,teapot,yellow cup,next to,1,eval,spatial,Positive,2.109375,2.953125,3.9375,2.6875000596046448,1.234375,4.59375,4.5625
35299cbbddd32ec4.jpg,man wearing a brown hat,old man with glasses,next to,0,eval,spatial,Opposite,6.375,6.375,6.453125,4.625,4.625,4.765625,4.921875
42912153cba51c7e.jpg,pretzel,black mouse,next to,1,eval,spatial,Positive,1.828125,-0.015625,2.03125,2.8125,0.0,2.84375,2.359375
2117bc938d9d9ea4.jpg,woman,person wearing headphones,next to,0,eval,spatial,Opposite,5.171875059604645,5.0625,4.625,4.6875,3.375,4.859375,5.78125
59a9abf74e5b31a3.jpg,red car,train,next to,1,eval,spatial,Positive,4.09375,4.40625,4.421875,3.218749701976776,4.156249761581421,4.187499761581421,5.203125
07d49ad2075e876b.jpg,silver car,dark colored sporty car,next to,0,calib,spatial,Opposite,0.09375,1.53125,1.5625,0.1875,1.453125,1.53125,4.75
75b0b8cd08840f4e.jpg,man,tripod,next to,1,calib,spatial,Positive,2.0625,3.53125,3.171875,5.9375,3.359375,6.28125,5.328125
ed6fd1df89836efe.jpg,black ibm mouse,sunglasses,next to,0,eval,spatial,Opposite,5.28125,5.59375,5.234375,6.09375,6.75,6.328125,5.546875
31d7a828a6eb7961.jpg,sandwich,red drink,next to,1,eval,spatial,Positive,0.765625,2.703125,3.0,0.859375,4.624999940395355,4.140625,5.25
f76db3cc93c41727.jpg,tank,another military vehicle,next to,0,eval,spatial,Opposite,2.0625,2.0625,2.375,3.0312499403953552,3.0312499403953552,3.21875,2.578125
6f3cf53ed1cf0b8c.jpg,flowerpot,bench,next to,1,eval,spatial,Positive,-0.21875,1.4375,1.765625,0.71875,1.9375,2.203125,5.375
5063ad3b52a8e931.jpg,chest of drawers,sink,next to,0,calib,spatial,Opposite,0.203125,0.25,0.359375,0.890625,-0.09375,0.84375,2.890625
cf5c3c91e3591b4e.jpg,calculator,pen,next to,1,eval,spatial,Positive,4.421875,0.71875,3.796875,5.765625,1.1875,5.46875,6.875
8e5f42f521093829.jpg,man,boat,next to,0,calib,spatial,Opposite,0.453125,-0.4375,0.453125,0.46875,0.140625,0.96875,2.609375
758cb6bee81ec9f8.jpg,man,white car,next to,1,eval,spatial,Opposite,-0.34375,3.984375,3.921875,2.7187499403953552,4.21875,4.203125,1.34375
1726e7e42ad92ec2.jpg,goose,fence,next to,0,eval,spatial,Positive,-1.015625,0.140625,-0.578125,1.53125,1.640625,1.890625,2.8125
e3847c796a5943b4.jpg,coffee mug,coffee pot,next to,1,eval,spatial,Positive,1.78125,3.78125,4.265625,1.265625,2.21875,3.5781249403953552,4.84375
8b8cba7b7f09e54f.jpg,car,red building,next to,0,eval,spatial,Opposite,1.96875,1.96875,1.765625,2.4374999403953552,2.4374999403953552,2.4531250596046448,5.3125
28da05e683e2c667.jpg,man,white mercedes coupe,next to,1,calib,spatial,Positive,1.84375,4.484375,4.71875,1.6874998807907104,3.8750000596046448,3.9843749403953552,5.15625
8eb32c27fcb2dd3e.jpg,square garden,stairs,next to,0,eval,spatial,Opposite,-1.1875,-0.203125,-1.21875,-0.21874988079071045,0.125,0.078125,2.703125
5154dcba9b9dfe0b.jpg,wheel labeled px 100,purple cover with a dial on it,next to,1,eval,spatial,Positive,3.921875,2.765625,5.875,3.1875,2.375,4.6875,4.875
1ead457c867be1cd.jpg,couch,dining table,next to,0,eval,spatial,Opposite,0.390625,1.53125,1.7656250596046448,1.15625,1.0,1.515625,2.484375
6f11f23cea22966f.jpg,child,woman,next to,1,eval,spatial,Opposite,0.4374997615814209,2.109375,0.578125,2.8125,2.140625,2.21875,4.421875
0969a95b841b224a.jpg,dead lizard,stick,next to,0,calib,spatial,Opposite,-0.21875,-0.21875,-0.3125,2.484375,2.484375,2.40625,2.09375
ee15c590a266405e.jpg,chair,tent,next to,1,eval,spatial,Positive,0.390625,0.265625,0.34375,0.6875,0.375,0.6875,4.65625
e742e284c7c9da96.jpg,car,another car,next to,0,eval,spatial,Opposite,0.328125,0.328125,0.4375,1.421875,1.421875,1.390625,3.265625
e81ee8a63c322e4d.jpg,toy lizard,card,next to,1,eval,spatial,Positive,0.3125,0.609375,0.75,0.046875,0.140625,0.328125,4.6875
092d60e0e87ee582.jpg,man,black car,next to,0,eval,spatial,Opposite,0.0,2.96875,2.9375,0.0,2.7187499403953552,2.7187499403953552,3.0625
98f0adafbc43f18e.jpg,printer,shelves,next to,1,eval,spatial,Opposite,-1.578125,0.015625,-1.078125,0.5156248807907104,-0.10937505960464478,1.0468749403953552,0.40625
af8fe8f491807b09.jpg,man,grill,next to,1,eval,spatial,Opposite,1.046875,0.9375,1.9375,1.71875,1.75,3.03125,4.234375
c8ec249003aee91b.jpg,blue jeep,old army jeep,next to,1,eval,spatial,Positive,1.65625,4.765625,4.765625,2.703124761581421,4.656249761581421,4.656249821186066,4.875
80cdec2f07849ce7.jpg,bull,gate,next to,1,eval,spatial,Opposite,1.40625,1.21875,1.34375,1.96875,2.9375,3.140625,2.796875
b44ce9eaaa46bfcd.jpg,girl,car,next to,1,calib,spatial,Positive,-0.796875,3.921875,3.71875,-0.046875,2.703125,2.5312500596046448,3.4375
fc2ba9aed11db580.jpg,man,poster,next to,1,eval,spatial,Opposite,1.78125,-0.03125,1.765625,2.5,1.9375,3.015625,2.609375
1b4dc1c0cc436c11.jpg,man,gray sports car,next to,1,eval,spatial,Positive,0.5625,1.578125,1.421875,1.703125,2.5,2.296875,4.609375
9509c75655318762.jpg,girl,platter of food,next to,1,calib,spatial,Opposite,4.453125,4.765625,4.171874940395355,4.3125,2.8125,3.203125,3.703125
720bb6cc50390263.jpg,billiard table,fireplace,next to,1,calib,spatial,Opposite,0.015625,2.1875,1.78125,-0.140625,1.40625,1.1562499403953552,2.921875
70193f7825e12c5c.jpg,teapot,bowl,next to,1,calib,spatial,Positive,1.265625,2.875,4.062500059604645,2.65625,3.21875,5.5625,4.6875
1d7929b66a611ea8.jpg,coffee pot,white mug,next to,1,calib,spatial,Positive,3.78125,4.921875,6.609375,3.703125,2.734375,6.1875,6.625
c753acc98a2a3304.jpg,tower,church,next to,1,calib,spatial,Positive,0.609375,2.1875,2.15625,1.3125,2.640625,2.8906250596046448,4.296875
b1cae8a8600781c6.jpg,fork,plate,next to,1,eval,spatial,Positive,-0.171875,0.578125,1.6875,0.078125,0.109375,1.609375,3.984375
cf700b7b9b21abaa.jpg,hamburger,fries,next to,1,eval,spatial,Positive,5.546875,4.75,4.156250059604645,4.859375,6.46875,5.656249940395355,4.875
aed59fc1d72f575d.jpg,red telephone booth,building,next to,1,eval,spatial,Opposite,0.5,0.390625,1.109375,0.59375,0.03125,1.484375,3.359375
5993ec2b3489bcea.jpg,man,car,next to,1,eval,spatial,Opposite,1.96875,3.15625,2.609375,1.6875,2.8125,2.5312500596046448,3.6875
0fbd1b85fc01d2ae.jpg,blue car,black car,next to,1,calib,spatial,Positive,1.046875,1.046875,0.984375,2.96875,2.96875,3.0,-1.359375
c479beacc67d4b7d.jpg,chair,child,next to,1,eval,spatial,Positive.,2.40625,0.296875,2.484375,2.328125,2.0,2.421875,2.453125
0fdb1c7bf5fe76f7.jpg,table,benches,next to,1,eval,spatial,Positive,0.9374997615814209,0.4687497615814209,0.8437497615814209,2.53125,0.53125,2.59375,3.984374761581421
4af30ade5ff3deb1.jpg,dagger,sheath,next to,1,eval,spatial,Positive,1.875,1.25,5.25,1.90625,1.015625,4.218750059604645,3.0625
115ca6aa3522da5a.jpg,chair,couch,next to,1,eval,spatial,Positive,-0.46875,-0.46875,-0.546875,0.828125,0.828125,0.9375,-0.453125
41e2356b97f775c4.jpg,green apple,yellow pear,next to,1,eval,spatial,Opposite,0.734375,2.859375,1.265625,-0.0625,2.53125,1.796875,2.984375
6bc56f8366132974.jpg,pineapple,lemon,next to,1,eval,spatial,Positive,0.40625,1.703125,0.828125,2.5937500596046448,1.59375,2.90625,1.40625
61362bfc3e9f61c1.jpg,people,white food truck,next to,1,eval,spatial,Positive,-0.515625,5.75,5.890625,0.328125,4.109375,4.15625,6.140625
dff6f60afdd03e92.jpg,man,red tractor,next to,1,calib,spatial,Positive,2.640625,1.65625,2.25,2.609375,1.515625,2.734375,4.65625
c20857311020868e.jpg,drink,plate,next to,1,calib,spatial,Positive,2.640625,4.0625,4.734375029802322,2.5625,2.7812500596046448,3.265625,5.203125
474d01057a719339.jpg,man,red sports car,next to,1,eval,spatial,Positive,0.0625,0.859375,1.265625,0.1875,1.6874999403953552,1.984375,2.390625
94c99b3aea7ee041.jpg,sign,tree and power pole,next to,1,eval,spatial,Positive,0.25,0.203125,0.140625,0.5781252384185791,0.546875,0.546875,5.3125
fb6e35f4e8ad790f.jpg,door,mixing bowl,next to,1,calib,spatial,Positive,2.4375,0.21875,2.328125,2.75,0.734375,3.0,6.46875
fcd47d0c9ef61e14.jpg,red bag,bread,next to,1,eval,spatial,Opposite,4.296875,4.765625,5.390625,3.8906250596046448,3.46875,4.71875,6.625
e6697a9f8ec12c82.jpg,black kettle,white teacup,next to,1,eval,spatial,Opposite,2.40625,0.265625,2.40625,3.921875,0.640625,3.9375,4.65625
5b502a4afe4ef80a.jpg,printer,coffee cup,next to,1,eval,spatial,Positive,2.3125,1.15625,2.890625,3.296875,1.796875,3.125,5.46875
9a18f1f319f9d79a.jpg,dog,person,next to,1,eval,spatial,Positive,2.3749999403953552,0.390625,1.2500000596046448,4.65625,1.84375,4.328125,1.921875
a00b61e302334fb0.jpg,puppy,teddy bear,next to,1,calib,spatial,Positive,3.40625,4.406249940395355,3.3125,5.296875059604645,5.406250059604645,5.046875059604645,3.734375
d0ae7b86f30a2f57.jpg,emu,wooden rail fence,next to,1,calib,spatial,Opposite,4.203125059604645,2.203125,4.3125,4.28125,1.859375,4.53125,4.734375
3264cb227a07af3f.jpg,skateboard,man,next to,1,eval,spatial,Positive,3.765625,2.40625,2.8125,3.984375,2.875,4.59375,3.078125
2f2039140c8b1f2b.jpg,woman,bathtub,next to,1,eval,spatial,Positive,1.921875,2.765625,2.890625,2.078125,3.7968749403953552,3.921875,2.734375
f1f7ff1db85041ce.jpg,mug,can,next to,1,eval,spatial,Positive,2.625,1.0625001192092896,3.4218750596046448,3.015625,4.484375,4.812500059604645,2.921875
19f5c53f1ef6768c.jpg,raccoon,plant,next to,1,calib,spatial,Opposite,0.5,0.0,0.5,1.7187499403953552,0.0,1.7187499403953552,-1.640625
7e07848e1c0bffdd.jpg,man,saxophone,next to,1,eval,spatial,Positive,1.359375,1.734375,1.6874999403953552,0.4375,1.328125,0.7187500596046448,2.375
b15736bdd7914941.jpg,person,suit,next to,1,eval,spatial,Positive,1.3125,1.3125,1.3125,1.828125,1.828125,1.8125,1.703125
96dd97e7202ab34e.jpg,blue vintage vehicle,black car,next to,1,eval,spatial,Opposite,4.484375,4.671875,4.484374940395355,2.65625,3.0,2.7031250596046448,3.640625
e6299b9e04680adb.jpg,woman,black car,next to,1,eval,spatial,Positive,-0.015625,0.15625,0.1875,1.1875,0.3125,0.390625,1.75
218167595eb76b7b.jpg,man,white car,next to,1,eval,spatial,Opposite,1.4375,1.015625,1.078125,3.65625,4.09375,4.203125,1.875
00794645d77184eb.jpg,garage,building,next to,1,eval,spatial,Positive,-1.0625,0.078125,0.078125,1.109375,2.21875,2.578125,2.40625
19585468e65a5410.jpg,chicken,mixing bowl,next to,1,eval,spatial,Positive,1.3906248807907104,4.640625,2.3281250596046448,2.0625,2.921875,2.7656250596046448,3.296875
7e6b70d191f6b3aa.jpg,alpaca,fence,next to,1,eval,spatial,Positive,1.75,2.40625,2.390625,2.6874998807907104,4.53125,4.421875,3.609375
582cb18866f78e79.jpg,chair,desk,next to,1,eval,spatial,Positive,0.296875,0.84375,0.8125,0.203125,0.578125,0.546875,3.296875
150612cbff32ca98.jpg,mouse,person's hand,next to,1,eval,spatial,Opposite,1.34375,4.84375,4.515625,1.5156249403953552,3.453125,2.546875,4.203125
e6697a9f8ec12c82.jpg,black teapot,coffee mug,next to,1,eval,spatial,Positive,3.546875,2.09375,4.484375,4.421875,1.15625,6.21875,4.9375
f3587ef68990b0bb.jpg,car,house,next to,1,eval,spatial,Positive,0.0625,3.703125,2.96875,0.8125000596046448,1.9843750596046448,2.1250000596046448,3.890625
c4f6a439a51b0ead.jpg,people,limousine,next to,1,eval,spatial,Positive,1.203125,3.34375,4.265625,2.65625,4.03125,4.593749940395355,5.265625
6ca6aae3f153b841.jpg,man,car,next to,1,calib,spatial,Positive,2.125,1.6406248807907104,0.140625,2.0,0.9375,1.140625,3.46875
b499182ee39701e0.jpg,chair,cabinet,next to,1,calib,spatial,Positive,3.171875,0.828125,2.28125,3.21875,0.3125,2.7500000596046448,4.484375
8ad67ad3a1cebe03.jpg,fork,pizza,next to,1,eval,spatial,Opposite,5.09375,6.4375,6.46875,4.421874940395355,6.296875,6.375,6.0
736d1973d3967036.jpg,man,car,next to,1,calib,spatial,Positive,2.78125,2.25,3.34375,2.0781249403953552,0.703125,2.5937500596046448,5.34375
24766458a9f83849.jpg,beer bottle,poured glass of beer,next to,1,calib,spatial,Positive,2.828125,2.765625,2.921875,3.15625,2.546875,4.53125,5.078125
a80531a76936a34a.jpg,man,computer desk,next to,1,eval,spatial,Opposite,2.796875,-0.265625,0.96875,2.328125,-0.453125,1.5,2.0
f2a2a1a0095f5d79.jpg,corn on the cob,knife,next to,1,calib,spatial,Opposite,3.46875,0.421875,2.6875,3.484375,1.5,4.28125,5.515625
cde6915c2d66f100.jpg,bowl of grapes,plate of salad,next to,1,eval,spatial,Positive,8.546875,3.03125,7.03125,4.5,1.375,5.0625,6.828125
efe5bbfceff71088.jpg,baby,woman,next to,1,eval,spatial,Positive,2.65625,0.671875,3.4375,6.84375,5.203125,6.8125,3.515625
c83206479370493b.jpg,rabbit,tree,next to,1,eval,spatial,Opposite,-0.0625,-1.625,-0.09375,2.4843750596046448,1.453125,4.140625,-0.484375
bc857cdddd5c152e.jpg,penny,knife,next to,1,eval,spatial,Opposite,-0.5625,6.015625,6.28125,0.421875,4.140625,4.015625,5.109375
99222ebd7f666bec.jpg,digital timer,empty glass,next to,1,eval,spatial,Opposite,-0.140625,0.09375,-0.0625,-0.203125,-1.1920928955078125e-07,-0.140625,-1.65625
861b52e55a452685.jpg,table,person,next to,1,eval,spatial,Opposite,0.109375,2.328125,2.90625,0.578125,4.0,4.3125,4.40625
c780bf71657c519c.jpg,chair,filing cabinet,next to,1,calib,spatial,Positive,1.296875,-0.3125,1.46875,0.90625,-0.125,1.4218749403953552,4.125
9247dfb8666b0f6c.jpg,man,jeep,next to,1,eval,spatial,Positive,0.921875,2.0625,2.0,0.78125,2.0468750596046448,2.046875,3.296875
62add46196823d66.jpg,kangaroo,fence,next to,1,eval,spatial,Positive,-0.46875,2.3125,2.859375,3.46875,3.5,4.65625,1.359375
fd96bc99468d66c2.jpg,spoon,coffee cup,next to,1,eval,spatial,Opposite,3.703125,2.859375,3.046875,2.59375,1.15625,3.015625,6.171875
c8e5abd0b6e1af0b.jpg,wine glass,white plate,next to,1,calib,spatial,Opposite,0.171875,0.6875,1.890625,1.03125,0.5625,1.828125,5.5
d2c3cebf153a1de9.jpg,blue bike,wooden cabinet,next to,1,eval,spatial,Positive,5.96875,5.96875,5.999999940395355,6.140625,6.140625,6.171875,5.09375
c459919766389dcb.jpg,ribs,french fries,next to,1,calib,spatial,Positive,3.625,4.796875,3.546875,4.609375,5.9375,5.156249940395355,5.609375
e78db8c474e6faf1.jpg,gnome,flowerpot,next to,1,eval,spatial,Positive,3.703125,1.125,4.359375,5.015624940395355,0.875,5.015625059604645,4.53125
3d3324b8ac298d83.jpg,glass,bottle of wine,next to,1,calib,spatial,Opposite,1.15625,2.8593750596046448,3.6875,2.40625,2.15625,6.171875,3.34375
16c15b29b30148c2.jpg,red car,white car,next to,1,eval,spatial,Positive,3.796875,4.328125,3.6875,2.8593750596046448,2.828125,2.734375,3.015625
1d1ef6def56f4b91.jpg,cloth,spider,next to,1,calib,spatial,Opposite,4.34375,2.1875,3.765625,4.734375,3.1562500596046448,4.140625,5.375
b5a1a0b0689eebd9.jpg,man,products for sale,next to,1,eval,spatial,Opposite,2.984375,-0.09375,2.734375,2.7343748807907104,-0.0625,2.7656248807907104,5.203125
b1cae8a8600781c6.jpg,knife,pasta,next to,1,eval,spatial,Opposite,0.765625,4.71875,3.859375,0.765625,1.8906249403953552,1.4531250596046448,4.984375
70e0778e15ee3a72.jpg,woman,brick wall,next to,1,calib,spatial,Positive,7.328125,1.359375,6.296875,2.0625,1.40625,2.375,7.21875
d1dfd0aa534d1ba7.jpg,cat,alarm clock,next to,1,calib,spatial,Positive,6.3125,2.96875,6.34375,4.296875,2.5937499403953552,4.296875,4.9375
6f6cbd9632bd1bd0.jpg,gray car,fence,next to,1,calib,spatial,Positive,1.4375,1.34375,0.9375,4.062500059604645,4.078124940395355,3.84375,4.21875
775ac6a03dbec98c.jpg,people,parked grey car,next to,1,calib,spatial,Positive,0.390625,4.546875,4.5625,0.890625,3.9531250596046448,3.9375,6.390625
41252915ac13a574.jpg,bottle,potatoes,next to,1,eval,spatial,Positive,3.296875,0.984375,3.859375,4.46875,1.765625,5.078124940395355,6.875
72ecd0bcb9271f82.jpg,jaguar,rock,next to,1,eval,spatial,Positive,2.218750238418579,2.828125238418579,3.328125238418579,2.953125,2.5156249403953552,3.9843750596046448,3.984375238418579
9509c75655318762.jpg,woman,cooked meat,next to,1,calib,spatial,Positive,8.109375,3.90625,8.484375,3.71875,3.3124999403953552,3.9999999403953552,7.015625
81d71fa7ba420f98.jpg,red candle,christmas tree,next to,1,eval,spatial,Positive,1.171875,0.234375,0.5,0.625,-0.015625,0.03125,4.78125
7d9a7e679b39765c.jpg,catcher,umpire,next to,1,eval,spatial,Opposite,1.1562500596046448,2.9843750596046448,2.96875,0.9375,2.8749999403953552,2.8125,2.015625
562ed1cbbcd50f38.jpg,orange juice,used oranges,next to,1,eval,spatial,Positive,2.796875,2.796875,2.78125,2.8593748807907104,2.8593748807907104,2.8281251192092896,5.40625
abc0ab097170ece3.jpg,woman,boy,next to,1,eval,spatial,Opposite,3.0625,2.6875,2.6875000596046448,4.156250059604645,3.75,3.328125,3.59375
de91aaa438c84e14.jpg,car,grass,next to,1,eval,spatial,Positive,1.703125,1.703125,1.671875,1.8906249403953552,1.8906249403953552,1.859375,4.578125
1d685b3ade4925bb.jpg,person,hammock,next to,1,eval,spatial,Positive,0.71875,6.218749940395355,6.281249940395355,1.828125,2.625,2.6875000596046448,5.5
10dda8b9e1534f15.jpg,iphone,ipod,next to,1,eval,spatial,Positive,2.125,4.484375,5.609375,5.09375,3.4375,5.375000059604645,3.875
c48cdf9da3e5097e.jpg,pilot,woman,next to,1,calib,spatial,Opposite,2.609375,2.9375,2.21875,2.859375,3.6562500596046448,4.34375,3.6875
dd424886ee4db1df.jpg,woman holding a drink,woman in the black strapless dress,next to,1,eval,spatial,Positive,0.953125,2.6875,3.984375,2.0625,2.25,3.921875,5.421875
2b88a2127cfb1aaf.jpg,brown moth,large green leaf,sitting on,1,eval,spatial,Positive,2.484375,3.9375,4.09375,1.96875,2.3749999403953552,2.4374999403953552,3.859375
0e2b08b1b733add7.jpg,man on the street,unusual bicycle,sitting on,0,eval,spatial,Opposite,1.578125,4.109375,3.34375,2.109375,3.609375,3.484375,6.4375
226062876db3962b.jpg,bee,purple flower,sitting on,1,eval,spatial,Positive,0.8125,1.0,1.21875,1.921875,1.390625,2.296875,2.890625
7e397995fc766ac5.jpg,fairy,log,sitting on,0,eval,spatial,Positive,-0.5624998807907104,0.32812511920928955,-0.42187488079071045,0.765625,0.1875,0.46875,1.9687501192092896
389585c0cae5748d.jpg,dog,bench,sitting on,1,calib,spatial,Positive,3.7343750596046448,2.46875,2.453125,1.7031248807907104,1.2031249403953552,1.1249999403953552,2.796875
9861f8093290fb60.jpg,woman,blue mat,sitting on,0,eval,spatial,Opposite,1.015625,1.015625,1.046875,0.265625,0.265625,0.3125,1.90625
dcaf07749bc94f41.jpg,teapot,stove,sitting on,1,eval,spatial,Positive,3.90625,4.34375,4.328125,0.84375,1.4062499403953552,1.3593749403953552,3.953125
1b086e36b62a2151.jpg,leopard,rock,sitting on,0,eval,spatial,Positive,0.18750005960464478,0.3437500596046448,1.7031250596046448,-0.203125,0.03125,0.65625,0.7812500596046448
4f25e56666f79025.jpg,lizard,plant,sitting on,1,eval,spatial,Positive,2.15625,0.625,2.3125,1.2031250596046448,0.5312500596046448,1.3593750596046448,4.71875
c6fa0a8fcd9961f1.jpg,woman,tripod,sitting on,0,calib,spatial,Opposite,1.7343750596046448,0.5625,1.7343750596046448,0.4687499403953552,0.109375,0.484375,0.90625
2cff2da279756f7a.jpg,blue dragonfly,green leaf,sitting on,1,eval,spatial,Positive,3.078125,3.078125,2.828125,2.0,2.0,1.9374999403953552,3.59375
7dd088a7971162ec.jpg,man,missile,sitting on,0,eval,spatial,Opposite,0.171875,0.796875,1.015625,0.6250000596046448,0.28125,0.3125,2.109375
0fd87d6c06de6882.jpg,monkey,stone,sitting on,1,eval,spatial,Positive,2.109375,2.109375,2.25,2.390625,2.390625,2.46875,4.109375
7db24634d94dfff1.jpg,man,car,sitting on,0,eval,spatial,Opposite,0.15625,3.75,3.359375,0.6406250596046448,0.5,0.875,1.75
d41fcf855e01eb44.jpg,cocktail glass,table,sitting on,1,eval,spatial,Positive,0.90625,1.109375,2.890625,0.296875,0.5156249403953552,1.203125,4.859375
5f6f275c9dc49783.jpg,couple,motorcycle,sitting on,0,eval,spatial,Opposite,-0.921875,-0.921875,-0.921875,-0.26562488079071045,-0.26562488079071045,-0.359375,-0.234375
16ef4027ab1b5d31.jpg,bee,flower,sitting on,1,eval,spatial,Opposite,1.2499998807907104,0.546875,0.8125,1.421875,0.8906249403953552,1.6875,3.046875
2e5805948a6c401c.jpg,rabbit,ground,sitting on,0,eval,spatial,Opposite,3.75,3.75,3.59375,2.453125,2.453125,2.46875,4.734375
54dbaf162a4a6755.jpg,koala,tree,sitting on,1,calib,spatial,Positive,1.8125000596046448,1.875,1.875,1.421875,1.328125,1.328125,1.0
3a39040ecd47e0f6.jpg,man,tire,sitting on,0,calib,spatial,Opposite,-1.8125,0.625,-1.734375,0.3906249403953552,1.2187499403953552,1.0156249403953552,-2.078125
2095274227dfa438.jpg,kayak,lawn,sitting on,1,eval,spatial,Positive,0.5625,0.5625,0.46875,0.39062511920928955,0.39062511920928955,0.390625,3.25
fa9f0ce47c1a885c.jpg,person,bicycle,sitting on,0,calib,spatial,Opposite,-1.828125,0.171875,-1.421875,0.4531249403953552,0.046874940395355225,0.5312499403953552,-0.234375
ca9673d7edd29751.jpg,shrimp,plate,sitting on,1,eval,spatial,Opposite,0.421875,0.06250011920928955,0.25,1.5937501192092896,0.9843750596046448,1.5156251192092896,1.953125
fc64fb95d7faba60.jpg,black moth,bright yellow flower,sitting on,0,eval,spatial,Positive,-0.53125,-0.1875,-0.421875,0.625,-0.09375,0.78125,3.296875
3c50dabff3cc62e0.jpg,lizard,plant,sitting on,1,eval,spatial,Positive,3.09375,2.96875,2.96875,2.015625,1.9999999403953552,2.015625,4.90625
cef4977e5f34377b.jpg,man,tennis court,sitting on,0,eval,spatial,Opposite,-3.96875,0.15625,-4.015625,0.9999999403953552,-0.078125,1.171875,-1.640625
bfb906dcdef46ad3.jpg,frying pan,wood table,sitting on,1,calib,spatial,Positive,4.515625,6.265625,6.203125,1.78125,2.640625,2.578125,5.234375
098e9f853fd681cf.jpg,blue bird,twig,sitting on,0,eval,spatial,Opposite,1.046875,1.046875,0.890625,2.46875,2.46875,2.34375,3.078125
9792721d78d3d6fd.jpg,bug,plant,sitting on,1,eval,spatial,Positive,2.203125,2.671875,2.625,1.734375,2.1249999403953552,2.0781249403953552,3.75
1b150af36d87a735.jpg,lifeguard,high chair,sitting on,0,calib,spatial,Opposite,0.484375,-0.640625,-0.015625,0.6406251192092896,-0.375,0.5625,1.59375
905dee0f5fd3c454.jpg,caterpillar,leaf,sitting on,1,calib,spatial,Positive,1.34375,1.34375,1.359375,0.515625,0.515625,0.546875,4.625
d2343d20f7cc6e48.jpg,butterfly,pink flower,sitting on,1,eval,spatial,Positive,-0.78125,-0.84375,-0.875,1.015625,0.40625,1.078125,0.640625
c5a5058c603f97fe.jpg,bag of organic ruffles potato chips,other snacks,sitting on,1,eval,spatial,Positive,3.0,-0.453125,3.171875,1.375,-0.046875,1.4218749403953552,1.875
1a9d5f7cc9a88a1d.jpg,cup,table,sitting on,1,eval,spatial,Positive,0.71875,0.71875,0.96875,0.28125,0.28125,0.3125,3.515625
f2502da756e59e5f.jpg,blue can of drink,table,sitting on,1,eval,spatial,Opposite,5.296875,0.796875,3.9375,0.6875,0.703125,-0.015625,6.78125
0750b7f443d6e3be.jpg,lizard,rock,sitting on,1,calib,spatial,Positive,3.3749999403953552,4.84375,3.546875,3.03125,2.0156250596046448,3.015625,3.9375
3f4f9e6257355eea.jpg,cowboy hat,blue surface,sitting on,1,calib,spatial,Positive,2.984375,2.984375,3.359375,1.671875,1.671875,1.7031250596046448,2.65625
43197f53dc624b26.jpg,cup,saucer,sitting on,1,eval,spatial,Positive,0.578125,1.203125,3.421875,0.640625,0.34375,1.8437499403953552,4.21875
12bf58041aa68451.jpg,frog,leaf,sitting on,1,eval,spatial,Positive,2.15625,3.5625,3.3125,2.1250001192092896,2.8437501192092896,2.8437501192092896,3.59375
f2502da756e59e5f.jpg,beer can,yellow counter,sitting on,1,eval,spatial,Positive,1.5,-0.03125,1.453125,0.8125,0.4999999403953552,0.71875,3.828125
9f54ccb313cb4864.jpg,bag of buttered popcorn,person's lap,sitting on,1,eval,spatial,Positive,0.8125,0.8125,0.890625,2.109375,2.109375,2.265625,3.625
4db426cab3ef158b.jpg,bowl of pears,wooden counter,sitting on,1,eval,spatial,Positive,4.140625,4.140625,3.921875,2.984375,2.984375,3.0,5.21875
c7f0bce24ad7d792.jpg,bird,branch,sitting on,1,eval,spatial,Positive,0.5625,0.5625,0.53125,1.859375,1.859375,1.703125,5.0
e4aff6763fc4cf84.jpg,green insect,leaf,sitting on,1,calib,spatial,Positive,1.984375,2.484375,2.5,2.0000000596046448,2.625,2.5625,4.75
64bffc40f0d073fe.jpg,stuffed panda,shelf,sitting on,1,eval,spatial,Positive,-0.28125,-0.4375,-0.515625,1.375,1.53125,1.546875,-1.546875
12e9b18caa0fcc6d.jpg,helicopter,tarmac,sitting on,1,calib,spatial,Positive,2.09375,0.609375,4.109375,1.625,0.40625,1.703125,4.46875
ac5cb1e70666bd27.jpg,wooden gun,pink tripod,sitting on,1,eval,spatial,Positive,1.125,1.125,0.953125,1.25,1.25,1.046875,4.03125
855dffdd4d2bb84e.jpg,lobster,plate,sitting on,1,calib,spatial,Positive,1.1920928955078125e-07,0.046875,2.375,0.625,0.5625000596046448,2.359375,1.859375
05fb96a824503d43.jpg,turtle,grass,sitting on,1,eval,spatial,Positive,0.5,1.453125,1.8125000596046448,2.140625,2.25,2.234375,1.359375
5cb3f6d9febbf357.jpg,white pool ball,green pool table,sitting on,1,calib,spatial,Positive,1.09375,2.84375,3.578125,1.09375,1.6093750596046448,2.2968750596046448,3.859375
4ad6955cadc6eafa.jpg,woman,suede chair,sitting on,1,eval,spatial,Positive,-0.234375,1.125,1.15625,2.265625,3.3281249403953552,3.140625,-0.359375
0451aa5cf163feab.jpg,butterfly,pink flower,sitting on,1,calib,spatial,Positive,1.34375,-0.421875,1.53125,1.7500001192092896,0.03125011920928955,1.7812501192092896,1.25
7dd088a7971162ec.jpg,soldier,cannon,sitting on,1,eval,spatial,Positive,0.25,1.578125,1.59375,-0.10937505960464478,0.921875,1.3906250596046448,1.578125
deaa0a53a0435084.jpg,dragonfly,blade of grass,sitting on,1,eval,spatial,Positive,0.1875,-0.09375,-0.09375,1.328125,1.171875,1.15625,1.6875
67bb81df42352db9.jpg,boy,paddleboard,sitting on,1,calib,spatial,Opposite,1.28125,0.40625,1.53125,0.20312505960464478,0.5,0.3906250596046448,3.0
7c33a5bb544ecf66.jpg,hamster,table cloth,sitting on,1,eval,spatial,Positive,1.59375,6.5156251192092896,6.578125,1.7343750596046448,3.390625,3.359375,4.578125
ba9cb8884bf69279.jpg,man,rug,sitting on,1,eval,spatial,Positive,3.125,3.859375,3.171875,0.953125,1.859375,1.484375,4.390625
0797018d2a50a577.jpg,picnic basket,metal table,sitting on,1,calib,spatial,Positive,2.6875000596046448,2.6875000596046448,2.6875,1.921875,1.921875,1.9375,3.4375
483cda6a77505e11.jpg,bottle,table,sitting on,1,eval,spatial,Positive,3.515625,3.515625,3.9375,0.640625,0.640625,0.75,6.109375
74dd9cd93e3fd507.jpg,lizard,rock,sitting on,1,eval,spatial,Positive,1.859375,3.6874999403953552,2.4374999403953552,2.2656249403953552,0.796875,2.28125,3.0
0cb1d3d86f9b2b4a.jpg,tiara,turn table,sitting on,1,eval,spatial,Positive,0.953125,0.953125,1.078125,1.046875,1.046875,1.03125,3.4375
c5f1de5718e6342b.jpg,man,bench,sitting on,1,eval,spatial,Positive,2.234375,2.234375,2.1875,1.640625,1.640625,1.484375,4.5
a09c0a09a49ec6ec.jpg,scorpion,rock,sitting on,1,eval,spatial,Positive,0.78125,4.031249940395355,3.9218749403953552,0.515625,1.28125,1.25,3.234375
1e45fc409ab318ab.jpg,old fashioned cash register,desk,sitting on,1,calib,spatial,Positive,1.5,1.09375,2.53125,1.2968750596046448,0.25000011920928955,2.171875,4.5625
4e555f6453a7db12.jpg,girl,floor,sitting on,1,eval,spatial,Opposite,-0.96875,-0.07812494039535522,-1.6718749403953552,1.265625,0.7343750596046448,1.515625,-0.734375
8302f7352b501bc4.jpg,woman,black leather couch,sitting on,1,eval,spatial,Positive,0.78125,3.78125,2.296875,3.46875,3.8593749403953552,3.3125,3.515625
2c209664cc9be9e6.jpg,woman,wheelbarrow,sitting on,1,eval,spatial,Opposite,1.453125,3.03125,2.453125,1.6093751192092896,2.5468750596046448,1.2500001192092896,1.59375
45c5db396573df4c.jpg,monkey,tree,sitting on,1,eval,spatial,Positive,-0.031250059604644775,0.7499999403953552,0.7499999403953552,0.5625000596046448,1.3281250596046448,1.3281250596046448,-0.8750000596046448
947e02b76707f4ee.jpg,raven,log,sitting on,1,calib,spatial,Positive,5.140625,1.21875,5.078125,2.3749999403953552,0.7031249403953552,2.875,4.59375
02eaecd683dbdb9f.jpg,cup of coffee,saucer,sitting on,1,calib,spatial,Positive,0.578125,0.34375011920928955,0.3125,-0.171875,-0.265625,-0.28125,2.234375
4edec884ed5ca2ba.jpg,tiara,table,sitting on,1,calib,spatial,Positive,1.65625,0.1875,1.5625,1.5937500596046448,0.390625,1.6718749403953552,3.328125
3a5dd291059144bb.jpg,boy,sculpture,sitting on,1,eval,spatial,Positive,4.546875,4.84375,4.8125,2.03125,1.828125,1.796875,4.515625
3c14d0bf2ce0fc43.jpg,bird,snow,standing on,1,eval,spatial,Positive,1.34375,3.03125,3.265625,1.1875,2.109375,2.15625,2.359375
e6a6d650481599ba.jpg,man,rink,standing on,0,calib,spatial,Random,-3.4531249403953552,-2.5781249403953552,-3.2499999403953552,-0.25,-0.109375,-0.7187499403953552,-0.9374999403953552
48abd1db27d7de96.jpg,woman,balance beam,standing on,1,eval,spatial,Opposite,1.5468750596046448,0.0,1.5468750596046448,2.4218749403953552,0.0,2.4218749403953552,2.25
6e58d8b2c269091b.jpg,gray parrot,bookcase,standing on,0,eval,spatial,Opposite,-0.71875,-0.71875,-0.8125,0.8906250596046448,0.8906250596046448,0.9843750596046448,-1.03125
f7f83ef0ae3406b2.jpg,woman,surfboard,standing on,1,eval,spatial,Positive,0.984375,1.265625,1.890625,1.15625,0.78125,1.15625,2.984375
a8c4da25c90c4245.jpg,girl,beach,standing on,0,eval,spatial,Opposite,-5.015625,-0.875,-5.0625,-0.34375,-0.328125,-0.3125,-2.671875
da141ae39195c141.jpg,person,paddleboard,standing on,1,eval,spatial,Opposite,1.59375,-0.15625,1.078125,1.21875,0.15625,0.96875,4.34375
6f804844ccc5126b.jpg,man,segway,standing on,0,eval,spatial,Opposite,0.78125,-0.125,0.46875,0.5156248807907104,0.5156249403953552,0.4062499403953552,3.265625
7f58d35e931e4bd7.jpg,dog,sidewalk,standing on,1,calib,spatial,Positive,3.1718750596046448,0.453125,2.515625,2.5156250596046448,0.1875,2.34375,3.9375
537843c1be04501c.jpg,woman,paddle board,standing on,0,eval,spatial,Opposite,-0.859375,0.375,-1.109375,0.2812499403953552,0.171875,-0.125,2.015625
bfb906dcdef46ad3.jpg,wok,wooden table,standing on,1,calib,spatial,Opposite,2.2499999403953552,3.625,3.4375,0.7343749403953552,1.546875,1.53125,3.203125
12bf58041aa68451.jpg,frog,leaf,standing on,0,eval,spatial,Opposite,-0.4531250596046448,0.7499999403953552,0.4999999403953552,0.96875,1.8437499403953552,1.8437499403953552,0.5937499403953552
19682f51b9c5e5d5.jpg,goat,rocky hillside,standing on,1,calib,spatial,Positive,2.140625,7.140625,7.203125,1.796875,2.625,2.625,4.4375
ca3ef34d7304dd6c.jpg,woman,steps,standing on,0,eval,spatial,Opposite,0.90625,5.484375,4.96875,2.1875000596046448,2.4843749403953552,2.328125,4.359375
6eb70509fcd7d06b.jpg,rooster,wooden ledge,standing on,1,eval,spatial,Opposite,4.171875,3.9531249403953552,4.546875,2.4687499403953552,1.9375,2.796875,4.78125
1ae697dce5fa2a7d.jpg,woman,red carpet,standing on,1,calib,spatial,Opposite,1.390625,2.03125,4.53125,1.515625,2.234375,3.828125,5.796875
8fe72eeea90087b1.jpg,scorpion,yellow cloth mat,standing on,1,calib,spatial,Positive,1.53125,4.65625,4.65625,0.7968749403953552,1.0625,1.2968749403953552,4.515625
718c095fff3885ae.jpg,penguin,rock,standing on,1,eval,spatial,Positive,4.046875,-0.171875,2.578125,2.2812498211860657,0.7656249403953552,2.0312499403953552,2.84375
3220be9141f2d703.jpg,person,surfboard,standing on,1,calib,spatial,Positive,0.640625,0.546875,0.96875,0.5937499403953552,-0.06250005960464478,0.5937499403953552,3.765625
9aea7f9fcea795d1.jpg,girl,bridge,standing on,1,eval,spatial,Positive,1.375,2.671875,2.78125,1.078125,1.453125,1.421875,4.28125
dacedf7e8c932390.jpg,man,grey car,standing on,1,eval,spatial,Positive,1.375,3.09375,3.140625,-0.2812500596046448,0.4531249403953552,0.4531249403953552,3.0
3994011ca62ac82b.jpg,black puppy,grass,standing on,1,eval,spatial,Positive,3.4375,5.078125,5.046875,1.234375,1.40625,1.375,5.25
50c532b8fc3c8d01.jpg,woman,ice rink,standing on,1,calib,spatial,Opposite,0.875,0.4375,5.375,2.9687500596046448,2.265625,4.09375,3.765625
2f8519bef8ae1be2.jpg,man,snowboard,standing on,1,calib,spatial,Opposite,0.28125,-0.265625,1.46875,1.5625000596046448,1.203125,2.28125,2.5
3387777401546bd3.jpg,man,gondola,standing on,1,eval,spatial,Positive,0.40625,-0.640625,-0.65625,-0.203125,-1.078125,-1.140625,3.484375
ee55097d1850379c.jpg,man,surfboard,standing on,1,calib,spatial,Positive,0.671875,0.65625,1.421875,1.546875,0.21875,1.5937499403953552,2.515625
12da3a07afc25d88.jpg,yellow bird,white fence,standing on,1,eval,spatial,Positive,0.4218749403953552,0.875,0.90625,1.1406248807907104,1.8906249403953552,1.9531249403953552,-0.265625
102d76f8b798eaec.jpg,polar bear,rock,standing on,1,eval,spatial,Positive,1.171875,1.171875,0.8750000596046448,0.65625,0.65625,0.75,1.53125
128bbc3d96aced53.jpg,goat,grass,standing on,1,eval,spatial,Positive,0.671875,5.078125,4.984375,0.09374994039535522,2.0937499403953552,2.0781250596046448,5.0625
947e02b76707f4ee.jpg,raven,dead log,standing on,1,calib,spatial,Opposite,5.3125,1.890625,5.203125,1.8906248807907104,0.8281249403953552,2.4843748807907104,5.28125
3b02824d888ae0ee.jpg,bird,field,standing on,1,eval,spatial,Positive,-0.8906249403953552,-0.8906249403953552,-0.9374999403953552,0.14062494039535522,0.14062494039535522,0.1875,0.6093750596046448
e8b7885f8989f539.jpg,man,surfboard,standing on,1,calib,spatial,Positive,2.640625,1.296875,1.171875,1.390625,-0.09375,1.265625,1.078125
cd84ccf68f0e4d23.jpg,scorpion,ground,standing on,1,eval,spatial,Positive,1.875,1.875,1.7499998807907104,0.484375,0.484375,0.40625,3.578125
9733ea3be904c0e5.jpg,woman,deck of the building,standing on,1,eval,spatial,Positive,2.09375,2.09375,2.0,0.6875000596046448,0.6875000596046448,0.71875,4.125
bafecb74232402fe.jpg,candles,counter,standing on,1,eval,spatial,Opposite,1.359375,-0.65625,1.046875,0.109375,-0.2500000596046448,0.07812494039535522,2.140625
2e5805948a6c401c.jpg,rabbit,hind legs,standing on,1,eval,spatial,Positive,0.6093750596046448,0.6093750596046448,0.5781249403953552,3.0468751192092896,3.0468751192092896,3.0468751192092896,0.125
4b73b48c7858ae18.jpg,studio couch,large table,near,1,eval,spatial,Positive,1.421875,1.125,1.5625,1.953125,1.5625,2.171875,4.0625
1be63da150641ede.jpg,snowman,woods,near,0,eval,spatial,Opposite,0.5,1.15625,2.203125,0.015625,1.625,2.890625,4.71875
57711acbb13dc757.jpg,cow,fence,near,1,calib,spatial,Positive,3.625,2.4375,3.90625,3.90625,3.53125,4.265625,4.65625
12429c1a9d340911.jpg,luxury suv,meter,near,0,eval,spatial,Opposite,3.140625,3.140625,3.078125,3.625,3.625,3.546875,5.765625
40e3252f39eee5d3.jpg,sink,window,near,1,eval,spatial,Positive,0.578125,1.984375,2.03125,0.609375,1.34375,1.921875,6.28125
0b4739147c335514.jpg,tower,body of water,near,0,eval,spatial,Opposite,-0.734375,-0.734375,-0.9062499403953552,0.515625,0.515625,1.0625,-0.125
d6db7584e8734c0d.jpg,people,bull,near,1,eval,spatial,Positive,1.578125,1.578125,2.59375,2.296875,2.296875,2.7031249403953552,6.1875
6abc53cd80bb2f83.jpg,men wearing hats,carts,near,1,calib,spatial,Positive,0.5625,8.515625,8.484375,0.203125,4.140624940395355,4.15625,6.25
0af4ba8fd2a7e628.jpg,sink,bathtub,near,1,eval,spatial,Positive,4.140625,4.546875,4.5625,3.234375,3.953125,4.0,5.59375
363c92c6711e4380.jpg,sparrow,flower,near,1,calib,spatial,Positive,1.078125,1.921875,2.015625,2.84375,1.671875,3.1874999403953552,5.34375
eec6d050a12fec7d.jpg,tower,skyscraper,near,1,calib,spatial,Positive,0.140625,0.15625,0.390625,0.90625,1.171875,1.5625,2.703125
41c7ee95543af458.jpg,people,coca-cola tents,near,1,eval,spatial,Positive,0.546875,0.546875,0.609375,0.515625,0.6875,0.6875,10.4375
d9ee0aa080c3f5a1.jpg,round wooden table,chairs,near,1,eval,spatial,Opposite,1.453125,0.46875,1.375,2.65625,0.359375,3.2031250596046448,4.046875
ce10b909451393b7.jpg,chest of drawers,trash can,near,1,eval,spatial,Positive,6.96875,6.21875,6.53125,3.984375,3.015625,3.8125,3.75
eada86bb7ee98792.jpg,sink,window,near,1,calib,spatial,Positive,1.40625,1.671875,1.609375,1.4843748807907104,1.9375,1.796875,4.625
b655ede651e45487.jpg,sink,bottles,near,1,eval,spatial,Positive,0.125,0.109375,0.328125,1.96875,0.265625,2.359375,4.78125
0e7294d6ce0c1ee3.jpg,dog,people,near,1,eval,spatial,Positive,1.921875,1.90625,2.421875,3.359375,2.453125,4.265625,6.453125
9c1cc45179a1aaba.jpg,chair,couch,near,1,eval,spatial,Positive,-0.171875,0.203125,0.71875,1.0625,0.765625,1.40625,2.65625
ce442e81fded4107.jpg,desk,bunk beds,near,1,calib,spatial,Positive,-0.28125,0.5,0.578125,0.984375,0.453125,0.765625,3.5625
18b98c98a23f9933.jpg,limousine,tree,near,1,calib,spatial,Positive,3.2656251192092896,0.3125,3.453125,4.90625,0.765625,4.96875,5.21875
0dda17bcb0902e25.jpg,man,turtle sculpture,near,1,eval,spatial,Positive,1.53125,0.328125,1.546875,2.03125,1.28125,2.375,4.546875
f19ecb261dd1a702.jpg,people,blue tent,near,1,eval,spatial,Positive,1.234375,3.9375,4.25,0.21875,2.265625,2.25,5.953125
87b4844e765307ba.jpg,man,projector,near,1,eval,spatial,Positive,0.296875,-0.078125,0.328125,0.921875,0.0,0.921875,4.5
d8518955bf6a1750.jpg,building,street,near,1,eval,spatial,Positive,0.40625,0.40625,0.4375,0.5,0.5,0.484375,3.90625
302ab17223216c43.jpg,person,silver car,near,1,eval,spatial,Positive,-0.171875,1.4375,2.015625,1.6093751192092896,1.46875,1.8125,4.8125
b1c485d8b49064b8.jpg,lemon,water,near,1,calib,spatial,Positive,0.203125,3.9375,5.515624940395355,0.9375,3.40625,3.984375,6.140625
bd12ea92bcab1afd.jpg,black car,storm grate,near,1,eval,spatial,Positive,-1.109375,-1.109375,-0.984375,0.4062497615814209,0.4062497615814209,0.46875,3.40625
a66441ac9862bd96.jpg,insect,purple flowers,near,1,calib,spatial,Positive,1.765625,0.625,1.859375,1.96875,-0.109375,2.078125,4.15625
d0bbfdd40af35fcc.jpg,coffee cup,silver item,near,1,calib,spatial,Positive,2.359375,2.609375,5.28125,2.4375,3.28125,7.265624940395355,6.90625
f5288d905c37663c.jpg,woman,trash cans,near,1,calib,spatial,Positive,6.359375,3.125,6.609374940395355,4.1875,1.09375,3.8125,6.15625
63704d1bbcd07d02.jpg,car,field,near,1,eval,spatial,Positive,2.578125,4.0,3.421875,2.828125,1.234375,2.921875,6.234375
a202156cdcee0cb1.jpg,boat,buildings,near,1,calib,spatial,Positive,0.34375,0.59375,1.5625,0.546875,1.65625,1.765625,6.546875
c7d96e7900e063e1.jpg,christmas tree,green cabinet,near,1,calib,spatial,Positive,0.84375,4.90625,4.9375,1.40625,5.375,5.375,6.6875
887113740f7d7548.jpg,skyscraper,train system,near,1,eval,spatial,Positive,0.40625,2.453125,2.78125,0.046875,2.234375,2.53125,5.96875
dff6f60afdd03e92.jpg,large wheel of the tractor,man,near,1,calib,spatial,Opposite,1.0625,2.15625,2.046875,1.171875,2.265625,2.828125,4.640625
1db3793d7c84faa1.jpg,limousine,sidewalk,near,1,eval,spatial,Positive,2.421875,2.203125,2.4375,3.65625,3.46875,3.703125,3.65625
1f5cf6e96f0e0690.jpg,computer,screen,in front of,1,eval,spatial,Positive,-0.046875,-0.09375,-5.960464477539063e-08,-0.609375,-0.65625,-0.703125,0.5625
e9b6333284bec5b5.jpg,dog,rifle,in front of,0,calib,spatial,Positive,2.53125,3.4375,2.515625,2.125,1.078125,0.953125,2.03125
af7c6395e7fdbeb5.jpg,beer glass,people,in front of,1,eval,spatial,Positive,1.515625,0.859375,2.203125,1.46875,-0.21875,1.1093750596046448,3.578125
0fa22c0df9c6f3c6.jpg,man,taj mahal,in front of,0,eval,spatial,Opposite,0.890625,2.2812499403953552,2.28125,0.20312488079071045,1.3124998807907104,1.6406248807907104,3.265625
0485fd5533a9a837.jpg,kangaroo,bushes,in front of,1,calib,spatial,Positive,3.734375,4.171874940395355,3.71875,2.8125,2.90625,2.640625,3.40625
46b1e160e19f7080.jpg,couple,wood paneled wall,in front of,0,eval,spatial,Opposite.,2.453125,4.2187498807907104,4.28125,4.03125,4.015625,4.359375,2.34375
59b371efc0009dad.jpg,car,trees,in front of,1,eval,spatial,Positive,0.140625,-0.25,0.125,0.25,0.125,0.53125,2.234375
82560833eab971a5.jpg,people,food stand,in front of,0,eval,spatial,Opposite,1.375,0.453125,1.375,0.578125,0.0,0.4531250596046448,5.703125
75a5942a2f0a04eb.jpg,bagel,cake,in front of,1,eval,spatial,Opposite,2.421875,1.6875,2.1875,1.4374999403953552,0.484375,1.4062499403953552,2.203125
59a9abf74e5b31a3.jpg,train,red car,in front of,0,eval,spatial,Opposite,2.1875,1.28125,2.390625,2.296875,1.3437500596046448,2.3281250596046448,2.78125
68624a5135fb2f39.jpg,man,podium,in front of,1,calib,spatial,Positive,0.484375,-0.4375,0.921875,0.0625,-0.421875,0.703125,4.53125
4037daacf65afd17.jpg,man,large structure,in front of,0,eval,spatial,Positive,-0.96875,0.765625,0.71875,0.5312501192092896,0.640625,0.6562498807907104,1.90625
464b7d197826674d.jpg,bench,water,in front of,1,eval,spatial,Positive,1.5625,1.5625,1.515625,1.9218750596046448,1.9218750596046448,2.0156249403953552,3.4375
b18f7b35bdb3c8d9.jpg,man,blue backdrop,in front of,0,eval,spatial,Opposite,0.46875,3.0000000596046448,3.015625,2.125,3.609375,4.078124940395355,3.453125
3994011ca62ac82b.jpg,black puppy,larger puppy,in front of,1,eval,spatial,Positive,3.453125,2.796875,3.703125,2.3125,1.34375,1.84375,1.9375
28f45b12ee25ae19.jpg,girl,bookshelf,in front of,1,eval,spatial,Positive,3.546875,3.125,3.28125,1.78125,0.46875,1.484375,4.171875
3e49a1c1b227ea28.jpg,man,chalkboard,in front of,1,eval,spatial,Opposite,1.265625,-0.859375,0.953125,-0.640625,-1.6250001192092896,-0.9375,1.34375
0f731adcd7458c2b.jpg,dog,television,in front of,1,calib,spatial,Positive,2.46875,1.21875,1.828125,1.9843749403953552,-0.03125,1.125,3.90625
4039b8cc5d440313.jpg,blue bus,trees,in front of,1,eval,spatial,Positive,2.90625,2.90625,3.0625,2.296875,2.296875,2.484375,4.671875
e40cea9dec7abb73.jpg,antelope,tree,in front of,1,eval,spatial,Positive,2.40625,1.0625,2.09375,0.75,0.015625,0.875,3.59375
cfbed1f15e5f06c6.jpg,blue golf cart,red golf cart,in front of,1,calib,spatial,Positive,2.1875,2.0,2.546875,1.96875,2.5,2.3281249403953552,2.390625
fb214437fd81f122.jpg,blue car,woman,in front of,1,calib,spatial,Positive,0.09375,-0.875,0.09375,2.140625,0.453125,2.1562499403953552,0.84375
6dc9c50218de115b.jpg,man,chalkboard,in front of,1,eval,spatial,Positive,0.265625,1.421875,1.875,1.359375,1.0,0.828125,1.703125
d5bc065dcbf157d6.jpg,red convertible ferrari,large building,in front of,1,eval,spatial,Positive,2.03125,2.515625,3.578125,2.390625,1.046875,2.75,5.078125
63704d1bbcd07d02.jpg,car,field,in front of,1,eval,spatial,Opposite,1.828125,0.32812488079071045,1.578125,2.03125,0.40625,2.234375,2.234375
27c41bbdb49d6f5f.jpg,man,computer,in front of,1,eval,spatial,Positive,2.921875,2.078125,2.828125,1.625,0.546875,1.5625,5.765625
948794bfee784412.jpg,dog,potted plants,in front of,1,calib,spatial,Positive,4.078125,1.046875,3.765625,3.421875,0.34375,3.140625,5.53125
0e7294d6ce0c1ee3.jpg,dog,people,in front of,1,eval,spatial,Positive,1.40625,0.578125,1.421875,1.5000000596046448,0.18749988079071045,1.15625,2.265625
8ae3bac7967df4b7.jpg,man,helicopter,in front of,1,eval,spatial,Positive,5.703125,1.96875,4.109375,2.796875,1.0468751192092896,2.375,4.375
5894684a6f19c9a5.jpg,car,church,in front of,1,eval,spatial,Positive,5.109374940395355,5.109374940395355,5.187499940395355,3.3593750596046448,3.3593750596046448,3.3593750596046448,5.765625
e51e3156ed41b3a8.jpg,glass,bottle,in front of,1,eval,spatial,Positive,0.96875,0.875,1.0781249403953552,0.78125,0.515625,0.59375,1.671875
57711acbb13dc757.jpg,bull,fence,in front of,1,calib,spatial,Opposite,1.9218750596046448,0.5625001192092896,2.0,1.1875,-0.046875,1.171875,2.484375
a75bd3ec4cd51c51.jpg,man,microphone,in front of,1,calib,spatial,Positive,3.890625,1.453125,3.875,0.0,-0.140625,0.015625,5.171875
e2d6553151f7231b.jpg,woman,food truck,in front of,1,calib,spatial,Positive,4.328125,7.796875,7.921875,1.140625,1.40625,1.46875,5.453125
3b2444d13b3b30e1.jpg,man,sign,in front of,1,calib,spatial,Positive,6.484375,5.484375,6.3125,2.421875,0.1875,2.34375,4.265625
7596194352869e89.jpg,van,street,on,1,eval,spatial,Positive,1.109375,1.109375,1.375,0.03125,0.03125,0.0625,4.953125
bd12ea92bcab1afd.jpg,black suv,black car,on,0,eval,spatial,Opposite,0.17187511920928955,0.17187511920928955,0.12500011920928955,-0.109375,-0.109375,-0.140625,1.8437501192092896
3a1311935103446d.jpg,car,sidewalk,on,1,eval,spatial,Opposite,1.4375,1.859375,0.625,0.5625,0.296875,-0.421875,3.046875
1db3793d7c84faa1.jpg,stretch limo,wet street,on,0,eval,spatial,Opposite,4.953125,4.953125,4.828125,2.546875,2.546875,2.5,5.75
49595029959689b7.jpg,vehicle,road,on,1,calib,spatial,Positive,0.984375,0.96875,0.9375,0.25,0.23437505960464478,0.09375,3.828125
37c4fa2b815c0b00.jpg,black old-fashioned car,street,on,0,calib,spatial,Opposite,1.1875,1.1875,1.171875,0.7031249403953552,0.7031249403953552,0.6875,3.890625
cf152d085e5ff80e.jpg,truck,lawn,on,1,calib,spatial,Positive,3.609375,4.25,3.828125,2.046875,1.109375,1.8281250596046448,3.78125
e4fabe3c9e27d528.jpg,black classic car,gravel,on,0,calib,spatial,Opposite,1.2968751192092896,1.2968751192092896,1.0000001192092896,3.0,3.0,2.8593749403953552,1.9843751192092896
94a0efb2383b5178.jpg,red truck,side of the road,on,1,eval,spatial,Positive,1.46875,1.46875,1.703125,0.75,0.75,0.8749999403953552,4.890625
cee436168b5e16ed.jpg,dark green car,road,on,0,eval,spatial,Opposite,0.703125,0.703125,0.5625,0.34375,0.34375,0.375,4.078125
16349005622c6450.jpg,motorcycle,road,on,1,eval,spatial,Positive,1.0,0.53125,0.578125,0.14062505960464478,0.796875,0.8124999403953552,3.1875
5894684a6f19c9a5.jpg,red car,side of the street,on,0,eval,spatial,Opposite,3.453125,3.453125,3.5156250596046448,1.265625,1.265625,1.296875,4.5
07d49ad2075e876b.jpg,gray car,side of the street,on,1,calib,spatial,Positive,-0.0625,-0.0625,-0.0625,0.390625,0.390625,0.359375,3.140625
1d5e24ad2e68770d.jpg,car,road,on,1,eval,spatial,Positive,-0.25,-0.25,-0.265625,0.46875,0.46875,0.390625,2.65625
321da37c33ba3ce7.jpg,taxi,road,on,1,eval,spatial,Positive,1.0,0.46875,1.5625,0.703125,0.2500000596046448,0.78125,4.390625
e742e284c7c9da96.jpg,car,side of the road,on,1,eval,spatial,Positive,-0.40625,-0.40625,-0.375,0.1875,0.1875,0.1875,4.109375
a94c4223d45aaf34.jpg,antique car,grass,on,1,eval,spatial,Positive,2.859375,1.9375,2.5625,3.203125,2.6718750596046448,2.953125,5.265625
8bd2f596a7e0d2eb.jpg,yellow car,grass,on,1,calib,spatial,Positive,2.203125,2.203125,2.296875,2.921875,2.921875,2.703125,4.578125
3168f721ef150091.jpg,silver car,gravel road,on,1,calib,spatial,Positive,1.546875,1.546875,1.390625,1.8281251192092896,1.8281251192092896,1.7343751192092896,3.921875
a46091cf102d43aa.jpg,small airplane,grass,on,1,eval,spatial,Positive,3.921875,3.921875,3.703125,3.6562499403953552,3.6562499403953552,3.6093750596046448,5.921875
6042faf71b128601.jpg,red car,grass,on,1,calib,spatial,Positive,2.90625,2.90625,2.6875,2.34375,2.34375,2.203125,5.5625
f8a296c18fefa1e5.jpg,red car,grass,on,1,eval,spatial,Positive,4.890625,2.5625,3.890625,4.15625,1.984375,3.7343749403953552,5.25
867cf6cc9a1c2acf.jpg,white car,road,on,1,calib,spatial,Positive,0.875,0.875,0.890625,0.2500000596046448,0.2500000596046448,0.21875,4.65625
775ac6a03dbec98c.jpg,silver car,side of the road,on,1,calib,spatial,Positive,0.21875,0.21875,-0.28125,-0.5624999403953552,-0.5624999403953552,-0.859375,3.546875
1cdd5f88863aec33.jpg,motorcycle,sidewalk,on,1,calib,spatial,Positive,1.890625,2.0,2.015625,1.359375,1.3906250596046448,1.2968749403953552,3.359375
12429c1a9d340911.jpg,black suv,flowers,behind,1,eval,spatial,Positive,1.1875,1.1875,1.40625,3.578125,3.578125,3.75,4.03125
a96f938d1ed1fdc5.jpg,man,trees,behind,0,eval,spatial,Opposite,0.109375,0.9375,0.0625,0.078125,0.390625,-0.15625,-0.296875
d0ae7b86f30a2f57.jpg,ostrich,fence,behind,1,calib,spatial,Positive,1.359375,0.875,1.6249999403953552,1.328125,1.34375,1.34375,2.421875
7092b10448a58362.jpg,red car,other cars,behind,0,calib,spatial,Opposite,-0.609375,0.0625,-0.640625,-0.453125,0.203125,-0.3124999403953552,1.828125
cecebfac91ae2c38.jpg,man,counter,behind,1,eval,spatial,Opposite,-0.4375,0.0625,-1.125,1.0937500596046448,0.609375,0.84375,1.5625
ce97f7bc90e97109.jpg,red car,black suv,behind,0,eval,spatial,Opposite,-0.3906249403953552,-0.515625,-0.4375,-5.960464477539063e-08,-0.0625,-0.015625,0.484375
952dd90f8d1024bd.jpg,girl,car,behind,1,eval,spatial,Positive,0.203125,2.515625,2.53125,0.640625,2.3125,2.34375,3.125
255bfaef93b509cf.jpg,truck,plume of smoke,behind,0,eval,spatial,Opposite,-0.859375,2.890625,0.28125,-0.09375,1.1406250596046448,0.4062500596046448,2.890625
5186be6866db2e1c.jpg,red sports car,another car on the road,behind,1,eval,spatial,Positive,-0.46875,-0.46875,-0.546875,-0.20312511920928955,-0.20312511920928955,-0.34375,2.09375
76dc2394748a20de.jpg,person,dog,behind,0,calib,spatial,Positive,0.796875,3.296875,1.4375000596046448,0.5312499403953552,1.46875,1.1874999403953552,2.359375
299f0363ae21d1c3.jpg,blue sports car,commercial van,behind,1,eval,spatial,Positive,2.0312498807907104,-0.140625,2.0781251192092896,1.0625,0.0,1.0625,4.015625
64c9f3614d5e8168.jpg,scooter,skateboard,behind,0,eval,spatial,Opposite,0.765625,0.765625,0.9218749403953552,0.0625,0.0625,0.15625,1.65625
84930606ad9bc457.jpg,woman,counter,behind,1,eval,spatial,Opposite,-1.1562501192092896,0.5781248807907104,-0.9062501192092896,0.109375,0.484375,0.40625,1.9062498807907104
299f0363ae21d1c3.jpg,blue lotus,vehicle advertising jennie's flowers,behind,0,eval,spatial,Opposite,1.1093751192092896,-0.4375,1.1093748807907104,0.53125,0.078125,0.484375,2.78125
8617694c95033edf.jpg,man,mule,behind,1,eval,spatial,Positive,0.0625,0.796875,0.59375,0.07812494039535522,0.78125,0.703125,1.84375
cc2a3e52994f7b80.jpg,lynx,tree,behind,0,eval,spatial,Opposite,0.125,-0.453125,0.578125,0.078125,0.109375,0.046875,1.65625
7fa8b4a5f88946e4.jpg,giraffe,zebras,behind,1,eval,spatial,Positive,2.28125,3.8125,3.125,1.390625,1.984375,1.703125,2.234375
b2ff1ad9c720c837.jpg,man,woman,behind,1,calib,spatial,Opposite,0.390625,0.734375,-0.203125,0.578125,0.53125,0.125,2.171875
6ebc35666d60f5e2.jpg,white lily,green wet plants,on top of,1,eval,spatial,Positive,0.890625,0.890625,1.0625,2.15625,2.15625,2.234375,4.0
a62462153630add0.jpg,owl,red suitcase,on top of,0,eval,spatial,Opposite,1.15625,0.265625,1.859375,1.046875,0.59375,1.34375,5.203125
fc82096621a3bf96.jpg,sugar coated baked good,white plate,on top of,1,calib,spatial,Positive,1.78125,0.796875,2.15625,0.65625,1.328125,2.4375,6.890625
ac5cb1e70666bd27.jpg,rifle with a scope,purple tripod,on top of,0,eval,spatial,Opposite,2.96875,2.96875,3.0,3.921875,3.921875,3.9375000596046448,5.25
c8a4a228c9df91ef.jpg,man,mountain,on top of,1,eval,spatial,Positive,1.703125,5.484375,5.53125,0.6406250596046448,0.7500000596046448,0.765625,5.21875
c269b0d43c7ef12f.jpg,scoop of ice cream,stack of pancakes,on top of,1,eval,spatial,Positive,5.28125,5.203125059604645,4.890625,3.921875,3.5781249403953552,4.046875,4.65625
f0f3cbd5ccd82bd8.jpg,plate,table,on top of,1,calib,spatial,Opposite,2.078125,2.15625,2.109375,0.734375,1.5625,1.578125,3.359375
a3aade02e5418967.jpg,bowl,red plate,on top of,1,eval,spatial,Positive,0.765625,4.40625,4.40625,0.859375,4.359375,4.28125,4.140625
ee066cfc214185cb.jpg,plate,placemat,on top of,1,calib,spatial,Positive,2.046875,0.5,1.375,1.40625,0.734375,1.8437499403953552,2.5
c1e61b37a07c748f.jpg,doughnut,paper bag,on top of,1,eval,spatial,Positive,2.765625,2.703125,2.984375,2.234375,3.546875,3.7343750596046448,3.65625
89cd3ed1aa28cc13.jpg,mummy doll,picnic basket,on top of,1,calib,spatial,Positive,3.578125,2.453125,3.578125,3.25,1.6875,2.984375,4.890625
37aa4955abe6f603.jpg,egg,bread,on top of,1,calib,spatial,Positive,0.359375,0.375,0.375,1.0,1.03125,1.015625,3.0625
150612cbff32ca98.jpg,hamster,couch,on top of,1,eval,spatial,Positive,-0.4375,-0.4375,-0.421875,0.96875,0.96875,0.890625,1.015625
1c63f023a27a8a05.jpg,lighthouse,mountain,on top of,1,eval,spatial,Opposite,-0.515625,1.59375,1.0468750596046448,0.34375011920928955,0.15625005960464478,1.1875000596046448,1.828125
1cadca0d3ff6e185.jpg,vase,small table,on top of,1,calib,spatial,Positive,0.96875,2.359375,3.703125,1.0,1.5156251192092896,2.9843749403953552,5.09375
34b8358262d2a434.jpg,blue starfish,rock,on top of,1,eval,spatial,Positive,-0.484375,-0.546875,-0.359375,0.640625,0.26562488079071045,0.71875,1.578125
805d2f6bfb4f5cba.jpg,sink,mirror,under,1,calib,spatial,Positive,0.0625,1.8125,2.015625,-0.140625,0.2968749403953552,0.21875,3.484375
b6f26c9d7c6667c5.jpg,bed,lamp,under,0,eval,spatial,Positive,0.34375,-0.03125,0.34375,2.421875,0.65625,2.421875,0.375
2f666bfe74564b04.jpg,sewing machine,lamp,under,1,calib,spatial,Positive,1.71875,1.71875,1.625,1.1718749403953552,1.1718749403953552,1.1093748807907104,3.75
a7b31e5f2ca9a02f.jpg,child,cushion fort,under,1,calib,spatial,Positive,3.09375,5.21875,5.28125,1.53125,2.515625,2.5468749403953552,4.625
28bd6c6b1050e055.jpg,cat,front tire of the black car,under,1,calib,spatial,Positive,3.875,2.59375,4.109375,0.890625,0.8437499403953552,1.015625,2.515625
40e3252f39eee5d3.jpg,sink,faucet,under,1,eval,spatial,Opposite,0.46875,1.390625,1.390625,0.140625,1.0156249403953552,0.96875,3.09375
9ddd7110b59880c8.jpg,saucer,tea cup,under,1,calib,spatial,Opposite,1.328125,2.5,2.34375,0.5625,1.25,2.78125,3.875
920cdf2d9f5a8b82.jpg,van,wooden roof,under,1,calib,spatial,Positive,1.1875,0.4375,4.125000059604645,2.140625,0.171875,3.0156249403953552,4.75
182268e1f8c6525f.jpg,orange car,tree,under,1,eval,spatial,Positive,-0.015625,-0.015625,0.07812488079071045,-0.125,-0.125,-0.15624994039535522,2.015625
71c022fa0b5b7ec6.jpg,dresser,window,under,1,eval,spatial,Opposite,2.125,2.1875,1.84375,0.53125,0.171875,0.8437499403953552,4.265625
8da3d7c3edb36065.jpg,wine rack,microwave oven,above,1,eval,spatial,Opposite,4.09375,0.40625,2.921875,3.3593749403953552,0.640625,2.65625,5.28125
940e0e3d0364232a.jpg,airplane,flag,above,1,eval,spatial,Positive,3.53125,0.171875,2.703125,2.1406249403953552,0.34375,1.7187499403953552,2.96875
cd1b5b442c1f0274.jpg,bee,purple flowers,above,1,calib,spatial,Positive,3.234375,0.625,2.875,1.875,0.39062511920928955,1.7343750596046448,3.25
9ba56debc7e20d8c.jpg,blue curtain,table,above,1,eval,spatial,Positive,4.71875,2.328125,4.609375,2.5625,2.015625,2.6875,4.5625
8d1e53413cd9c13f.jpg,traffic sign,traffic light,below,1,eval,spatial,Opposite,0.5625,0.90625,0.453125,-0.17187505960464478,0.7343749403953552,0.2656249403953552,1.703125
